번호,종목코드,종목명,시장구분,증권구분,주식종류,상장일,폐지일,폐지사유,정리매매기간_시작일,정리매매기간_종료일,업종,액면가,상장주식수,이전상장후_종목코드,이전상장후_종목명
1,06031012,3S R,KOSDAQ,신주인수권증서,보통주,2012/05/14,2012/05/21,,,,,0,1194422,,
2,00684014,AK홀딩스8R,KOSPI,신주인수권증서,보통주,2014/07/28,2014/08/04,,,,,0,1278299,,
3,1266001D,BGF에코머티리얼즈 12R,KOSDAQ,신주인수권증서,보통주,2023/07/21,2023/07/28,,,,,0,13491309,,
4,13893015,BNK금융지주 8R,KOSPI,신주인수권증서,보통주,2015/12/24,2016/01/05,,,,,0,55969410,,
5,13893014,BS금융지주5R,KOSPI,신주인수권증서,보통주,2014/06/18,2014/06/25,,,,,0,32791220,,
6,03204017,C&S자산관리 34R,KOSDAQ,신주인수권증서,보통주,2017/02/02,2017/02/09,,,,,0,3995063,,
7,0791601D,CJ CGV 10R,KOSPI,신주인수권증서,보통주,2023/08/18,2023/08/25,,,,,0,67178531,,
8,0791601A,CJ CGV 5R,KOSPI,신주인수권증서,보통주,2020/07/03,2020/07/10,,,,,0,11123742,,
9,001049,CJ3우B,KOSPI,주권,신형우선주,2000/01/28,2010/01/13,,,,일반서비스,5000,533173,,
10,097959,CJ제일제당 3우B,KOSPI,주권,신형우선주,2007/09/28,2010/01/13,,,,음식료·담배,5000,313133,,
11,05882016,CMG제약 27R,KOSDAQ,신주인수권증서,보통주,2016/10/18,2016/10/25,,,,,0,19383736,,
12,05882019,CMG제약 31R,KOSDAQ,신주인수권증서,보통주,2019/07/04,2019/07/11,,,,,0,29229146,,
13,13913014,DGB금융지주4R,KOSPI,신주인수권증서,보통주,2014/12/19,2014/12/29,,,,,0,27989966,,
14,0254401E,DH오토웨어 44R,KOSDAQ,신주인수권증서,보통주,2024/11/29,2024/12/06,,,,,0,17992606,,
15,1804001E,DXVX 42R,KOSDAQ,신주인수권증서,보통주,2024/08/21,2024/08/28,,,,,0,18993878,,
16,4186202F,E8 12R,KOSDAQ,신주인수권증서,보통주,2025/11/28,2025/12/05,,,,,0,6990665,,
17,3655501B,ESR켄달스퀘어리츠 5R,KOSPI,신주인수권증서,보통주,2021/11/22,2021/11/29,,,,,0,69817306,,
18,3655501F,ESR켄달스퀘어리츠 6R,KOSPI,신주인수권증서,보통주,2025/06/18,2025/06/25,,,,,0,32989539,,
19,13050017,GH신소재 4R,KOSDAQ,신주인수권증서,보통주,2017/03/22,2017/03/29,,,,,0,3998417,,
20,1305001B,GH신소재 5R,KOSDAQ,신주인수권증서,보통주,2021/08/26,2021/09/02,,,,,0,3537126,,
21,00636014,GS건설 17R,KOSPI,신주인수권증서,보통주,2014/05/16,2014/05/23,,,,,0,15976939,,
22,2948701A,HDC현대산업개발 2R,KOSPI,신주인수권증서,보통주,2020/02/20,2020/02/27,,,,,0,21961947,,
23,0676301E,HLB생명과학 36R,KOSDAQ,신주인수권증서,보통주,2024/05/29,2024/06/05,,,,,0,10969986,,
24,0827401C,HSD엔진 8R,KOSPI,신주인수권증서,보통주,2022/07/14,2022/07/21,,,,,0,10303094,,
25,09952013,ITX시큐리티 9R,KOSDAQ,신주인수권증서,보통주,2013/08/16,2013/08/23,,,,,0,1799410,,
26,09952017,ITX엠투엠 16R,KOSDAQ,신주인수권증서,보통주,2017/10/18,2017/10/25,,,,,0,2398670,,
27,17533013,JB금융지주2R,KOSPI,신주인수권증서,보통주,2013/12/18,2013/12/26,,,,,0,22554337,,
28,17533014,JB금융지주4R,KOSPI,신주인수권증서,보통주,2014/08/18,2014/08/25,,,,,0,21593452,,
29,4323201G,KB스타리츠 3R,KOSPI,신주인수권증서,보통주,2026/03/31,2026/04/07,,,,,0,49343017,,
30,02132014,KCC건설4R,KOSDAQ,신주인수권증서,보통주,2014/05/30,2014/06/10,,,,,0,15598918,,
31,11965016,KC코트렐 5R,KOSPI,신주인수권증서,보통주,2016/05/31,2016/06/08,,,,,0,2397214,,
32,1196501B,KC코트렐 6R,KOSPI,신주인수권증서,보통주,2021/06/23,2021/06/30,,,,,0,3668170,,
33,1196501D,KC코트렐 9R,KOSPI,신주인수권증서,보통주,2023/07/21,2023/07/28,,,,,0,14143271,,
34,09222013,KEC 8R,KOSPI,신주인수권증서,보통주,2013/10/11,2013/10/18,,,,,0,39997435,,
35,09222016,KEC 9R,KOSPI,신주인수권증서,보통주,2016/06/23,2016/06/30,,,,,0,29995805,,
36,10907014,KGP15R,KOSPI,신주인수권증서,보통주,2014/12/12,2014/12/19,,,,,0,17999701,,
37,04644017,KG모빌리언스 13R,KOSDAQ,신주인수권증서,보통주,2017/02/23,2017/03/03,,,,,0,8994941,,
38,0000401A,KR모터스 41R,KOSPI,신주인수권증서,보통주,2020/04/09,2020/04/17,,,,,0,44293929,,
39,0000401E,KR모터스 45R,KOSPI,신주인수권증서,보통주,2024/04/11,2024/04/18,,,,,0,30991237,,
40,0619701G,LB세미콘 9R,KOSDAQ,신주인수권증서,보통주,2026/07/10,2026/07/20,,,,,0,11970900,,
41,0342201E,LG디스플레이 6R,KOSPI,신주인수권증서,보통주,2024/02/19,2024/02/26,,,,,0,113552003,,
42,06657011,LG전자 76R,KOSPI,신주인수권증서,보통주,2011/12/05,2011/12/12,,,,,0,15098623,,
43,2251901F,LK삼양 10R,KOSDAQ,신주인수권증서,보통주,2025/10/24,2025/10/31,,,,,0,19710969,,
44,0603701F,LS마린솔루션 9R,KOSDAQ,신주인수권증서,보통주,2025/07/18,2025/07/25,,,,,0,19553556,,
45,18171015,NHN엔터테인먼트 2R,KOSPI,신주인수권증서,보통주,2015/03/04,2015/03/11,,,,,0,4383852,,
46,4007601F,NH올원리츠 4R,KOSPI,신주인수권증서,보통주,2025/08/14,2025/08/22,,,,,0,11152755,,
47,2184101B,RFHIC 13R,KOSDAQ,신주인수권증서,보통주,2021/06/22,2021/06/29,,,,,0,2777085,,
48,2552201E,SG 10R,KOSDAQ,신주인수권증서,보통주,2024/05/31,2024/06/10,,,,,0,29993664,,
49,0117901G,SKC 10R,KOSPI,신주인수권증서,보통주,2026/04/27,2026/05/06,,,,,0,11598997,,
50,05750012,SKC 솔믹스 12R,KOSDAQ,신주인수권증서,보통주,2012/10/05,2012/10/12,,,,,0,5497132,,
51,2109801G,SK디앤디 12R,KOSPI,신주인수권증서,보통주,2026/09/21,2026/09/30,,,,,0,44676003,,
52,21098018,SK디앤디 6R,KOSPI,신주인수권증서,보통주,2018/12/05,2018/12/12,,,,,0,4089295,,
53,3954001C,SK리츠 1R,KOSPI,신주인수권증서,보통주,2022/07/20,2022/07/27,,,,,0,41502733,,
54,3954001D,SK리츠 4R,KOSPI,신주인수권증서,보통주,2023/09/06,2023/09/13,,,,,0,73545986,,
55,0967701D,SK이노베이션 8R,KOSPI,신주인수권증서,보통주,2023/08/25,2023/09/01,,,,,0,6381570,,
56,00151018,SK증권 39R,KOSPI,신주인수권증서,보통주,2018/11/16,2018/11/23,,,,,0,92858489,,
57,00612015,SK케미칼 36R,KOSPI,신주인수권증서,보통주,2015/11/16,2015/11/23,,,,,0,2757190,,
58,09944014,SMEC9R,KOSDAQ,신주인수권증서,보통주,2014/02/24,2014/03/01,,,,,0,4694912,,
59,03654011,STS반도체 11R,KOSDAQ,신주인수권증서,보통주,2011/05/30,2011/06/04,,,,,0,8893957,,
60,03654014,STS반도체13R,KOSDAQ,신주인수권증서,보통주,2014/05/08,2014/05/15,,,,,0,17449364,,
61,0118101B,STX 40R,KOSPI,신주인수권증서,보통주,2021/07/15,2021/07/22,,,,,0,6791526,,
62,0118101D,STX 44R,KOSPI,신주인수권증서,보통주,2023/11/23,2023/11/30,,,,,0,7332239,,
63,0005001C,가온전선 13R,KOSPI,신주인수권증서,보통주,2022/10/04,2022/10/12,,,,,0,2194425,,
64,0005001D,가온전선 14R,KOSPI,신주인수권증서,보통주,2023/11/30,2023/12/07,,,,,0,995101,,
65,03027015,가희 11R,KOSDAQ,신주인수권증서,보통주,2015/12/01,2015/12/08,,,,,0,12398448,,
66,02484017,갑을메탈 21R,KOSDAQ,신주인수권증서,보통주,2017/01/12,2017/01/19,,,,,0,9994491,,
67,21773018,강스템바이오텍 20R,KOSDAQ,신주인수권증서,보통주,2018/07/04,2018/07/11,,,,,0,4194966,,
68,2177301B,강스템바이오텍 23R,KOSDAQ,신주인수권증서,보통주,2021/09/24,2021/10/01,,,,,0,12365210,,
69,2177301D,강스템바이오텍 24R,KOSDAQ,신주인수권증서,보통주,2023/10/12,2023/10/19,,,,,0,17989872,,
70,2177301F,강스템바이오텍 25R,KOSDAQ,신주인수권증서,보통주,2025/07/30,2025/08/06,,,,,0,37990340,,
71,09448018,갤럭시아컴즈 10R,KOSDAQ,신주인수권증서,보통주,2018/04/06,2018/04/13,,,,,0,4398203,,
72,0539501C,경남제약 23R,KOSDAQ,신주인수권증서,보통주,2022/02/18,2022/02/25,,,,,0,10790918,,
73,0539501E,경남제약 26R,KOSDAQ,신주인수권증서,보통주,2024/09/24,2024/10/02,,,,,0,34985499,,
74,02491018,경창산업 12R,KOSDAQ,신주인수권증서,보통주,2018/08/16,2018/08/23,,,,,0,5496586,,
75,0122001G,계양전기13R,KOSPI,신주인수권증서,보통주,2026/08/19,2026/08/26,,,,,0,6536462,,
76,00981016,고려포리머 65R,KOSPI,신주인수권증서,보통주,2016/08/31,2016/09/07,,,,,0,30395807,,
77,03853018,골드퍼시픽 37R,KOSDAQ,신주인수권증서,보통주,2018/10/08,2018/10/16,,,,,0,7997936,,
78,CYM16017,골든센츄리 3R,KOSDAQ,신주인수권증서,보통주,2018/01/04,2018/01/11,,,,,0,16897626,,
79,CYM16019,골든센츄리 4R,KOSDAQ,신주인수권증서,보통주,2019/10/29,2019/11/05,,,,,0,65377359,,
80,0901501B,광진윈텍 4R,KOSDAQ,신주인수권증서,보통주,2021/07/06,2021/07/13,,,,,0,7698255,,
81,14091012,광희리츠 4R,KOSPI,신주인수권증서,보통주,2012/01/18,2012/01/27,,,,,0,1494185,,
82,05327018,구영테크 9R,KOSDAQ,신주인수권증서,보통주,2018/08/23,2018/08/30,,,,,0,5277976,,
83,0076901B,국도화학 13R,KOSPI,신주인수권증서,보통주,2021/07/28,2021/08/04,,,,,0,1275293,,
84,00532019,국동 24R,KOSPI,신주인수권증서,보통주,2019/05/31,2019/06/10,,,,,0,13496530,,
85,00114017,국보 5R,KOSPI,신주인수권증서,보통주,2017/05/30,2017/06/07,,,,,0,523308,,
86,00605012,국영지앤엠11R,KOSDAQ,신주인수권증서,보통주,2012/01/10,2012/01/17,,,,,0,8997676,,
87,3077501B,국전약품 5R,KOSDAQ,신주인수권증서,보통주,2021/05/26,2021/06/02,,,,,0,9497509,,
88,00225014,근화제약30R,KOSPI,신주인수권증서,보통주,2014/11/26,2014/12/03,,,,,0,9698553,,
89,18779017,나노 10R,KOSDAQ,신주인수권증서,보통주,2017/01/11,2017/01/18,,,,,0,9996644,,
90,18779018,나노 14R,KOSDAQ,신주인수권증서,보통주,2018/06/07,2018/06/15,,,,,0,7851379,,
91,15191013,나노스 12R,KOSDAQ,신주인수권증서,보통주,2013/05/31,2013/06/08,,,,,0,1168588,,
92,09197020,나노캠텍 7R,KOSDAQ,신주인수권증서,보통주,2010/12/20,2010/12/25,,,,,0,1367938,,
93,13861019,나이벡 13R,KOSDAQ,신주인수권증서,보통주,2019/05/23,2019/05/30,,,,,0,3310516,,
94,13861015,나이벡 7R,KOSDAQ,신주인수권증서,보통주,2015/08/18,2015/08/25,,,,,0,758853,,
95,07277016,네오디안테크놀로지 18R,KOSDAQ,신주인수권증서,보통주,2016/02/05,2016/02/17,,,,,0,14358673,,
96,0948601B,네오리진 25R,KOSDAQ,신주인수권증서,보통주,2021/10/01,2021/10/12,,,,,0,29495610,,
97,USA1401F,네오이뮨텍 7R,KOSDAQ,신주인수권증서,보통주,2025/08/21,2025/08/28,,,,,0,65505564,,
98,2906601A,네오펙트 35R,KOSDAQ,신주인수권증서,보통주,2020/10/23,2020/10/30,,,,,0,6169311,,
99,10140011,네오피델리티 11R,KOSDAQ,신주인수권증서,보통주,2011/11/16,2011/11/23,,,,,0,1632075,,
100,15346016,네이블 22R,KOSDAQ,신주인수권증서,보통주,2016/11/18,2016/11/25,,,,,0,1605736,,
101,00739019,네이처셀 46R,KOSDAQ,신주인수권증서,보통주,2019/08/16,2019/08/23,,,,,0,8039821,,
102,11057012,넥솔론 4R,KOSPI,신주인수권증서,보통주,2012/09/07,2012/09/14,,,,,0,29303422,,
103,08914016,넥스턴 4R,KOSDAQ,신주인수권증서,보통주,2016/10/11,2016/10/18,,,,,0,1660501,,
104,3962701F,넥스트칩 11R,KOSDAQ,신주인수권증서,보통주,2025/11/11,2025/11/18,,,,,0,12679169,,
105,1947001C,노바렉스 6R,KOSDAQ,신주인수권증서,보통주,2022/07/25,2022/08/01,,,,,0,893429,,
106,3769301D,노을 5R,KOSDAQ,신주인수권증서,보통주,2023/08/30,2023/09/06,,,,,0,7014621,,
107,3769301F,노을 7R,KOSDAQ,신주인수권증서,보통주,2025/11/19,2025/11/26,,,,,0,14333280,,
108,00628013,녹십자 20R,KOSPI,신주인수권증서,보통주,2013/05/13,2013/05/21,,,,,0,796323,,
109,14228019,녹십자엠에스 4R,KOSDAQ,신주인수권증서,보통주,2019/10/22,2019/10/29,,,,,0,11265891,,
110,0691401D,누리플랜 7R,KOSDAQ,신주인수권증서,보통주,2023/11/17,2023/11/24,,,,,0,5996109,,
111,3483401G,뉴로메카 37R,KOSDAQ,신주인수권증서,보통주,2026/07/09,2026/07/16,,,,,0,3158785,,
112,0602601E,뉴보텍 21R,KOSDAQ,신주인수권증서,보통주,2024/08/20,2024/08/27,,,,,0,5194391,,
113,01234016,뉴인텍 13R,KOSDAQ,신주인수권증서,보통주,2016/07/06,2016/07/13,,,,,0,10995438,,
114,0123401D,뉴인텍 18R,KOSDAQ,신주인수권증서,보통주,2023/07/24,2023/07/31,,,,,0,20789114,,
115,0123401G,뉴인텍 21R,KOSDAQ,신주인수권증서,보통주,2026/06/05,2026/06/12,,,,,0,7392952,,
116,06426016,다날 10R,KOSDAQ,신주인수권증서,보통주,2016/05/17,2016/05/24,,,,,0,5271380,,
117,0682401B,다원시스 12R,KOSDAQ,신주인수권증서,보통주,2021/04/02,2021/04/09,,,,,0,4480930,,
118,0682401C,다원시스 13R,KOSDAQ,신주인수권증서,보통주,2022/04/05,2022/04/12,,,,,0,2976019,,
119,0682401E,다원시스 15R,KOSDAQ,신주인수권증서,보통주,2024/04/03,2024/04/11,,,,,0,3878835,,
120,06824015,다원시스 7R,KOSDAQ,신주인수권증서,보통주,2015/11/18,2015/11/25,,,,,0,1886095,,
121,01559016,대경기계 15R,KOSPI,신주인수권증서,보통주,2016/02/11,2016/02/18,,,,,0,15997647,,
122,01559017,대경기계 16R,KOSPI,신주인수권증서,보통주,2017/02/10,2017/02/17,,,,,0,19996904,,
123,0088301G,대동기어 7R,KOSDAQ,신주인수권증서,보통주,2026/07/02,2026/07/09,,,,,0,5758403,,
124,001687,대상2우B,KOSPI,주권,신형우선주,1999/04/29,2011/05/09,,,,음식료·담배,1000,994279,,
125,12882011,대성산업 2R,KOSPI,신주인수권증서,보통주,2011/04/12,2011/04/19,,,,,0,1660398,,
126,12882013,대성산업 4R,KOSPI,신주인수권증서,보통주,2013/06/14,2013/06/21,,,,,0,7227664,,
127,12882014,대성산업 8R,KOSPI,신주인수권증서,보통주,2015/01/08,2015/01/15,,,,,0,19963628,,
128,0278301D,대성창투 7R,KOSDAQ,신주인수권증서,보통주,2023/05/31,2023/06/08,,,,,0,13993357,,
129,00932011,대우부품 31R,KOSPI,신주인수권증서,보통주,2011/08/11,2011/08/19,,,,,0,8058084,,
130,00680011,대우증권 42R,KOSPI,신주인수권증서,보통주,2011/10/10,2011/10/17,,,,,0,110884166,,
131,2903801C,대유 7R,KOSDAQ,신주인수권증서,보통주,2022/01/21,2022/01/28,,,,,0,7992590,,
132,00030012,대유신소재 36R,KOSPI,신주인수권증서,보통주,2012/07/17,2012/07/24,,,,,0,23584114,,
133,07860016,대주전자재료 5R,KOSDAQ,신주인수권증서,보통주,2016/11/17,2016/11/24,,,,,0,1501486,,
134,09635017,대창솔루션 5R,KOSDAQ,신주인수권증서,보통주,2017/07/06,2017/07/13,,,,,0,6998977,,
135,14052017,대창스틸 4R,KOSDAQ,신주인수권증서,보통주,2017/08/08,2017/08/16,,,,,0,3058952,,
136,01017018,대한광통신 22R,KOSDAQ,신주인수권증서,보통주,2018/05/10,2018/05/17,,,,,0,13989941,,
137,0101701F,대한광통신 24R,KOSDAQ,신주인수권증서,보통주,2025/01/20,2025/01/31,,,,,0,34982926,,
138,0101701G,대한광통신 26R,KOSDAQ,신주인수권증서,보통주,2026/02/04,2026/02/11,,,,,0,23465365,,
139,00144012,대한전선 39R,KOSPI,신주인수권증서,보통주,2012/11/15,2012/11/22,,,,,0,70627028,,
140,0014401C,대한전선 55R,KOSPI,신주인수권증서,보통주,2022/02/18,2022/02/25,,,,,0,387777314,,
141,0014401E,대한전선 57R,KOSPI,신주인수권증서,보통주,2024/02/22,2024/02/29,,,,,0,61924625,,
142,00349017,대한항공 44R,KOSPI,신주인수권증서,보통주,2017/02/16,2017/02/23,,,,,0,17563846,,
143,0034901A,대한항공 45R,KOSPI,신주인수권증서,보통주,2020/06/24,2020/07/01,,,,,0,63409774,,
144,0034901B,대한항공 46R,KOSPI,신주인수권증서,보통주,2021/02/16,2021/02/23,,,,,0,138632699,,
145,00349015,대한항공43R,KOSPI,신주인수권증서,보통주,2015/02/26,2015/03/05,,,,,0,11302285,,
146,0058801B,대한해운 26R,KOSPI,신주인수권증서,보통주,2021/05/24,2021/05/31,,,,,0,59857690,,
147,02104017,대호피앤씨 15R,KOSDAQ,신주인수권증서,보통주,2017/04/04,2017/04/11,,,,,0,22996959,,
148,00162017,동국실업 7R,KOSPI,신주인수권증서,보통주,2017/11/16,2017/11/23,,,,,0,23900000,,
149,00123014,동국제강12R,KOSPI,신주인수권증서,보통주,2014/06/09,2014/06/16,,,,,0,21582082,,
150,00414016,동방 17R,KOSPI,신주인수권증서,보통주,2016/10/19,2016/10/26,,,,,0,8797902,,
151,0041401B,동방 20R,KOSPI,신주인수권증서,보통주,2021/11/16,2021/11/23,,,,,0,6367650,,
152,09941013,동방선기 4R,KOSDAQ,신주인수권증서,보통주,2013/07/23,2013/07/30,,,,,0,4078876,,
153,01203012,동부CNI 8R,KOSPI,신주인수권증서,보통주,2012/05/09,2012/05/16,,,,,0,7283782,,
154,09071012,동부로봇12R,KOSDAQ,신주인수권증서,보통주,2012/08/29,2012/09/05,,,,,0,1784378,,
155,05873016,동아에스텍 13R,KOSPI,신주인수권증서,보통주,2016/04/07,2016/04/15,,,,,0,2062884,,
156,03079015,동양네트웍스 13R,KOSPI,신주인수권증서,보통주,2015/11/30,2015/12/07,,,,,0,16797441,,
157,00152011,동양메이저 51R,KOSPI,신주인수권증서,보통주,2011/02/21,2011/02/28,,,,,0,124128002,,
158,00152021,동양메이저 52R,KOSPI,신주인수권증서,보통주,2011/02/21,2011/02/28,,,,,0,15991532,,
159,00290019,동양물산 22R,KOSPI,신주인수권증서,보통주,2019/10/08,2019/10/16,,,,,0,49993316,,
160,00897018,동양철관 39R,KOSPI,신주인수권증서,보통주,2018/11/22,2018/11/29,,,,,0,29980611,,
161,01850018,동원금속 18R,KOSPI,신주인수권증서,보통주,2018/02/22,2018/03/02,,,,,0,8637103,,
162,0237901F,동일스틸럭스 14R,KOSDAQ,신주인수권증서,보통주,2025/07/18,2025/07/25,,,,,0,4997744,,
163,0026901B,동일제강 3R,KOSPI,신주인수권증서,보통주,2021/10/20,2021/10/27,,,,,0,4235884,,
164,01116019,두산건설 46R,KOSPI,신주인수권증서,보통주,2019/04/18,2019/04/25,,,,,0,267721411,,
165,03402019,두산중공업 36R,KOSPI,신주인수권증서,보통주,2019/04/19,2019/04/26,,,,,0,67963474,,
166,0340201A,두산중공업 40R,KOSPI,신주인수권증서,보통주,2020/11/18,2020/11/25,,,,,0,97090343,,
167,0340201C,두산중공업 44R,KOSPI,신주인수권증서,보통주,2022/01/21,2022/01/28,,,,,0,66063103,,
168,3362601A,두산퓨얼셀 9R,KOSPI,신주인수권증서,보통주,2020/11/20,2020/11/27,,,,,0,9326843,,
169,20365019,드림시큐리티 6R,KOSDAQ,신주인수권증서,보통주,2019/10/22,2019/10/29,,,,,0,14793978,,
170,1926501A,드림텍 18R,KOSPI,신주인수권증서,보통주,2020/11/20,2020/11/27,,,,,0,2959936,,
171,09220019,디아이씨6R,KOSPI,신주인수권증서,보통주,2019/07/24,2019/07/31,,,,,0,11921493,,
172,3771901E,디앤디플랫폼리츠 3R,KOSPI,신주인수권증서,보통주,2024/11/13,2024/11/20,,,,,0,23991863,,
173,03343019,디에스티 57R,KOSDAQ,신주인수권증서,보통주,2019/07/24,2019/07/31,,,,,0,24646541,,
174,1271201A,디엔에이링크 17R,KOSDAQ,신주인수권증서,보통주,2020/11/17,2020/11/24,,,,,0,2492748,,
175,10100013,디엠씨10R,KOSDAQ,신주인수권증서,보통주,2013/11/29,2013/12/06,,,,,0,2679435,,
176,10886013,디오텍 8R,KOSDAQ,신주인수권증서,보통주,2013/06/19,2013/06/26,,,,,0,3359044,,
177,0798101D,디이엔티 18R,KOSDAQ,신주인수권증서,보통주,2023/08/16,2023/08/23,,,,,0,5979700,,
178,11381018,디젠스 9R,KOSDAQ,신주인수권증서,보통주,2018/06/01,2018/06/11,,,,,0,9996552,,
179,11545013,디지탈아리아7R,KOSDAQ,신주인수권증서,보통주,2014/01/07,2014/01/14,,,,,0,8997089,,
180,05116010,디지털오션 12R,KOSDAQ,신주인수권증서,보통주,2010/10/15,2010/10/22,,,,,0,4348616,,
181,3156401F,딥노이드 16R,KOSDAQ,신주인수권증서,보통주,2025/11/18,2025/11/25,,,,,0,6822993,,
182,3156401D,딥노이드 8R,KOSDAQ,신주인수권증서,보통주,2023/09/21,2023/10/04,,,,,0,1489141,,
183,3171201F,라닉스 7R,KOSDAQ,신주인수권증서,보통주,2025/06/24,2025/07/01,,,,,0,5591660,,
184,3001201G,라온피플 19R,KOSDAQ,신주인수권증서,보통주,2026/01/28,2026/02/04,,,,,0,14493812,,
185,05012013,라이브플렉스 21R,KOSDAQ,신주인수권증서,보통주,2013/04/23,2013/04/30,,,,,0,13096516,,
186,3477001D,라이프시맨틱스 5R,KOSDAQ,신주인수권증서,보통주,2023/11/21,2023/11/28,,,,,0,5429413,,
187,11539011,락앤락 3R,KOSPI,신주인수권증서,보통주,2011/10/07,2011/10/14,,,,,0,4191401,,
188,06030012,레드로버 13R,KOSDAQ,신주인수권증서,보통주,2012/06/20,2012/06/27,,,,,0,2298230,,
189,06030016,레드로버 29R,KOSDAQ,신주인수권증서,보통주,2016/07/27,2016/08/03,,,,,0,8593630,,
190,2941401D,레몬 5R,KOSDAQ,신주인수권증서,보통주,2023/09/18,2023/09/25,,,,,0,4883133,,
191,4123501F,레이저쎌 15R,KOSDAQ,신주인수권증서,보통주,2025/11/28,2025/12/05,,,,,0,4280882,,
192,1995501G,레이저옵텍 15R,KOSDAQ,신주인수권증서,보통주,2026/03/24,2026/03/31,,,,,0,2576215,,
193,04744016,레이젠 7R,KOSDAQ,신주인수권증서,보통주,2016/11/14,2016/11/21,,,,,0,11297500,,
194,2151001B,로보로보 6R,KOSDAQ,신주인수권증서,보통주,2021/07/12,2021/07/19,,,,,0,2538801,,
195,1084901F,로보티즈 31R,KOSDAQ,신주인수권증서,보통주,2025/10/23,2025/10/30,,,,,0,1313783,,
196,HKG19019,로스웰 3R,KOSDAQ,신주인수권증서,보통주,2019/06/24,2019/07/01,,,,,0,50993919,,
197,07128017,로체시스템즈 5R,KOSDAQ,신주인수권증서,보통주,2017/02/20,2017/02/27,,,,,0,1998991,,
198,03235018,롯데관광개발 8R,KOSPI,신주인수권증서,보통주,2018/09/19,2018/10/01,,,,,0,17484363,,
199,3305901B,롯데리츠 3R,KOSPI,신주인수권증서,보통주,2021/02/17,2021/02/24,,,,,0,70985372,,
200,3305901E,롯데리츠 4R,KOSPI,신주인수권증서,보통주,2024/10/18,2024/10/25,,,,,0,45982956,,
201,00040012,롯데손해보험 30R,KOSPI,신주인수권증서,보통주,2012/11/16,2012/11/23,,,,,0,20216262,,
202,00040015,롯데손해보험 31R,KOSPI,신주인수권증서,보통주,2015/05/15,2015/05/22,,,,,0,53595982,,
203,0111701C,롯데케미칼 6R,KOSPI,신주인수권증서,보통주,2023/01/04,2023/01/11,,,,,0,6767524,,
204,3281301D,루닛 46R,KOSDAQ,신주인수권증서,보통주,2023/10/17,2023/10/24,,,,,0,1821602,,
205,3281301G,루닛 57R,KOSDAQ,신주인수권증서,보통주,2026/04/07,2026/04/14,,,,,0,7862808,,
206,08280013,루미마이크로15R,KOSDAQ,신주인수권증서,보통주,2013/07/22,2013/07/29,,,,,0,4944679,,
207,08537016,루트로닉 51R,KOSDAQ,신주인수권증서,보통주,2016/11/16,2016/11/23,,,,,0,353433,,
208,13110014,리켐 6R,KOSDAQ,신주인수권증서,보통주,2014/02/04,2014/02/11,,,,,0,1698482,,
209,04250014,링네트10R,KOSDAQ,신주인수권증서,보통주,2014/02/07,2014/02/14,,,,,0,1231775,,
210,04250012,링네트9R,KOSDAQ,신주인수권증서,보통주,2012/09/27,2012/10/06,,,,,0,1498271,,
211,02774016,마니커 10R,KOSPI,신주인수권증서,보통주,2016/09/29,2016/10/07,,,,,0,26673397,,
212,0277401A,마니커 13R,KOSPI,신주인수권증서,보통주,2020/09/03,2020/09/10,,,,,0,31980962,,
213,0277401B,마니커 15R,KOSPI,신주인수권증서,보통주,2021/11/17,2021/11/24,,,,,0,19034695,,
214,02774012,마니커 8R,KOSPI,신주인수권증서,보통주,2012/08/16,2012/08/23,,,,,0,19997709,,
215,1955001B,마니커에프앤지 4R,KOSDAQ,신주인수권증서,보통주,2021/05/11,2021/05/18,,,,,0,4991634,,
216,14107016,맥스로텍 11R,KOSDAQ,신주인수권증서,보통주,2016/11/22,2016/11/29,,,,,0,9496153,,
217,3770301C,맥스트 5R,KOSDAQ,신주인수권증서,보통주,2022/03/21,2022/03/28,,,,,0,1004216,,
218,3770301E,맥스트 8R,KOSDAQ,신주인수권증서,보통주,2024/10/22,2024/10/29,,,,,0,10675918,,
219,0889801A,맥쿼리인프라 6R,KOSPI,신주인수권증서,보통주,2020/11/30,2020/12/07,,,,,0,23112116,,
220,0889801B,맥쿼리인프라 7R,KOSPI,신주인수권증서,보통주,2021/07/21,2021/07/28,,,,,0,32601819,,
221,0889801D,맥쿼리인프라 8R,KOSPI,신주인수권증서,보통주,2023/07/18,2023/07/25,,,,,0,30847278,,
222,0889801E,맥쿼리인프라 9R,KOSPI,신주인수권증서,보통주,2024/09/19,2024/09/26,,,,,0,43024572,,
223,2359801D,메드팩토 20R,KOSDAQ,신주인수권증서,보통주,2023/11/22,2023/11/29,,,,,0,12481209,,
224,0541801B,메디콕스 53R,KOSDAQ,신주인수권증서,보통주,2021/04/15,2021/04/22,,,,,0,21490125,,
225,0869001A,메디톡스 16R,KOSDAQ,신주인수권증서,보통주,2020/09/24,2020/10/06,,,,,0,954150,,
226,07816011,메디포스트 13R,KOSDAQ,신주인수권증서,보통주,2011/10/27,2011/11/03,,,,,0,630366,,
227,0781601D,메디포스트 28R,KOSDAQ,신주인수권증서,보통주,2023/10/16,2023/10/23,,,,,0,13204550,,
228,06565017,메디프론 12R,KOSDAQ,신주인수권증서,보통주,2017/11/28,2017/12/05,,,,,0,2854011,,
229,13804014,메리츠금융지주회사3R,KOSPI,신주인수권증서,보통주,2014/08/29,2014/09/05,,,,,0,26168564,,
230,00856015,메리츠종금증권55R,KOSPI,신주인수권증서,보통주,2015/08/05,2015/08/12,,,,,0,94386967,,
231,0581101B,멕아이씨에스 7R,KOSDAQ,신주인수권증서,보통주,2021/02/01,2021/02/08,,,,,0,978228,,
232,01718016,명문제약 12R,KOSPI,신주인수권증서,보통주,2016/06/22,2016/06/29,,,,,0,3584655,,
233,0171801A,명문제약 16R,KOSPI,신주인수권증서,보통주,2020/06/03,2020/06/10,,,,,0,5653046,,
234,00536015,모나미 22R,KOSPI,신주인수권증서,보통주,2015/05/12,2015/05/19,,,,,0,3996498,,
235,01286019,모베이스전자 14R,KOSDAQ,신주인수권증서,보통주,2019/12/06,2019/12/13,,,,,0,24996758,,
236,1189901A,모트렉스 8R,KOSDAQ,신주인수권증서,보통주,2020/02/07,2020/02/14,,,,,0,5437443,,
237,02556012,미래산업 17R,KOSPI,신주인수권증서,보통주,2012/07/17,2012/07/24,,,,,0,47786934,,
238,02556013,미래산업 20R,KOSPI,신주인수권증서,보통주,2014/01/03,2014/01/10,,,,,0,39886742,,
239,02556016,미래산업 25R,KOSPI,신주인수권증서,보통주,2016/07/12,2016/07/19,,,,,0,78360671,,
240,02556014,미래산업22R,KOSPI,신주인수권증서,보통주,2014/10/16,2014/10/23,,,,,0,71972495,,
241,00712017,미래아이앤지 30R,KOSPI,신주인수권증서,보통주,2017/08/01,2017/08/08,,,,,0,39997050,,
242,3572501D,미래에셋맵스리츠 3R,KOSPI,신주인수권증서,보통주,2023/12/26,2024/01/04,,,,,0,4892442,,
243,03762015,미래에셋증권 11R,KOSPI,신주인수권증서,보통주,2015/10/20,2015/10/27,,,,,0,37785919,,
244,2146101D,미코바이오메드 26R,KOSDAQ,신주인수권증서,보통주,2023/10/19,2023/10/26,,,,,0,17987487,,
245,03562014,바른손이앤에이48R,KOSDAQ,신주인수권증서,보통주,2014/07/10,2014/07/17,,,,,0,19996762,,
246,06452011,바른전자 10R,KOSDAQ,신주인수권증서,보통주,2011/07/06,2011/07/13,,,,,0,12796321,,
247,06452018,바른전자 17R,KOSDAQ,신주인수권증서,보통주,2018/11/02,2018/11/09,,,,,0,29989909,,
248,08499016,바이로메드 29R,KOSDAQ,신주인수권증서,보통주,2016/09/28,2016/10/06,,,,,0,1636581,,
249,06455017,바이오니아 13R,KOSDAQ,신주인수권증서,보통주,2017/06/01,2017/06/09,,,,,0,4497127,,
250,1427601A,바이오리더스 38R,KOSDAQ,신주인수권증서,보통주,2020/10/22,2020/10/29,,,,,0,8217248,,
251,08604014,바이오톡스텍15R,KOSDAQ,신주인수권증서,보통주,2014/10/17,2014/10/24,,,,,0,3197643,,
252,3239901D,박셀바이오 20R,KOSDAQ,신주인수권증서,보통주,2023/10/17,2023/10/24,,,,,0,3895283,,
253,01180010,배명금속 13R,KOSPI,신주인수권증서,보통주,2011/01/03,2011/01/10,,,,,0,29000000,,
254,00134015,백광산업 24R,KOSPI,신주인수권증서,보통주,2015/05/12,2015/05/19,,,,,0,10964454,,
255,04631016,백금T&A 5R,KOSDAQ,신주인수권증서,보통주,2016/09/27,2016/10/05,,,,,0,2862037,,
256,04631014,백금T&A4R,KOSDAQ,신주인수권증서,보통주,2014/10/15,2014/10/22,,,,,0,4510498,,
257,03662017,버추얼텍 16R,KOSDAQ,신주인수권증서,보통주,2017/04/17,2017/04/24,,,,,0,7995739,,
258,00241015,범양건영 30R,KOSPI,신주인수권증서,보통주,2015/06/04,2015/06/11,,,,,0,679409,,
259,0038501B,보령제약 27R,KOSPI,신주인수권증서,보통주,2021/06/22,2021/06/29,,,,,0,4423717,,
260,3102101D,보로노이 51R,KOSDAQ,신주인수권증서,보통주,2023/08/18,2023/08/25,,,,,0,1285031,,
261,00474015,보루네오 20R,KOSPI,신주인수권증서,보통주,2015/06/26,2015/07/03,,,,,0,16163857,,
262,00691016,보성파워텍 17R,KOSDAQ,신주인수권증서,보통주,2016/07/22,2016/07/29,,,,,0,7982241,,
263,0030001F,부광약품 29R,KOSPI,신주인수권증서,보통주,2025/06/23,2025/06/30,,,,,0,24135781,,
264,00503015,부산주공 19R,KOSPI,신주인수권증서,보통주,2015/11/20,2015/11/27,,,,,0,6919809,,
265,00503018,부산주공 23R,KOSPI,신주인수권증서,보통주,2018/06/04,2018/06/12,,,,,0,10397248,,
266,2883301E,브릿지바이오 75R,KOSDAQ,신주인수권증서,보통주,2024/07/02,2024/07/09,,,,,0,13694062,,
267,0828001G,비보존제약 47R,KOSDAQ,신주인수권증서,보통주,2026/02/03,2026/02/10,,,,,0,10603351,,
268,0020701A,비비안 16R,KOSPI,신주인수권증서,보통주,2020/09/01,2020/09/08,,,,,0,12993377,,
269,05290014,비아이이엠티12R,KOSDAQ,신주인수권증서,보통주,2014/10/13,2014/10/20,,,,,0,17688730,,
270,0542201D,비츠로시스 24R,KOSDAQ,신주인수권증서,보통주,2023/03/23,2023/03/30,,,,,0,23991340,,
271,05422014,비츠로시스7R,KOSDAQ,신주인수권증서,보통주,2014/09/16,2014/09/23,,,,,0,9996438,,
272,3578801E,비트나인 5R,KOSDAQ,신주인수권증서,보통주,2024/10/11,2024/10/18,,,,,0,10992286,,
273,0444801F,빌리언스 22R,KOSDAQ,신주인수권증서,보통주,2025/08/20,2025/08/27,,,,,0,39994012,,
274,14324013,사람인에이치알 6R,KOSDAQ,신주인수권증서,보통주,2013/05/07,2013/05/14,,,,,0,2597435,,
275,10009018,삼강엠앤티 6R,KOSDAQ,신주인수권증서,보통주,2018/07/03,2018/07/10,,,,,0,6997178,,
276,01831016,삼목에스폼 6R,KOSDAQ,신주인수권증서,보통주,2016/07/19,2016/07/26,,,,,0,4899003,,
277,05370017,삼보모터스 29R,KOSDAQ,신주인수권증서,보통주,2017/02/21,2017/02/28,,,,,0,2068143,,
278,0096201E,삼보산업 10R,KOSDAQ,신주인수권증서,보통주,2024/06/04,2024/06/12,,,,,0,23715770,,
279,00962017,삼보산업 3R,KOSDAQ,신주인수권증서,보통주,2017/11/20,2017/11/27,,,,,0,1349443,,
280,00962019,삼보산업 7R,KOSDAQ,신주인수권증서,보통주,2019/11/20,2019/11/27,,,,,0,11997378,,
281,4487301E,삼성FN리츠 3R,KOSPI,신주인수권증서,보통주,2024/08/23,2024/08/30,,,,,0,13744944,,
282,0064001F,삼성SDI 40R,KOSPI,신주인수권증서,보통주,2025/04/30,2025/05/13,,,,,0,9243699,,
283,2079401C,삼성바이오로직스 3R,KOSPI,신주인수권증서,보통주,2022/03/23,2022/03/30,,,,,0,4339688,,
284,02805016,삼성엔지 9R,KOSPI,신주인수권증서,보통주,2016/01/22,2016/01/29,,,,,0,124769837,,
285,00136016,삼성제약 30R,KOSPI,신주인수권증서,보통주,2016/08/04,2016/08/11,,,,,0,7189427,,
286,00136018,삼성제약 33R,KOSPI,신주인수권증서,보통주,2018/05/24,2018/05/31,,,,,0,11188529,,
287,0013601E,삼성제약 37R,KOSPI,신주인수권증서,보통주,2024/01/25,2024/02/01,,,,,0,26968391,,
288,01014016,삼성중공업 14R,KOSPI,신주인수권증서,보통주,2016/10/21,2016/10/28,,,,,0,127238441,,
289,01014018,삼성중공업 15R,KOSPI,신주인수권증서,보통주,2018/03/27,2018/04/03,,,,,0,191920651,,
290,0101401B,삼성중공업 18R,KOSPI,신주인수권증서,보통주,2021/10/14,2021/10/21,,,,,0,199790168,,
291,01636011,삼성증권 28R,KOSPI,신주인수권증서,보통주,2011/11/08,2011/11/15,,,,,0,7690362,,
292,01636017,삼성증권 29R,KOSPI,신주인수권증서,보통주,2017/02/17,2017/02/24,,,,,0,10256552,,
293,08266016,삼우엠스 13R,KOSDAQ,신주인수권증서,보통주,2016/10/12,2016/10/19,,,,,0,8498642,,
294,08266017,삼우엠스 14R,KOSDAQ,신주인수권증서,보통주,2017/07/13,2017/07/20,,,,,0,19998409,,
295,00052018,삼일제약 17R,KOSPI,신주인수권증서,보통주,2018/06/26,2018/07/03,,,,,0,795385,,
296,05409011,삼진엘앤디5R,KOSDAQ,신주인수권증서,보통주,2011/11/17,2011/11/24,,,,,0,6498970,,
297,05409014,삼진엘앤디9R,KOSDAQ,신주인수권증서,보통주,2014/10/06,2014/10/14,,,,,0,2496979,,
298,01123017,삼화전자공업 11R,KOSPI,신주인수권증서,보통주,2017/12/26,2018/01/04,,,,,0,4557086,,
299,0112301D,삼화전자공업 13R,KOSPI,신주인수권증서,보통주,2023/11/22,2023/11/29,,,,,0,3831220,,
300,02758016,상보 12R,KOSDAQ,신주인수권증서,보통주,2016/06/27,2016/07/04,,,,,0,5496901,,
301,02758019,상보 14R,KOSDAQ,신주인수권증서,보통주,2019/07/22,2019/07/29,,,,,0,14992905,,
302,09158018,상신이디피 11R,KOSDAQ,신주인수권증서,보통주,2018/06/08,2018/06/18,,,,,0,1230357,,
303,3788001F,샤페론 16R,KOSDAQ,신주인수권증서,보통주,2025/10/14,2025/10/21,,,,,0,16091724,,
304,00673017,서부T&D 15R,KOSDAQ,신주인수권증서,보통주,2017/09/29,2017/10/16,,,,,0,3430877,,
305,02105016,서원 10R,KOSPI,신주인수권증서,보통주,2016/05/13,2016/05/20,,,,,0,17699523,,
306,17832018,서진시스템 8R,KOSDAQ,신주인수권증서,보통주,2018/07/06,2018/07/13,,,,,0,2658898,,
307,03589011,서희건설 19R,KOSDAQ,신주인수권증서,보통주,2011/12/07,2011/12/14,,,,,0,22208652,,
308,03589012,서희건설 20R,KOSDAQ,신주인수권증서,보통주,2012/06/11,2012/06/18,,,,,0,29568530,,
309,13649017,선진 3R,KOSPI,신주인수권증서,보통주,2017/10/24,2017/10/31,,,,,0,7498814,,
310,01575018,성우하이텍 11R,KOSDAQ,신주인수권증서,보통주,2018/05/30,2018/06/07,,,,,0,19994937,,
311,00018015,성창기업지주 10R,KOSPI,신주인수권증서,보통주,2015/11/26,2015/12/03,,,,,0,958446,,
312,0024201C,세기상사 10R,KOSPI,신주인수권증서,보통주,2022/07/12,2022/07/19,,,,,0,1016176,,
313,05306017,세동 3R,KOSDAQ,신주인수권증서,보통주,2017/02/20,2017/02/27,,,,,0,6198773,,
314,0530601B,세동 9R,KOSDAQ,신주인수권증서,보통주,2021/06/21,2021/06/28,,,,,0,4798055,,
315,09109015,세원셀론텍 7R,KOSPI,신주인수권증서,보통주,2015/10/21,2015/10/28,,,,,0,9593972,,
316,03663016,세종텔레콤 30R,KOSDAQ,신주인수권증서,보통주,2016/03/09,2016/03/16,,,,,0,99983035,,
317,03663017,세종텔레콤 31R,KOSDAQ,신주인수권증서,보통주,2017/07/18,2017/07/25,,,,,0,284977517,,
318,08044012,세진전자 11R,KOSDAQ,신주인수권증서,보통주,2012/06/13,2012/06/20,,,,,0,3598835,,
319,02797012,세하 28R,KOSPI,신주인수권증서,보통주,2012/02/28,2012/03/07,,,,,0,8791290,,
320,0279701A,세하 35R,KOSPI,신주인수권증서,보통주,2020/07/08,2020/07/15,,,,,0,22397927,,
321,1452101A,세화아이엠씨 13R,KOSPI,신주인수권증서,보통주,2020/10/20,2020/10/27,,,,,0,69995776,,
322,3213701E,센서뷰 10R,KOSDAQ,신주인수권증서,보통주,2024/11/28,2024/12/05,,,,,0,14875570,,
323,3213701G,센서뷰 16R,KOSDAQ,신주인수권증서,보통주,2026/07/29,2026/08/05,,,,,0,18928582,,
324,2996601E,셀리드 12R,KOSDAQ,신주인수권증서,보통주,2024/07/17,2024/07/24,,,,,0,7488147,,
325,2996601F,셀리드 13R,KOSDAQ,신주인수권증서,보통주,2025/05/28,2025/06/05,,,,,0,8382728,,
326,1088601D,셀바스AI 15R,KOSDAQ,신주인수권증서,보통주,2023/06/05,2023/06/13,,,,,0,3954151,,
327,2083701D,셀바스헬스케어 15R,KOSDAQ,신주인수권증서,보통주,2023/05/31,2023/06/08,,,,,0,3988650,,
328,03268014,소프트센30R,KOSDAQ,신주인수권증서,보통주,2014/07/10,2014/07/17,,,,,0,8476511,,
329,06691019,손오공 10R,KOSDAQ,신주인수권증서,보통주,2019/08/16,2019/08/23,,,,,0,4991293,,
330,0669101F,손오공 13R,KOSDAQ,신주인수권증서,보통주,2025/02/20,2025/02/27,,,,,0,16992121,,
331,04310012,솔고바이오 12R,KOSDAQ,신주인수권증서,보통주,2013/01/03,2013/01/10,,,,,0,7992493,,
332,04310015,솔고바이오 14R,KOSDAQ,신주인수권증서,보통주,2015/08/17,2015/08/24,,,,,0,17991793,,
333,04310016,솔고바이오 16R,KOSDAQ,신주인수권증서,보통주,2016/12/15,2016/12/22,,,,,0,32988472,,
334,3363701C,솔루스첨단소재 12R,KOSPI,신주인수권증서,보통주,2022/04/21,2022/04/28,,,,,0,4481002,,
335,3363702C,솔루스첨단소재 13PR,KOSPI,신주인수권증서,보통주,2022/04/21,2022/04/28,,,,,0,1086069,,
336,0994401F,스맥 15R,KOSDAQ,신주인수권증서,보통주,2025/06/02,2025/06/11,,,,,0,26590300,,
337,2760401F,스코넥 34R,KOSDAQ,신주인수권증서,보통주,2025/07/07,2025/07/14,,,,,0,8788420,,
338,2046301D,스튜디오산타클로스 26R,KOSDAQ,신주인수권증서,보통주,2023/05/26,2023/06/05,,,,,0,64972685,,
339,08722016,스틸플라워 7R,KOSDAQ,신주인수권증서,보통주,2016/10/21,2016/10/28,,,,,0,29994012,,
340,08722015,스틸플라워4R,KOSDAQ,신주인수권증서,보통주,2015/03/30,2015/04/06,,,,,0,5598657,,
341,11161011,승화명품건설 4R,KOSDAQ,신주인수권증서,보통주,2011/11/21,2011/11/28,,,,,0,3999280,,
342,4292701F,시지트로닉스 4R,KOSDAQ,신주인수권증서,보통주,2025/12/03,2025/12/10,,,,,0,1787163,,
343,2156001E,신라젠 22R,KOSDAQ,신주인수권증서,보통주,2024/05/30,2024/06/07,,,,,0,34438225,,
344,01193012,신성솔라에너지 26R,KOSPI,신주인수권증서,보통주,2012/11/27,2012/12/04,,,,,0,16637538,,
345,01193016,신성솔라에너지 30R,KOSPI,신주인수권증서,보통주,2016/04/20,2016/04/27,,,,,0,19989808,,
346,08683015,신양 5R,KOSDAQ,신주인수권증서,보통주,2015/06/23,2015/06/30,,,,,0,12998268,,
347,08683014,신양4R,KOSDAQ,신주인수권증서,보통주,2014/09/01,2014/09/11,,,,,0,12688638,,
348,00270014,신일산업26R,KOSPI,신주인수권증서,보통주,2014/10/24,2014/10/31,,,,,0,11994746,,
349,2263301F,신테카바이오 34R,KOSDAQ,신주인수권증서,보통주,2025/11/26,2025/12/03,,,,,0,8984662,,
350,09966013,신텍 6R,KOSDAQ,신주인수권증서,보통주,2013/02/05,2013/02/13,,,,,0,3215140,,
351,29394018,신한알파리츠 4R,KOSPI,신주인수권증서,보통주,2019/01/07,2019/01/14,,,,,0,9520745,,
352,2939401A,신한알파리츠 5R,KOSPI,신주인수권증서,보통주,2020/04/29,2020/05/11,,,,,0,4695165,,
353,2939401C,신한알파리츠 6R,KOSPI,신주인수권증서,보통주,2022/03/23,2022/03/30,,,,,0,21492382,,
354,2939401D,신한알파리츠 7R,KOSPI,신주인수권증서,보통주,2023/04/05,2023/04/12,,,,,0,14262161,,
355,2939401E,신한알파리츠 8R,KOSPI,신주인수권증서,보통주,2024/10/11,2024/10/18,,,,,0,32829715,,
356,18727017,신화콘텍 5R,KOSDAQ,신주인수권증서,보통주,2017/06/02,2017/06/12,,,,,0,1765662,,
357,2228001A,심텍 5R,KOSDAQ,신주인수권증서,보통주,2020/04/07,2020/04/14,,,,,0,7276494,,
358,16098017,싸이맥스 5R,KOSDAQ,신주인수권증서,보통주,2017/09/26,2017/10/11,,,,,0,1618419,,
359,10228015,쌍방울 6R,KOSPI,신주인수권증서,보통주,2015/10/01,2015/10/08,,,,,0,36991032,,
360,1022801A,쌍방울 8R,KOSPI,신주인수권증서,보통주,2020/07/23,2020/07/30,,,,,0,99982902,,
361,00341016,쌍용양회공업 57R,KOSPI,신주인수권증서,보통주,2016/06/15,2016/06/22,,,,,0,18235220,,
362,0102801B,쌍용정보통신 7R,KOSDAQ,신주인수권증서,보통주,2021/07/08,2021/07/15,,,,,0,18793358,,
363,00477014,써니전자15R,KOSPI,신주인수권증서,보통주,2014/05/26,2014/06/02,,,,,0,6991758,,
364,2086401G,썸에이지 35R,KOSDAQ,신주인수권증서,보통주,2026/07/22,2026/07/29,,,,,0,9793252,,
365,20864019,썸에이지 8R,KOSDAQ,신주인수권증서,보통주,2019/06/18,2019/06/25,,,,,0,21997423,,
366,0508901B,쏠리드 17R,KOSDAQ,신주인수권증서,보통주,2021/06/01,2021/06/08,,,,,0,7788290,,
367,05089016,쏠리드 8R,KOSDAQ,신주인수권증서,보통주,2016/11/17,2016/11/24,,,,,0,8996624,,
368,09983014,씨그널정보통신5R,KOSDAQ,신주인수권증서,보통주,2014/07/07,2014/07/12,,,,,0,18999124,,
369,2970901C,씨에스베어링 4R,KOSDAQ,신주인수권증서,보통주,2022/05/23,2022/05/30,,,,,0,3908548,,
370,1126101B,씨에스윈드 3R,KOSPI,신주인수권증서,보통주,2021/01/12,2021/01/19,,,,,0,3782444,,
371,1154801B,씨유메디칼 22R,KOSDAQ,신주인수권증서,보통주,2021/07/14,2021/07/21,,,,,0,14993029,,
372,1893301F,씨이랩 18R,KOSDAQ,신주인수권증서,보통주,2025/07/21,2025/07/28,,,,,0,3286077,,
373,3116901D,씨제이바이오사이언스 17R,KOSDAQ,신주인수권증서,보통주,2023/07/26,2023/08/02,,,,,0,3229990,,
374,06059013,씨티씨바이오14R,KOSDAQ,신주인수권증서,보통주,2013/03/27,2013/04/03,,,,,0,1546734,,
375,0527101G,아모텍 5R,KOSDAQ,신주인수권증서,보통주,2026/07/16,2026/07/24,,,,,0,2359146,,
376,07443021,아미노로직스 7R,KOSDAQ,신주인수권증서,보통주,2011/05/24,2011/05/31,,,,,0,9000000,,
377,09204017,아미코젠 10R,KOSDAQ,신주인수권증서,보통주,2017/07/11,2017/07/18,,,,,0,476677,,
378,0920401D,아미코젠 16R,KOSDAQ,신주인수권증서,보통주,2023/11/10,2023/11/17,,,,,0,7688079,,
379,0121701B,아센디오 105R,KOSPI,신주인수권증서,보통주,2021/10/19,2021/10/26,,,,,0,16993067,,
380,24672018,아스타 4R,KOSDAQ,신주인수권증서,보통주,2018/07/17,2018/07/24,,,,,0,1997638,,
381,06739019,아스트 18R,KOSDAQ,신주인수권증서,보통주,2019/05/07,2019/05/14,,,,,0,7569814,,
382,02056016,아시아나항공 6R,KOSPI,신주인수권증서,보통주,2016/10/18,2016/10/25,,,,,0,33211612,,
383,14316013,아이디스 2R,KOSDAQ,신주인수권증서,보통주,2013/03/13,2013/03/20,,,,,0,465264,,
384,3686001G,아이씨에이치 5R,KOSDAQ,신주인수권증서,보통주,2026/01/15,2026/01/22,,,,,0,7996154,,
385,09534015,아이에스시 8R,KOSDAQ,신주인수권증서,보통주,2015/08/18,2015/08/25,,,,,0,997916,,
386,03888026,아이에이 13R,KOSDAQ,신주인수권증서,보통주,2016/10/07,2016/10/14,,,,,0,4045479,,
387,10139016,아이엠 8R,KOSDAQ,신주인수권증서,보통주,2016/11/18,2016/11/25,,,,,0,3756382,,
388,10139018,아이엠 9R,KOSDAQ,신주인수권증서,보통주,2018/06/11,2018/06/19,,,,,0,14994855,,
389,11481017,아이원스 6R,KOSDAQ,신주인수권증서,보통주,2017/11/17,2017/11/24,,,,,0,2918595,,
390,1230101C,아이윈플러스 44R,KOSDAQ,신주인수권증서,보통주,2022/07/06,2022/07/13,,,,,0,58997190,,
391,1854901B,아이진 16R,KOSDAQ,신주인수권증서,보통주,2021/06/02,2021/06/09,,,,,0,4186607,,
392,1854901F,아이진 22R,KOSDAQ,신주인수권증서,보통주,2025/11/13,2025/11/20,,,,,0,16185372,,
393,1752501C,아이큐어 15R,KOSDAQ,신주인수권증서,보통주,2022/11/18,2022/11/25,,,,,0,12310364,,
394,12450017,아이티센 9R,KOSDAQ,신주인수권증서,보통주,2017/03/28,2017/04/04,,,,,0,4734928,,
395,01331018,아진산업 10R,KOSDAQ,신주인수권증서,보통주,2018/02/21,2018/02/28,,,,,0,9165301,,
396,05673013,아큐픽스14R,KOSDAQ,신주인수권증서,보통주,2013/12/12,2013/12/19,,,,,0,6500000,,
397,00154013,안국약품 7R,KOSDAQ,신주인수권증서,보통주,2013/11/06,2013/11/13,,,,,0,938936,,
398,1406701F,알에스오토메이션 11R,KOSDAQ,신주인수권증서,보통주,2025/10/28,2025/11/04,,,,,0,3526427,,
399,3272601G,알에프머트리얼즈 14R,KOSDAQ,신주인수권증서,보통주,2026/06/02,2026/06/10,,,,,0,491204,,
400,06104015,알에프텍 6R,KOSDAQ,신주인수권증서,보통주,2015/03/27,2015/04/03,,,,,0,1813909,,
401,3478601F,알체라 13R,KOSDAQ,신주인수권증서,보통주,2025/01/14,2025/01/21,,,,,0,14974715,,
402,3478601C,알체라 7R,KOSDAQ,신주인수권증서,보통주,2022/10/13,2022/10/20,,,,,0,3970887,,
403,2916501E,압타머사이언스 30R,KOSDAQ,신주인수권증서,보통주,2024/11/18,2024/11/25,,,,,0,12292585,,
404,00684011,애경유화 2R,KOSPI,신주인수권증서,보통주,2011/10/24,2011/10/31,,,,,0,2764218,,
405,05279013,액토즈소프트 5R,KOSDAQ,신주인수권증서,보통주,2013/05/21,2013/05/28,,,,,0,1898568,,
406,09260019,앤씨앤 10R,KOSDAQ,신주인수권증서,보통주,2019/07/24,2019/07/31,,,,,0,7495529,,
407,06763013,에너지솔루션 15R,KOSDAQ,신주인수권증서,보통주,2013/07/29,2013/08/05,,,,,0,6999213,,
408,01999016,에너토크 4R,KOSDAQ,신주인수권증서,보통주,2016/06/02,2016/06/10,,,,,0,1950100,,
409,01109012,에넥스 11R,KOSPI,신주인수권증서,보통주,2013/01/02,2013/01/09,,,,,0,16743988,,
410,03529012,에듀박스15R,KOSDAQ,신주인수권증서,보통주,2012/10/23,2012/10/30,,,,,0,15994942,,
411,2174801C,에스디생명공학 16R,KOSDAQ,신주인수권증서,보통주,2022/09/22,2022/09/29,,,,,0,18994817,,
412,12189018,에스디시스템 3R,KOSDAQ,신주인수권증서,보통주,2018/02/20,2018/02/27,,,,,0,2023382,,
413,2980601D,에스씨엠생명과학 79R,KOSDAQ,신주인수권증서,보통주,2023/07/31,2023/08/07,,,,,0,4788928,,
414,0959101B,에스에너지 12R,KOSDAQ,신주인수권증서,보통주,2021/07/06,2021/07/13,,,,,0,4493036,,
415,0959101G,에스에너지 14R,KOSDAQ,신주인수권증서,보통주,2026/02/11,2026/02/23,,,,,0,13992832,,
416,03133016,에스에이엠티 7R,KOSDAQ,신주인수권증서,보통주,2016/07/18,2016/07/25,,,,,0,18996815,,
417,08000010,에스엔유 19R,KOSDAQ,신주인수권증서,보통주,2010/07/19,2010/07/24,,,,,0,1375491,,
418,08000016,에스엔유 22R,KOSDAQ,신주인수권증서,보통주,2016/01/20,2016/01/27,,,,,0,4562156,,
419,04151012,에스엠 22R,KOSDAQ,신주인수권증서,보통주,2012/02/21,2012/02/28,,,,,0,1589239,,
420,1096101A,에스와이 11R,KOSDAQ,신주인수권증서,보통주,2020/09/22,2020/09/29,,,,,0,9994716,,
421,3653301F,에스와이스틸텍 3R,KOSDAQ,신주인수권증서,보통주,2025/08/19,2025/08/26,,,,,0,14990083,,
422,10961017,에스와이패널 4R,KOSDAQ,신주인수권증서,보통주,2017/01/20,2017/01/31,,,,,0,3796504,,
423,2552201G,에스지이 12R,KOSDAQ,신주인수권증서,보통주,2026/08/19,2026/08/26,,,,,0,40985582,,
424,2343001B,에스트래픽 11R,KOSDAQ,신주인수권증서,보통주,2021/12/02,2021/12/09,,,,,0,2789837,,
425,2343001A,에스트래픽 9R,KOSDAQ,신주인수권증서,보통주,2020/10/23,2020/10/30,,,,,0,5495374,,
426,03944018,에스티아이 14R,KOSDAQ,신주인수권증서,보통주,2018/02/27,2018/03/07,,,,,0,3080557,,
427,05202014,에스티큐브 15R,KOSDAQ,신주인수권증서,보통주,2014/12/02,2014/12/09,,,,,0,6998318,,
428,0520201C,에스티큐브 27R,KOSDAQ,신주인수권증서,보통주,2022/04/26,2022/05/03,,,,,0,11495335,,
429,2886201A,에스퓨얼셀 3R,KOSDAQ,신주인수권증서,보통주,2020/12/02,2020/12/09,,,,,0,787028,,
430,2986901A,에어부산 4R,KOSPI,신주인수권증서,보통주,2020/11/06,2020/11/13,,,,,0,23990552,,
431,2986901B,에어부산 5R,KOSPI,신주인수권증서,보통주,2021/09/03,2021/09/10,,,,,0,106235101,,
432,2986901C,에어부산 7R,KOSPI,신주인수권증서,보통주,2022/08/31,2022/09/07,,,,,0,49370012,,
433,05463017,에이디칩스 19R,KOSDAQ,신주인수권증서,보통주,2017/10/20,2017/10/27,,,,,0,11996748,,
434,05463019,에이디칩스 21R,KOSDAQ,신주인수권증서,보통주,2019/10/21,2019/10/28,,,,,0,16991281,,
435,0546301B,에이디칩스 26R,KOSDAQ,신주인수권증서,보통주,2021/07/22,2021/07/29,,,,,0,26685760,,
436,2007101A,에이디테크놀로지 16R,KOSDAQ,신주인수권증서,보통주,2020/06/22,2020/06/29,,,,,0,3194320,,
437,07852017,에이블씨엔씨 19R,KOSPI,신주인수권증서,보통주,2017/12/06,2017/12/13,,,,,0,6497721,,
438,2034001F,에이비온 67R,KOSDAQ,신주인수권증서,보통주,2025/11/05,2025/11/12,,,,,0,20589439,,
439,0888001D,에이스테크 25R,KOSDAQ,신주인수권증서,보통주,2023/08/30,2023/09/06,,,,,0,24971922,,
440,07193010,에이스하이텍 27R,KOSDAQ,신주인수권증서,보통주,2010/12/07,2010/12/14,,,,,0,8998834,,
441,01526012,에이엔피 31R,KOSPI,신주인수권증서,보통주,2012/04/20,2012/04/27,,,,,0,9199605,,
442,01526018,에이엔피 33R,KOSPI,신주인수권증서,보통주,2018/01/25,2018/02/01,,,,,0,27275030,,
443,0283001A,에이치엘비 78R,KOSDAQ,신주인수권증서,보통주,2020/05/11,2020/05/18,,,,,0,4249738,,
444,0283001C,에이치엘비 86R,KOSDAQ,신주인수권증서,보통주,2022/11/16,2022/11/23,,,,,0,9499322,,
445,06763018,에이치엘비생명과학 23R,KOSDAQ,신주인수권증서,보통주,2018/09/21,2018/10/04,,,,,0,9019133,,
446,0479201G,에이치엘비제약 45R,KOSDAQ,신주인수권증서,보통주,2026/08/26,2026/09/02,,,,,0,10736892,,
447,3556901G,에이텀 6R,KOSDAQ,신주인수권증서,보통주,2026/04/07,2026/04/14,,,,,0,3995799,,
448,02108014,에이티넘인베스트7R,KOSDAQ,신주인수권증서,보통주,2014/07/08,2014/07/15,,,,,0,5997428,,
449,0895301B,에이티세미콘 26R,KOSDAQ,신주인수권증서,보통주,2021/09/07,2021/09/14,,,,,0,15992366,,
450,07357015,에이티테크놀러지 10R,KOSDAQ,신주인수권증서,보통주,2015/08/31,2015/09/07,,,,,0,7727694,,
451,0030601E,에이프로젠바이오로직스 94R,KOSPI,신주인수권증서,보통주,2024/06/03,2024/06/11,,,,,0,65749589,,
452,00306019,에이프로젠제약 87R,KOSPI,신주인수권증서,보통주,2019/07/08,2019/07/15,,,,,0,106886967,,
453,2302401A,에치에프알 7R,KOSDAQ,신주인수권증서,보통주,2020/12/02,2020/12/09,,,,,0,795134,,
454,0645101A,에코마이스터 16R,KOSDAQ,신주인수권증서,보통주,2020/06/19,2020/06/26,,,,,0,12993787,,
455,03887016,에코바이오홀딩스 25R,KOSDAQ,신주인수권증서,보통주,2016/06/30,2016/07/07,,,,,0,1798077,,
456,1013601E,에코앤드림 14R,KOSDAQ,신주인수권증서,보통주,2024/06/25,2024/07/02,,,,,0,3390394,,
457,1285401C,에코캡 3R,KOSDAQ,신주인수권증서,보통주,2022/05/06,2022/05/13,,,,,0,5594430,,
458,08652016,에코프로 21R,KOSDAQ,신주인수권증서,보통주,2016/11/18,2016/11/25,,,,,0,2094183,,
459,2475401C,에코프로비엠 15R,KOSDAQ,신주인수권증서,보통주,2022/05/30,2022/06/08,,,,,0,1247167,,
460,2475401G,에코프로비엠 18R,KOSDAQ,신주인수권증서,보통주,2026/09/28,2026/10/06,,,,,0,8673525,,
461,3833101E,에코프로에이치엔 3R,KOSDAQ,신주인수권증서,보통주,2024/11/04,2024/11/11,,,,,0,4488902,,
462,0381101B,에코플라스틱 6R,KOSDAQ,신주인수권증서,보통주,2021/10/21,2021/10/28,,,,,0,8483631,,
463,0381101D,에코플라스틱 7R,KOSDAQ,신주인수권증서,보통주,2023/10/20,2023/10/27,,,,,0,6982674,,
464,06516017,에프티이앤이 17R,KOSDAQ,신주인수권증서,보통주,2017/10/31,2017/11/07,,,,,0,13596940,,
465,3731101F,엑셀세라퓨틱스 11R,KOSDAQ,신주인수권증서,보통주,2025/10/28,2025/11/04,,,,,0,6337164,,
466,0703001F,엑스큐어 14R,KOSDAQ,신주인수권증서,보통주,2025/07/23,2025/07/30,,,,,0,7997853,,
467,0928701E,엑시콘 6R,KOSDAQ,신주인수권증서,보통주,2024/06/26,2024/07/03,,,,,0,2189745,,
468,0675701D,엔브이에이치코리아 10R,KOSDAQ,신주인수권증서,보통주,2023/07/06,2023/07/13,,,,,0,9337583,,
469,09840011,엔스퍼트 8R,KOSDAQ,신주인수권증서,보통주,2011/07/04,2011/07/09,,,,,0,14199008,,
470,3542001E,엔젠바이오 29R,KOSDAQ,신주인수권증서,보통주,2024/11/21,2024/11/28,,,,,0,5992150,,
471,3542001G,엔젠바이오 36R,KOSDAQ,신주인수권증서,보통주,2026/08/12,2026/08/20,,,,,0,7144342,,
472,1834902B,엔지켐생명과학 33R,KOSDAQ,신주인수권증서,보통주,2022/02/03,2022/02/10,,,,,0,5285594,,
473,08531017,엔케이 11R,KOSPI,신주인수권증서,보통주,2017/06/21,2017/06/28,,,,,0,27893702,,
474,08531014,엔케이10R,KOSPI,신주인수권증서,보통주,2014/07/17,2014/07/24,,,,,0,7717821,,
475,0098101A,엔케이물산 76R,KOSPI,신주인수권증서,보통주,2020/12/01,2020/12/08,,,,,0,37647313,,
476,20640017,엔터메이트 6R,KOSDAQ,신주인수권증서,보통주,2017/11/24,2017/12/01,,,,,0,5699043,,
477,04883017,엔피케이 12R,KOSDAQ,신주인수권증서,보통주,2017/09/25,2017/10/10,,,,,0,5797853,,
478,CYM0801D,엘브이엠씨홀딩스 10R,KOSPI,신주인수권증서,보통주,2023/02/09,2023/02/16,,,,,0,23489465,,
479,CYM0801A,엘브이엠씨홀딩스 8R,KOSPI,신주인수권증서,보통주,2020/09/09,2020/09/16,,,,,0,33223367,,
480,2906501G,엘앤씨바이오 12R,KOSDAQ,신주인수권증서,보통주,2026/09/23,2026/10/02,,,,,0,3604466,,
481,0669701A,엘앤에프 24R,KOSDAQ,신주인수권증서,보통주,2020/07/22,2020/07/29,,,,,0,2958867,,
482,0669701B,엘앤에프 27R,KOSDAQ,신주인수권증서,보통주,2021/07/02,2021/07/09,,,,,0,6271752,,
483,06697014,엘앤에프10R,KOSDAQ,신주인수권증서,보통주,2014/04/29,2014/05/09,,,,,0,1646627,,
484,1561001D,엘앤케이바이오 24R,KOSDAQ,신주인수권증서,보통주,2023/07/04,2023/07/11,,,,,0,6514942,,
485,12304017,엠에스오토텍 6R,KOSDAQ,신주인수권증서,보통주,2017/11/17,2017/11/24,,,,,0,11777849,,
486,12304014,엠에스오토텍3R,KOSDAQ,신주인수권증서,보통주,2014/10/21,2014/10/28,,,,,0,4160268,,
487,3232301B,엠에프엠코리아 7R,KOSDAQ,신주인수권증서,보통주,2021/11/19,2021/11/26,,,,,0,9997827,,
488,0327901D,엠젠솔루션 64R,KOSDAQ,신주인수권증서,보통주,2023/11/28,2023/12/05,,,,,0,9994033,,
489,07400011,엠텍비젼 10R,KOSDAQ,신주인수권증서,보통주,2011/06/20,2011/06/25,,,,,0,11631955,,
490,0333101B,엠투엔 16R,KOSDAQ,신주인수권증서,보통주,2021/07/29,2021/08/05,,,,,0,8293218,,
491,00753018,영신금속 6R,KOSDAQ,신주인수권증서,보통주,2018/04/12,2018/04/19,,,,,0,6538565,,
492,14354019,영우디에스피 16R,KOSDAQ,신주인수권증서,보통주,2019/01/29,2019/02/08,,,,,0,17998022,,
493,04506018,오공 5R,KOSDAQ,신주인수권증서,보통주,2018/08/24,2018/08/31,,,,,0,5417098,,
494,04612017,오르비텍 18R,KOSDAQ,신주인수권증서,보통주,2017/05/22,2017/05/29,,,,,0,6398290,,
495,00263013,오리엔트바이오 22R,KOSPI,신주인수권증서,보통주,2013/07/10,2013/07/17,,,,,0,18993988,,
496,00263015,오리엔트바이오 23R,KOSPI,신주인수권증서,보통주,2015/06/02,2015/06/09,,,,,0,54231102,,
497,00263019,오리엔트바이오 28R,KOSPI,신주인수권증서,보통주,2019/01/09,2019/01/16,,,,,0,52184842,,
498,06550016,오리엔트정공 16R,KOSDAQ,신주인수권증서,보통주,2016/05/23,2016/05/30,,,,,0,29998600,,
499,06550018,오리엔트정공 20R,KOSDAQ,신주인수권증서,보통주,2018/08/03,2018/08/10,,,,,0,49997154,,
500,0655001B,오리엔트정공 22R,KOSDAQ,신주인수권증서,보통주,2021/12/20,2021/12/27,,,,,0,8290500,,
501,06550014,오리엔트정공15R,KOSDAQ,신주인수권증서,보통주,2014/07/14,2014/07/21,,,,,0,9999129,,
502,05242018,오성첨단소재 30R,KOSDAQ,신주인수권증서,보통주,2018/04/27,2018/05/08,,,,,0,17488178,,
503,03920012,오스코텍 16R,KOSDAQ,신주인수권증서,보통주,2012/10/11,2012/10/18,,,,,0,4543595,,
504,0392001C,오스코텍 30R,KOSDAQ,신주인수권증서,보통주,2022/10/21,2022/10/28,,,,,0,6386115,,
505,13808017,오이솔루션 4R,KOSDAQ,신주인수권증서,보통주,2017/06/21,2017/06/28,,,,,0,1141444,,
506,13808019,오이솔루션 6R,KOSDAQ,신주인수권증서,보통주,2019/11/29,2019/12/06,,,,,0,710849,,
507,0671701F,오텍 12R,KOSDAQ,신주인수권증서,보통주,2025/07/17,2025/07/24,,,,,0,8489367,,
508,0575401D,옴니시스템 14R,KOSDAQ,신주인수권증서,보통주,2023/06/26,2023/07/03,,,,,0,14988712,,
509,05768018,옴니텔 30R,KOSDAQ,신주인수권증서,보통주,2018/10/15,2018/10/22,,,,,0,11993652,,
510,0075301E,와이엠 11R,KOSDAQ,신주인수권증서,보통주,2024/12/06,2024/12/13,,,,,0,5751302,,
511,0664301C,와이오엠 69R,KOSDAQ,신주인수권증서,보통주,2022/12/05,2022/12/12,,,,,0,19996241,,
512,12287014,와이지엔터테인먼트6R,KOSDAQ,신주인수권증서,보통주,2014/04/08,2014/04/15,,,,,0,907951,,
513,08923013,용현BM 8R,KOSDAQ,신주인수권증서,보통주,2013/08/13,2013/08/21,,,,,0,3997097,,
514,00472012,우리들제약 29R,KOSPI,신주인수권증서,보통주,2012/08/10,2012/08/20,,,,,0,10989430,,
515,11800015,우리들휴브레인 8R,KOSPI,신주인수권증서,보통주,2015/12/30,2016/01/08,,,,,0,6493587,,
516,1180001B,우리들휴브레인21R,KOSPI,신주인수권증서,보통주,2021/06/24,2021/07/01,,,,,0,27125201,,
517,15349016,우리이앤엘 4R,KOSDAQ,신주인수권증서,보통주,2016/01/12,2016/01/19,,,,,0,17898670,,
518,01005017,우리종금 31R,KOSPI,신주인수권증서,보통주,2017/11/27,2017/12/04,,,,,0,184004202,,
519,0100501A,우리종금 32R,KOSPI,신주인수권증서,보통주,2020/10/13,2020/10/20,,,,,0,181635193,,
520,00594011,우리투자증권 59R,KOSPI,신주인수권증서,보통주,2011/11/07,2011/11/14,,,,,0,53357228,,
521,02196012,우리파이낸셜 11R,KOSPI,신주인수권증서,보통주,2012/07/05,2012/07/12,,,,,0,4052437,,
522,01108013,우성I&C 6R,KOSDAQ,신주인수권증서,보통주,2013/07/01,2013/07/08,,,,,0,9999443,,
523,19461017,우성아이비 10R,KOSDAQ,신주인수권증서,보통주,2017/04/21,2017/04/28,,,,,0,5114914,,
524,06659016,우수AMS 9R,KOSDAQ,신주인수권증서,보통주,2016/07/18,2016/07/25,,,,,0,6596130,,
525,01862018,우진비앤지 13R,KOSDAQ,신주인수권증서,보통주,2018/01/15,2018/01/22,,,,,0,2397562,,
526,01862019,우진비앤지 15R,KOSDAQ,신주인수권증서,보통주,2019/01/24,2019/01/31,,,,,0,9747841,,
527,09572018,웅진씽크빅 7R,KOSPI,신주인수권증서,보통주,2018/12/21,2019/01/02,,,,,0,33594377,,
528,09572014,웅진씽크빅6R,KOSPI,신주인수권증서,보통주,2014/10/14,2014/10/21,,,,,0,4547472,,
529,10313016,웅진에너지 10R,KOSPI,신주인수권증서,보통주,2016/09/09,2016/09/21,,,,,0,11787232,,
530,03294018,원익 12R,KOSDAQ,신주인수권증서,보통주,2018/03/26,2018/04/02,,,,,0,5298283,,
531,01419017,원익큐브 21R,KOSDAQ,신주인수권증서,보통주,2017/09/26,2017/10/11,,,,,0,7996893,,
532,2178201D,원익피앤이 8R,KOSDAQ,신주인수권증서,보통주,2023/10/16,2023/10/23,,,,,0,4969941,,
533,00829015,원풍물산 18R,KOSDAQ,신주인수권증서,보통주,2015/07/24,2015/07/31,,,,,0,1681358,,
534,10116014,월덱스3R,KOSDAQ,신주인수권증서,보통주,2014/09/24,2014/10/01,,,,,0,6499337,,
535,0952701A,웨이브일렉트로 13R,KOSDAQ,신주인수권증서,보통주,2020/09/04,2020/09/11,,,,,0,3697596,,
536,03979013,위노바 23R,KOSDAQ,신주인수권증서,보통주,2013/10/28,2013/11/04,,,,,0,21996369,,
537,03609014,위지트20R,KOSDAQ,신주인수권증서,보통주,2014/12/02,2014/12/09,,,,,0,21997300,,
538,0978001E,윈팩 15R,KOSDAQ,신주인수권증서,보통주,2024/04/19,2024/04/26,,,,,0,54870352,,
539,09780017,윈팩 9R,KOSDAQ,신주인수권증서,보통주,2017/11/20,2017/11/27,,,,,0,16997923,,
540,01800015,유니슨 17R,KOSDAQ,신주인수권증서,보통주,2015/11/19,2015/11/26,,,,,0,14394484,,
541,01800018,유니슨 20R,KOSDAQ,신주인수권증서,보통주,2018/01/22,2018/01/29,,,,,0,12988127,,
542,0180001E,유니슨 26R,KOSDAQ,신주인수권증서,보통주,2024/04/08,2024/04/16,,,,,0,39864137,,
543,0180001F,유니슨 27R,KOSDAQ,신주인수권증서,보통주,2025/08/25,2025/09/01,,,,,0,50961825,,
544,01133013,유니켐 31R,KOSPI,신주인수권증서,보통주,2013/01/22,2013/01/29,,,,,0,29998077,,
545,1422101C,유니트론텍 7R,KOSDAQ,신주인수권증서,보통주,2022/05/16,2022/05/23,,,,,0,2993990,,
546,2066501A,유바이오로직스 44R,KOSDAQ,신주인수권증서,보통주,2020/12/02,2020/12/09,,,,,0,3661565,,
547,02480011,유성티엔에스 7R,KOSDAQ,신주인수권증서,보통주,2011/10/18,2011/10/25,,,,,0,3337347,,
548,02480012,유성티엔에스 8R,KOSDAQ,신주인수권증서,보통주,2012/10/08,2012/10/15,,,,,0,4856808,,
549,02480014,유성티엔에스9R,KOSDAQ,신주인수권증서,보통주,2014/06/24,2014/07/01,,,,,0,6567780,,
550,3409301F,유일에너테크 8R,KOSDAQ,신주인수권증서,보통주,2025/12/03,2025/12/10,,,,,0,18787735,,
551,00120014,유진투자증권24R,KOSPI,신주인수권증서,보통주,2014/08/29,2014/09/05,,,,,0,31087201,,
552,2630501C,유틸렉스 29R,KOSDAQ,신주인수권증서,보통주,2022/06/15,2022/06/22,,,,,0,6991798,,
553,04496014,이-글 벳5R,KOSDAQ,신주인수권증서,보통주,2014/10/14,2014/10/21,,,,,0,3598497,,
554,06023015,이그잭스 33R,KOSDAQ,신주인수권증서,보통주,2015/09/15,2015/09/22,,,,,0,8999099,,
555,06023016,이그잭스 34R,KOSDAQ,신주인수권증서,보통주,2016/11/25,2016/12/02,,,,,0,12998272,,
556,4623501F,이노스페이스 33R,KOSDAQ,신주인수권증서,보통주,2025/10/22,2025/10/29,,,,,0,4268926,,
557,4623501G,이노스페이스 40R,KOSDAQ,신주인수권증서,보통주,2026/05/18,2026/05/26,,,,,0,6962553,,
558,2157901A,이노인스트루먼트 7R,KOSDAQ,신주인수권증서,보통주,2020/03/18,2020/03/25,,,,,0,19997198,,
559,08839013,이녹스 10R,KOSDAQ,신주인수권증서,보통주,2013/08/02,2013/08/09,,,,,0,988048,,
560,05421016,이랜텍 7R,KOSDAQ,신주인수권증서,보통주,2016/06/02,2016/06/10,,,,,0,3996136,,
561,0097301E,이렘 48R,KOSDAQ,신주인수권증서,보통주,2024/07/22,2024/07/29,,,,,0,15492391,,
562,06544018,이루온 10R,KOSDAQ,신주인수권증서,보통주,2018/08/27,2018/09/03,,,,,0,11996822,,
563,06544016,이루온 9R,KOSDAQ,신주인수권증서,보통주,2016/09/23,2016/09/30,,,,,0,3696559,,
564,4248701G,이뮨온시아 25R,KOSDAQ,신주인수권증서,보통주,2026/04/24,2026/05/04,,,,,0,16810570,,
565,1156101F,이미지스 25R,KOSDAQ,신주인수권증서,보통주,2025/07/18,2025/07/25,,,,,0,6296128,,
566,08689015,이수앱지스 20R,KOSDAQ,신주인수권증서,보통주,2015/07/10,2015/07/17,,,,,0,4135944,,
567,08689017,이수앱지스 21R,KOSDAQ,신주인수권증서,보통주,2017/11/07,2017/11/14,,,,,0,4935208,,
568,0076601B,이수페타시스 5R,KOSPI,신주인수권증서,보통주,2021/10/13,2021/10/20,,,,,0,17575605,,
569,0076601F,이수페타시스 6R,KOSPI,신주인수권증서,보통주,2025/03/24,2025/03/31,,,,,0,9812900,,
570,0059501A,이수화학 21R,KOSPI,신주인수권증서,보통주,2020/07/13,2020/07/20,,,,,0,7793485,,
571,4186201F,이에이트 11R,KOSDAQ,신주인수권증서,보통주,2025/02/25,2025/03/05,,,,,0,3191956,,
572,09419016,이엘케이 13R,KOSDAQ,신주인수권증서,보통주,2016/06/03,2016/06/13,,,,,0,12156282,,
573,09419017,이엘케이 16R,KOSDAQ,신주인수권증서,보통주,2017/05/29,2017/06/05,,,,,0,34995241,,
574,07919015,이엠따블유 12R,KOSDAQ,신주인수권증서,보통주,2015/09/17,2015/09/24,,,,,0,8498644,,
575,07919013,이엠따블유9R,KOSDAQ,신주인수권증서,보통주,2013/10/11,2013/10/18,,,,,0,1398823,,
576,09519017,이엠코리아 11R,KOSDAQ,신주인수권증서,보통주,2017/11/29,2017/12/06,,,,,0,9627298,,
577,0911201C,이엠텍 25R,KOSDAQ,신주인수권증서,보통주,2022/06/24,2022/07/01,,,,,0,1236849,,
578,2940901B,이오플로우 14R,KOSDAQ,신주인수권증서,보통주,2021/12/21,2021/12/28,,,,,0,2984797,,
579,2940901E,이오플로우 19R,KOSDAQ,신주인수권증서,보통주,2024/11/18,2024/11/25,,,,,0,9078840,,
580,3505201E,이지스레지던스리츠 5R,KOSPI,신주인수권증서,보통주,2024/09/11,2024/09/23,,,,,0,8504575,,
581,3348901D,이지스밸류플러스리츠 5R,KOSPI,신주인수권증서,보통주,2023/07/07,2023/07/14,,,,,0,14696522,,
582,3348901F,이지스밸류플러스리츠 6R,KOSPI,신주인수권증서,보통주,2025/09/22,2025/09/29,,,,,0,18000197,,
583,09604015,이트론 18R,KOSDAQ,신주인수권증서,보통주,2015/07/13,2015/07/20,,,,,0,43997388,,
584,09604014,이트론13R,KOSDAQ,신주인수권증서,보통주,2014/05/13,2014/05/20,,,,,0,19888656,,
585,00184014,이화공영6R,KOSDAQ,신주인수권증서,보통주,2014/06/02,2014/06/11,,,,,0,2150866,,
586,02481013,이화전기 28R,KOSDAQ,신주인수권증서,보통주,2013/06/10,2013/06/17,,,,,0,27990794,,
587,02481014,이화전기 30R,KOSDAQ,신주인수권증서,보통주,2015/01/06,2015/01/13,,,,,0,44990233,,
588,0799501G,인베니아 10R,KOSDAQ,신주인수권증서,보통주,2026/01/19,2026/01/26,,,,,0,7997179,,
589,0332301A,인성정보 21R,KOSDAQ,신주인수권증서,보통주,2020/12/28,2021/01/06,,,,,0,8316762,,
590,0332301E,인성정보 23R,KOSDAQ,신주인수권증서,보통주,2024/06/04,2024/06/12,,,,,0,10548374,,
591,05137013,인터플렉스 4R,KOSDAQ,신주인수권증서,보통주,2013/09/26,2013/10/03,,,,,0,2393767,,
592,05137016,인터플렉스 5R,KOSDAQ,신주인수권증서,보통주,2016/11/08,2016/11/15,,,,,0,4695758,,
593,05137017,인터플렉스 6R,KOSDAQ,신주인수권증서,보통주,2017/11/23,2017/11/30,,,,,0,2245119,,
594,1893001B,인텔리안테크 12R,KOSDAQ,신주인수권증서,보통주,2021/07/08,2021/07/15,,,,,0,1508237,,
595,1893001D,인텔리안테크 15R,KOSDAQ,신주인수권증서,보통주,2023/06/20,2023/06/27,,,,,0,1481320,,
596,04102017,인프라웨어 12R,KOSDAQ,신주인수권증서,보통주,2017/04/05,2017/04/12,,,,,0,12994616,,
597,04102010,인프라웨어 8R,KOSDAQ,신주인수권증서,보통주,2010/02/12,2010/02/20,,,,,0,1900793,,
598,05845018,일야 7R,KOSDAQ,신주인수권증서,보통주,2018/10/18,2018/10/25,,,,,0,6116768,,
599,08100019,일진다이아몬드 5R,KOSPI,신주인수권증서,보통주,2019/07/17,2019/07/24,,,,,0,2333891,,
600,0207601B,일진디스플 19R,KOSPI,신주인수권증서,보통주,2021/01/25,2021/02/01,,,,,0,4917362,,
601,0207601C,일진디스플레이 20R,KOSPI,신주인수권증서,보통주,2022/02/11,2022/02/21,,,,,0,13627320,,
602,02015017,일진머티리얼즈 5R,KOSPI,신주인수권증서,보통주,2017/08/11,2017/08/21,,,,,0,5430214,,
603,1035901D,일진전기 2R,KOSPI,신주인수권증서,보통주,2024/01/05,2024/01/12,,,,,0,8474850,,
604,04955017,잉크테크 10R,KOSDAQ,신주인수권증서,보통주,2017/11/28,2017/12/05,,,,,0,5697879,,
605,2541201D,자비스 11R,KOSDAQ,신주인수권증서,보통주,2023/04/14,2023/04/21,,,,,0,6494837,,
606,2216101A,자안 8R,KOSDAQ,신주인수권증서,보통주,2020/11/20,2020/11/27,,,,,0,139994414,,
607,04391015,자연과환경 28R,KOSDAQ,신주인수권증서,보통주,2015/07/21,2015/07/28,,,,,0,7995757,,
608,04391017,자연과환경 31R,KOSDAQ,신주인수권증서,보통주,2017/05/26,2017/06/02,,,,,0,9591502,,
609,04391019,자연과환경 32R,KOSDAQ,신주인수권증서,보통주,2019/07/19,2019/07/26,,,,,0,19189903,,
610,0439101B,자연과환경 34R,KOSDAQ,신주인수권증서,보통주,2021/12/21,2021/12/28,,,,,0,19479628,,
611,0439101E,자연과환경 35R,KOSDAQ,신주인수권증서,보통주,2024/07/05,2024/07/12,,,,,0,31979421,,
612,03286013,자원 44R,KOSDAQ,신주인수권증서,보통주,2013/09/02,2013/09/09,,,,,0,18329815,,
613,04684012,자유투어 11R,KOSDAQ,신주인수권증서,보통주,2012/08/17,2012/08/24,,,,,0,21737137,,
614,2892201B,자이언트스텝 11R,KOSDAQ,신주인수권증서,보통주,2021/11/24,2021/12/01,,,,,0,1154837,,
615,3174001B,자이에스앤디 3R,KOSPI,신주인수권증서,보통주,2021/04/09,2021/04/16,,,,,0,9589512,,
616,04963018,재영솔루텍 13R,KOSDAQ,신주인수권증서,보통주,2018/11/29,2018/12/06,,,,,0,24990971,,
617,1100201A,전진바이오팜 22R,KOSDAQ,신주인수권증서,보통주,2020/11/05,2020/11/12,,,,,0,1245159,,
618,2081401A,정다운 10R,KOSDAQ,신주인수권증서,보통주,2020/09/22,2020/09/29,,,,,0,10796923,,
619,0957001C,제넥신 149R,KOSDAQ,신주인수권증서,보통주,2022/12/15,2022/12/22,,,,,0,5750084,,
620,03310014,제룡전기14R,KOSDAQ,신주인수권증서,보통주,2014/10/07,2014/10/15,,,,,0,3747079,,
621,09669016,제이스테판 9R,KOSDAQ,신주인수권증서,보통주,2016/11/25,2016/12/02,,,,,0,78594920,,
622,13795015,제이씨케미칼 3R,KOSDAQ,신주인수권증서,보통주,2015/11/23,2015/11/30,,,,,0,5701953,,
623,3489501C,제이알글로벌리츠 4R,KOSPI,신주인수권증서,보통주,2022/06/28,2022/07/05,,,,,0,31766270,,
624,12688016,제이엔케이히터 3R,KOSDAQ,신주인수권증서,보통주,2016/07/12,2016/07/19,,,,,0,3498906,,
625,3225101E,제이엘케이 29R,KOSDAQ,신주인수권증서,보통주,2024/09/13,2024/09/25,,,,,0,5121241,,
626,0256201B,제이준코스메틱 92R,KOSPI,신주인수권증서,보통주,2021/07/08,2021/07/15,,,,,0,18489671,,
627,03642018,제이콘텐트리 25R,KOSDAQ,신주인수권증서,보통주,2018/08/22,2018/08/29,,,,,0,29991028,,
628,03642015,제이콘텐트리24R,KOSDAQ,신주인수권증서,보통주,2015/07/08,2015/07/15,,,,,0,42994191,,
629,05267015,제일바이오 5R,KOSDAQ,신주인수권증서,보통주,2015/08/13,2015/08/21,,,,,0,5261714,,
630,02344015,제일제강 9R,KOSDAQ,신주인수권증서,보통주,2015/07/14,2015/07/21,,,,,0,7999350,,
631,02344014,제일제강8R,KOSDAQ,신주인수권증서,보통주,2014/03/21,2014/03/28,,,,,0,3831045,,
632,00622018,제주은행 27R,KOSPI,신주인수권증서,보통주,2018/10/19,2018/10/26,,,,,0,7997826,,
633,0895901A,제주항공 13R,KOSPI,신주인수권증서,보통주,2020/07/22,2020/07/29,,,,,0,9693746,,
634,0895901B,제주항공 15R,KOSPI,신주인수권증서,보통주,2021/09/30,2021/10/08,,,,,0,8976417,,
635,0895901C,제주항공 16R,KOSPI,신주인수권증서,보통주,2022/10/18,2022/10/25,,,,,0,21747204,,
636,2290001D,젠큐릭스 25R,KOSDAQ,신주인수권증서,보통주,2023/03/28,2023/04/04,,,,,0,6470246,,
637,0184701B,조일알미늄 14R,KOSPI,신주인수권증서,보통주,2021/11/24,2021/12/01,,,,,0,15973988,,
638,0333401A,좋은사람들 8R,KOSDAQ,신주인수권증서,보통주,2020/01/15,2020/03/13,,,,,0,19987519,,
639,03693012,주성엔지니어링 52R,KOSDAQ,신주인수권증서,보통주,2012/12/03,2012/12/10,,,,,0,6584532,,
640,03693014,주성엔지니어링53R,KOSDAQ,신주인수권증서,보통주,2014/06/19,2014/06/26,,,,,0,6982574,,
641,04438017,주연테크 9R,KOSPI,신주인수권증서,보통주,2017/11/28,2017/12/05,,,,,0,27996767,,
642,07202018,중앙백신 4R,KOSDAQ,신주인수권증서,보통주,2018/06/26,2018/07/03,,,,,0,880281,,
643,11457015,지스마트글로벌 10R,KOSDAQ,신주인수권증서,보통주,2015/10/05,2015/10/13,,,,,0,1495049,,
644,3585701F,지아이이노베이션 36R,KOSDAQ,신주인수권증서,보통주,2025/03/04,2025/03/11,,,,,0,11636113,,
645,00125016,지에스글로벌 43R,KOSPI,신주인수권증서,보통주,2016/05/17,2016/05/24,,,,,0,53997319,,
646,0650601F,지엔코 31R,KOSDAQ,신주인수권증서,보통주,2025/06/24,2025/07/01,,,,,0,12995523,,
647,20484019,지엘팜텍 11R,KOSDAQ,신주인수권증서,보통주,2019/12/24,2020/01/03,,,,,0,8894354,,
648,01829016,지엠피 18R,KOSDAQ,신주인수권증서,보통주,2016/07/29,2016/08/05,,,,,0,13838775,,
649,01058016,지코 11R,KOSPI,신주인수권증서,보통주,2016/10/07,2016/10/14,,,,,0,11197886,,
650,03689012,진성티이씨 7R,KOSDAQ,신주인수권증서,보통주,2012/06/22,2012/06/29,,,,,0,1998798,,
651,00378013,진양산업 32R,KOSPI,신주인수권증서,보통주,2013/04/22,2013/04/29,,,,,0,2999503,,
652,0106401G,진양폴리 12R,KOSPI,신주인수권증서,보통주,2026/02/02,2026/02/09,,,,,0,6698548,,
653,1002501G,진양홀딩스 5R,KOSPI,신주인수권증서,보통주,2026/02/09,2026/02/19,,,,,0,8001562,,
654,0516301C,진양화학 6R,KOSPI,신주인수권증서,보통주,2022/07/21,2022/07/28,,,,,0,3797973,,
655,0516301E,진양화학 7R,KOSPI,신주인수권증서,보통주,2024/10/10,2024/10/17,,,,,0,5398323,,
656,2724501A,진에어 4R,KOSPI,신주인수권증서,보통주,2020/10/08,2020/10/16,,,,,0,11988571,,
657,2724501B,진에어 5R,KOSPI,신주인수권증서,보통주,2021/10/18,2021/10/25,,,,,0,5735939,,
658,01100017,진원생명과학 33R,KOSPI,신주인수권증서,보통주,2017/10/25,2017/11/01,,,,,0,4979352,,
659,01100019,진원생명과학 36R,KOSPI,신주인수권증서,보통주,2019/12/30,2020/01/08,,,,,0,10991926,,
660,0110001A,진원생명과학 39R,KOSPI,신주인수권증서,보통주,2020/06/08,2020/06/15,,,,,0,11472430,,
661,0110001B,진원생명과학 49R,KOSPI,신주인수권증서,보통주,2021/10/28,2021/11/04,,,,,0,5679322,,
662,01100014,진원생명과학18R,KOSPI,신주인수권증서,보통주,2014/09/22,2014/09/29,,,,,0,18810245,,
663,0856601F,차바이오텍 79R,KOSDAQ,신주인수권증서,보통주,2025/05/07,2025/05/14,,,,,0,20090184,,
664,HKG04487,차이나하오란 5R,KOSDAQ,신주인수권증서,보통주,2017/07/24,2017/07/31,,,,,0,39996979,,
665,HKG04024,차이나하오란3R,KOSDAQ,신주인수권증서,보통주,2014/09/25,2014/10/02,,,,,0,13999238,,
666,0663601B,체리부로 6R,KOSDAQ,신주인수권증서,보통주,2021/08/23,2021/08/30,,,,,0,18996045,,
667,03325015,체시스 7R,KOSPI,신주인수권증서,보통주,2015/11/11,2015/11/18,,,,,0,5926037,,
668,0332501A,체시스 8R,KOSPI,신주인수권증서,보통주,2020/12/24,2021/01/05,,,,,0,6394151,,
669,0478201A,초록뱀 43R,KOSDAQ,신주인수권증서,보통주,2020/07/17,2020/07/24,,,,,0,35566025,,
670,01692017,카스 17R,KOSDAQ,신주인수권증서,보통주,2017/09/26,2017/10/11,,,,,0,4768794,,
671,2846201C,카이노스메드 42R,KOSDAQ,신주인수권증서,보통주,2022/08/12,2022/08/22,,,,,0,5594048,,
672,0718501E,캐스텍코리아 7R,KOSDAQ,신주인수권증서,보통주,2024/05/30,2024/06/07,,,,,0,7161945,,
673,0501101G,캠시스 22R,KOSDAQ,신주인수권증서,보통주,2026/03/24,2026/03/31,,,,,0,14444950,,
674,07834015,컴투스 12R,KOSDAQ,신주인수권증서,보통주,2015/07/15,2015/07/22,,,,,0,1595895,,
675,00854010,케이비물산31R,KOSPI,신주인수권증서,보통주,2011/03/28,2011/04/04,,,,,0,12496221,,
676,0089702F,케이비아이동양철관 45R,KOSPI,신주인수권증서,보통주,2025/11/18,2025/11/25,,,,,0,23838173,,
677,1196501C,케이씨코트렐 8R,KOSPI,신주인수권증서,보통주,2022/12/02,2022/12/09,,,,,0,16475538,,
678,02588016,케이씨피드 8R,KOSDAQ,신주인수권증서,보통주,2016/07/07,2016/07/14,,,,,0,3166820,,
679,00746012,케이아이씨 13R,KOSPI,신주인수권증서,보통주,2012/05/10,2012/05/17,,,,,0,12996320,,
680,0730101E,케이에스피 17R,KOSDAQ,신주인수권증서,보통주,2024/01/25,2024/02/01,,,,,0,3997394,,
681,1053301A,케이엔더블유 6R,KOSDAQ,신주인수권증서,보통주,2020/08/25,2020/09/01,,,,,0,4599344,,
682,03250018,케이엠더블유 4R,KOSDAQ,신주인수권증서,보통주,2018/11/21,2018/11/28,,,,,0,2163006,,
683,2254301A,케이엠제약 6R,KOSDAQ,신주인수권증서,보통주,2020/11/04,2020/11/11,,,,,0,6493195,,
684,0922201D,케이이씨 14R,KOSPI,신주인수권증서,보통주,2023/06/02,2023/06/12,,,,,0,55964468,,
685,10907016,케이지피20R,KOSPI,신주인수권증서,보통주,2016/10/19,2016/10/26,,,,,0,27996650,,
686,4020301F,코난테크놀로지 8R,KOSDAQ,신주인수권증서,보통주,2025/09/23,2025/09/30,,,,,0,985177,,
687,09486013,코닉글로리 12R,KOSDAQ,신주인수권증서,보통주,2013/03/07,2013/03/14,,,,,0,6478533,,
688,09486014,코닉글로리14R,KOSDAQ,신주인수권증서,보통주,2014/07/17,2014/07/24,,,,,0,15198313,,
689,3571201E,코람코라이프인프라리츠 5R,KOSPI,신주인수권증서,보통주,2024/09/12,2024/09/24,,,,,0,8794415,,
690,3571201C,코람코에너지리츠 3R,KOSPI,신주인수권증서,보통주,2022/04/01,2022/04/08,,,,,0,18910367,,
691,07865016,코렌 12R,KOSDAQ,신주인수권증서,보통주,2016/10/21,2016/10/28,,,,,0,2997382,,
692,0786501A,코렌 17R,KOSDAQ,신주인수권증서,보통주,2020/10/14,2020/10/21,,,,,0,24295626,,
693,00781013,코리아써키트 18R,KOSPI,신주인수권증서,보통주,2013/05/10,2013/05/20,,,,,0,4684750,,
694,19282016,코스맥스 2R,KOSPI,신주인수권증서,보통주,2016/11/29,2016/12/06,,,,,0,832068,,
695,1928201B,코스맥스3R,KOSPI,신주인수권증서,보통주,2021/06/03,2021/06/10,,,,,0,1026715,,
696,00507019,코스모신소재 35R,KOSPI,신주인수권증서,보통주,2019/10/07,2019/10/15,,,,,0,7590502,,
697,0050701D,코스모신소재 38R,KOSPI,신주인수권증서,보통주,2023/10/20,2023/10/27,,,,,0,1542749,,
698,00542019,코스모화학 27R,KOSPI,신주인수권증서,보통주,2019/11/18,2019/11/25,,,,,0,7988771,,
699,0054201C,코스모화학 29R,KOSPI,신주인수권증서,보통주,2022/05/25,2022/06/02,,,,,0,2694852,,
700,0054201D,코스모화학 31R,KOSPI,신주인수권증서,보통주,2023/09/26,2023/10/10,,,,,0,2827690,,
701,04887012,코아로직14R,KOSDAQ,신주인수권증서,보통주,2012/09/19,2012/09/26,,,,,0,4998862,,
702,1664801F,코아스템켐온 32R,KOSDAQ,신주인수권증서,보통주,2025/10/14,2025/10/21,,,,,0,19985877,,
703,3844701F,코어라인소프트 31R,KOSDAQ,신주인수권증서,보통주,2025/05/19,2025/05/26,,,,,0,4937866,,
704,0030701C,코오롱글로벌 42PR,KOSPI,신주인수권증서,보통주,2022/11/16,2022/11/23,,,,,0,715102,,
705,10294016,코오롱생명과학 11R,KOSDAQ,신주인수권증서,보통주,2016/05/20,2016/05/27,,,,,0,865134,,
706,13849016,코오롱플라스틱 3R,KOSPI,신주인수권증서,보통주,2016/05/24,2016/05/31,,,,,0,7197542,,
707,1218501C,코이즈 13R,KOSDAQ,신주인수권증서,보통주,2022/05/06,2022/05/13,,,,,0,2990469,,
708,1218502C,코이즈 14R,KOSDAQ,신주인수권증서,보통주,2022/12/02,2022/12/09,,,,,0,10990122,,
709,1218501G,코이즈 16R,KOSDAQ,신주인수권증서,보통주,2026/01/09,2026/01/16,,,,,0,2991704,,
710,12185019,코이즈 9R,KOSDAQ,신주인수권증서,보통주,2019/07/18,2019/07/25,,,,,0,3499088,,
711,05233015,코텍 12R,KOSDAQ,신주인수권증서,보통주,2015/10/08,2015/10/16,,,,,0,2592948,,
712,03182018,콤텍시스템 6R,KOSPI,신주인수권증서,보통주,2018/02/22,2018/03/02,,,,,0,12796294,,
713,03182019,콤텍시스템 7R,KOSPI,신주인수권증서,보통주,2019/09/23,2019/09/30,,,,,0,15994447,,
714,0318201B,콤텍시스템 8R,KOSPI,신주인수권증서,보통주,2021/07/28,2021/08/04,,,,,0,42549778,,
715,4327201E,퀄리타스반도체 7R,KOSDAQ,신주인수권증서,보통주,2024/06/28,2024/07/05,,,,,0,2568799,,
716,3652701F,큐라클 57R,KOSDAQ,신주인수권증서,보통주,2025/07/25,2025/08/01,,,,,0,6980431,,
717,06028018,큐렉소 14R,KOSDAQ,신주인수권증서,보통주,2018/01/30,2018/02/06,,,,,0,4432858,,
718,04035013,큐로컴 34R,KOSDAQ,신주인수권증서,보통주,2013/08/16,2013/08/23,,,,,0,9892152,,
719,0517801F,큐로홀딩스 45R,KOSDAQ,신주인수권증서,보통주,2025/02/12,2025/02/19,,,,,0,9597154,,
720,3553901F,크라우드웍스 19R,KOSDAQ,신주인수권증서,보통주,2025/07/23,2025/07/30,,,,,0,4284209,,
721,04359018,크로바하이텍 7R,KOSDAQ,신주인수권증서,보통주,2018/08/23,2018/08/30,,,,,0,10297250,,
722,11412017,크루셜텍 13R,KOSDAQ,신주인수권증서,보통주,2017/05/17,2017/05/24,,,,,0,10489793,,
723,11412027,크루셜텍 15R,KOSDAQ,신주인수권증서,보통주,2017/12/15,2017/12/22,,,,,0,32989509,,
724,11412018,크루셜텍 17R,KOSDAQ,신주인수권증서,보통주,2018/11/23,2018/11/30,,,,,0,19987400,,
725,08379018,크리스탈 46R,KOSDAQ,신주인수권증서,보통주,2018/06/07,2018/06/15,,,,,0,2556129,,
726,4661001G,클로봇 12R,KOSDAQ,신주인수권증서,보통주,2026/07/29,2026/08/05,,,,,0,5420553,,
727,06713010,클루넷 35R,KOSDAQ,신주인수권증서,보통주,2010/12/14,2010/12/21,,,,,0,12996526,,
728,3527701D,클리노믹스 10R,KOSDAQ,신주인수권증서,보통주,2023/07/17,2023/07/24,,,,,0,7790776,,
729,3232801F,태성 9R,KOSDAQ,신주인수권증서,보통주,2025/01/31,2025/02/07,,,,,0,4541426,,
730,07252015,태양기전 4R,KOSDAQ,신주인수권증서,보통주,2015/11/23,2015/11/30,,,,,0,12498997,,
731,00798013,태평양물산 12R,KOSPI,신주인수권증서,보통주,2013/10/18,2013/10/28,,,,,0,6317257,,
732,09561016,테스 9R,KOSDAQ,신주인수권증서,보통주,2016/03/21,2016/03/28,,,,,0,1571690,,
733,2002301F,텔콘RF제약 33R,KOSDAQ,신주인수권증서,보통주,2025/07/24,2025/07/31,,,,,0,10806658,,
734,2144201B,토니모리 5R,KOSPI,신주인수권증서,보통주,2021/12/01,2021/12/08,,,,,0,5494625,,
735,1998001G,툴젠 39R,KOSDAQ,신주인수권증서,보통주,2026/09/01,2026/09/08,,,,,0,769896,,
736,02615018,특수건설 7R,KOSDAQ,신주인수권증서,보통주,2018/09/21,2018/10/04,,,,,0,4997548,,
737,0261501B,특수건설9R,KOSDAQ,신주인수권증서,보통주,2021/07/23,2021/07/30,,,,,0,1481575,,
738,2467101F,티앤알바이오팹 23R,KOSDAQ,신주인수권증서,보통주,2025/09/26,2025/10/10,,,,,0,15898327,,
739,3568601G,티엘비 4R,KOSDAQ,신주인수권증서,보통주,2026/06/19,2026/06/26,,,,,0,2059949,,
740,0918101A,티웨이항공 19R,KOSPI,신주인수권증서,보통주,2020/07/10,2020/07/17,,,,,0,19989966,,
741,0918102A,티웨이항공 19R,KOSPI,신주인수권증서,보통주,2020/10/21,2020/10/28,,,,,0,35989141,,
742,0918101C,티웨이항공 22R,KOSPI,신주인수권증서,보통주,2022/04/01,2022/04/08,,,,,0,39965118,,
743,0918101G,티웨이항공 28R,KOSPI,신주인수권증서,보통주,2026/02/20,2026/02/27,,,,,0,61558049,,
744,0048701B,티웨이홀딩스 52R,KOSPI,신주인수권증서,보통주,2021/12/03,2021/12/10,,,,,0,31993053,,
745,04320016,파루 23R,KOSDAQ,신주인수권증서,보통주,2016/05/17,2016/05/24,,,,,0,9992512,,
746,04320014,파루20R,KOSDAQ,신주인수권증서,보통주,2014/06/18,2014/06/25,,,,,0,5493794,,
747,2083401B,파멥신 18R,KOSDAQ,신주인수권증서,보통주,2021/07/23,2021/07/30,,,,,0,6287667,,
748,00569012,파미셀 27R,KOSPI,신주인수권증서,보통주,2012/05/31,2012/06/08,,,,,0,7393982,,
749,04912013,파인디앤씨 14R,KOSDAQ,신주인수권증서,보통주,2013/08/01,2013/08/08,,,,,0,5848083,,
750,10624013,파인테크닉스 4R,KOSDAQ,신주인수권증서,보통주,2013/04/22,2013/04/29,,,,,0,5498207,,
751,13176016,파인텍 10R,KOSDAQ,신주인수권증서,보통주,2016/12/16,2016/12/23,,,,,0,2497796,,
752,13176019,파인텍 13R,KOSDAQ,신주인수권증서,보통주,2019/04/15,2019/04/22,,,,,0,32995862,,
753,02804014,파캔OPC22R,KOSDAQ,신주인수권증서,보통주,2014/10/22,2014/10/29,,,,,0,16998225,,
754,19451015,파티게임즈 8R,KOSDAQ,신주인수권증서,보통주,2015/10/12,2015/10/19,,,,,0,997404,,
755,0328001B,판타지오 39R,KOSDAQ,신주인수권증서,보통주,2021/05/20,2021/05/27,,,,,0,249991674,,
756,0328001E,판타지오 44R,KOSDAQ,신주인수권증서,보통주,2024/03/28,2024/04/04,,,,,0,111982292,,
757,05430017,팬스타엔터프라이즈 25R,KOSDAQ,신주인수권증서,보통주,2017/11/03,2017/11/10,,,,,0,13598302,,
758,1876601G,페니트리움바이오 10R,KOSDAQ,신주인수권증서,보통주,2026/07/21,2026/07/28,,,,,0,8478636,,
759,00102016,페이퍼코리아 35R,KOSPI,신주인수권증서,보통주,2016/10/13,2016/10/20,,,,,0,48793225,,
760,00102017,페이퍼코리아 38R,KOSPI,신주인수권증서,보통주,2017/11/22,2017/11/29,,,,,0,17592686,,
761,0010201D,페이퍼코리아 46R,KOSPI,신주인수권증서,보통주,2023/08/22,2023/08/29,,,,,0,241354553,,
762,0870101A,펩트론 18R,KOSDAQ,신주인수권증서,보통주,2020/12/02,2020/12/09,,,,,0,5019777,,
763,0870101E,펩트론 20R,KOSDAQ,신주인수권증서,보통주,2024/10/29,2024/11/05,,,,,0,2540820,,
764,09008019,평화산업 5R,KOSPI,신주인수권증서,보통주,2019/07/16,2019/07/23,,,,,0,18700000,,
765,3891401F,포바이포 15R,KOSDAQ,신주인수권증서,보통주,2025/11/24,2025/12/01,,,,,0,3082740,,
766,0166701A,포비스티앤씨 22R,KOSDAQ,신주인수권증서,보통주,2020/06/23,2020/06/30,,,,,0,43295737,,
767,0036701A,포스코케미칼 6R,KOSPI,신주인수권증서,보통주,2020/12/28,2021/01/06,,,,,0,14489286,,
768,0036701F,포스코퓨처엠 8R,KOSPI,신주인수권증서,보통주,2025/07/04,2025/07/11,,,,,0,9031323,,
769,05131014,포스코플랜텍14R,KOSPI,신주인수권증서,보통주,2014/02/19,2014/02/26,,,,,0,15148730,,
770,2341001C,폴라리스세원 9R,KOSDAQ,신주인수권증서,보통주,2022/06/28,2022/07/05,,,,,0,9976559,,
771,2201001A,퓨쳐켐 18R,KOSDAQ,신주인수권증서,보통주,2020/07/10,2020/07/17,,,,,0,3798131,,
772,2201001C,퓨쳐켐 21R,KOSDAQ,신주인수권증서,보통주,2022/09/23,2022/09/30,,,,,0,3305012,,
773,2201001G,퓨쳐켐 26R,KOSDAQ,신주인수권증서,보통주,2026/08/19,2026/08/26,,,,,0,3379204,,
774,05138013,피씨디렉트 3R,KOSDAQ,신주인수권증서,보통주,2013/09/09,2013/09/14,,,,,0,2216781,,
775,2418201D,피씨엘 17R,KOSDAQ,신주인수권증서,보통주,2023/08/18,2023/08/25,,,,,0,5193172,,
776,0578801B,피에이치씨 33R,KOSDAQ,신주인수권증서,보통주,2021/08/19,2021/08/26,,,,,0,37972697,,
777,1477601G,피엠티 5R,KOSDAQ,신주인수권증서,보통주,2026/06/04,2026/06/11,,,,,0,8948545,,
778,3048401D,피플바이오 8R,KOSDAQ,신주인수권증서,보통주,2023/09/19,2023/09/26,,,,,0,5065726,,
779,0331801B,필룩스 34R,KOSPI,신주인수권증서,보통주,2021/02/24,2021/03/04,,,,,0,36056974,,
780,0673101B,하나마이크론 12R,KOSDAQ,신주인수권증서,보통주,2021/11/23,2021/11/30,,,,,0,7988039,,
781,0673101E,하나마이크론 17R,KOSDAQ,신주인수권증서,보통주,2024/07/11,2024/07/18,,,,,0,4954549,,
782,0391301C,하나투어 14R,KOSPI,신주인수권증서,보통주,2022/06/02,2022/06/10,,,,,0,1643446,,
783,13648017,하림 2R,KOSDAQ,신주인수권증서,보통주,2017/11/17,2017/11/24,,,,,0,32992345,,
784,3528201B,하이브 8R,KOSPI,신주인수권증서,보통주,2021/05/06,2021/05/13,,,,,0,2188181,,
785,1060801E,하이소닉 40R,KOSDAQ,신주인수권증서,보통주,2024/11/20,2024/11/27,,,,,0,9397603,,
786,06698013,하이쎌31R,KOSDAQ,신주인수권증서,보통주,2013/10/16,2013/10/23,,,,,0,10194172,,
787,06698014,하이쎌35R,KOSDAQ,신주인수권증서,보통주,2014/11/11,2014/11/18,,,,,0,24943436,,
788,03646023,한국가스공사2R,KOSPI,신주인수권증서,보통주,2013/10/01,2013/10/11,,,,,0,12061404,,
789,2568401C,한국비엔씨 16R,KOSDAQ,신주인수권증서,보통주,2022/02/17,2022/02/24,,,,,0,12940696,,
790,0807201A,한국유니온제약 5R,KOSDAQ,신주인수권증서,보통주,2020/08/20,2020/08/27,,,,,0,1993056,,
791,05330016,한국정보인증 3R,KOSDAQ,신주인수권증서,보통주,2016/12/05,2016/12/12,,,,,0,3898575,,
792,0629701E,한국첨단소재 10R,KOSDAQ,신주인수권증서,보통주,2024/12/03,2024/12/10,,,,,0,9868409,,
793,0629701G,한국첨단소재 12R,KOSDAQ,신주인수권증서,보통주,2026/02/23,2026/03/03,,,,,0,14987141,,
794,02376019,한국캐피탈 12R,KOSDAQ,신주인수권증서,보통주,2019/10/23,2019/10/30,,,,,0,147396962,,
795,02165017,한국큐빅 5R,KOSDAQ,신주인수권증서,보통주,2017/11/27,2017/12/04,,,,,0,4698521,,
796,00239014,한독 20R,KOSPI,신주인수권증서,보통주,2014/04/07,2014/04/14,,,,,0,1062987,,
797,12894013,한미약품5R,KOSPI,신주인수권증서,보통주,2014/01/13,2014/01/20,,,,,0,795287,,
798,03795012,한성엘컴텍 7R,KOSDAQ,신주인수권증서,보통주,2012/01/19,2012/01/28,,,,,0,10221767,,
799,0696401F,한세엠케이 7R,KOSPI,신주인수권증서,보통주,2025/06/10,2025/06/17,,,,,0,11758040,,
800,00918018,한솔로지스틱스 16R,KOSPI,신주인수권증서,보통주,2018/10/17,2018/10/24,,,,,0,8794338,,
801,09966015,한솔신텍 11R,KOSDAQ,신주인수권증서,보통주,2015/08/25,2015/09/01,,,,,0,15497558,,
802,09966016,한솔신텍 12R,KOSDAQ,신주인수권증서,보통주,2016/08/05,2016/08/12,,,,,0,12916535,,
803,09966014,한솔신텍9R,KOSDAQ,신주인수권증서,보통주,2014/09/24,2014/10/01,,,,,0,10969482,,
804,21350016,한솔제지 2R,KOSPI,신주인수권증서,보통주,2016/07/12,2016/07/19,,,,,0,2876894,,
805,00471011,한솔테크닉스 33R,KOSPI,신주인수권증서,보통주,2012/01/03,2012/01/10,,,,,0,2973292,,
806,00471013,한솔테크닉스 34R,KOSPI,신주인수권증서,보통주,2013/01/02,2013/01/09,,,,,0,4507800,,
807,00471019,한솔테크닉스 37R,KOSPI,신주인수권증서,보통주,2019/06/13,2019/06/20,,,,,0,7992165,,
808,0047101G,한솔테크닉스 39R,KOSPI,신주인수권증서,보통주,2026/06/26,2026/07/03,,,,,0,9920295,,
809,00471014,한솔테크닉스35R,KOSPI,신주인수권증서,보통주,2014/10/13,2014/10/20,,,,,0,4685281,,
810,0188801F,한온시스템 8R,KOSPI,신주인수권증서,보통주,2025/12/04,2025/12/11,,,,,0,277934330,,
811,02474018,한일단조 9R,KOSDAQ,신주인수권증서,보통주,2018/02/02,2018/02/09,,,,,0,11997052,,
812,00586016,한일사료 9R,KOSDAQ,신주인수권증서,보통주,2016/11/15,2016/11/22,,,,,0,7469927,,
813,12384018,한일진공 15R,KOSDAQ,신주인수권증서,보통주,2018/02/05,2018/02/12,,,,,0,14993593,,
814,1989401E,한주라이트메탈 17R,KOSDAQ,신주인수권증서,보통주,2024/06/04,2024/06/12,,,,,0,12993497,,
815,0023201A,한진 25R,KOSPI,신주인수권증서,보통주,2020/10/13,2020/10/20,,,,,0,2373576,,
816,09723014,한진중공업 5R,KOSPI,신주인수권증서,보통주,2014/07/22,2014/07/29,,,,,0,26384370,,
817,09723013,한진중공업4R,KOSPI,신주인수권증서,보통주,2013/02/26,2013/03/06,,,,,0,16783635,,
818,18064016,한진칼5R,KOSPI,신주인수권증서,보통주,2016/05/19,2016/05/26,,,,,0,6377356,,
819,11793010,한진해운 2R,KOSPI,신주인수권증서,보통주,2010/06/04,2010/06/11,,,,,0,10219160,,
820,0051101A,한창 45R,KOSPI,신주인수권증서,보통주,2020/08/28,2020/09/04,,,,,0,31989870,,
821,0026801C,한탑 8R,KOSDAQ,신주인수권증서,보통주,2022/04/21,2022/04/28,,,,,0,6497161,,
822,4518001E,한화리츠 3R,KOSPI,신주인수권증서,보통주,2024/10/23,2024/10/30,,,,,0,108998122,,
823,0098301B,한화솔루션 47R,KOSPI,신주인수권증서,보통주,2021/02/05,2021/02/16,,,,,0,24997966,,
824,0098301C,한화솔루션 48PR,KOSPI,신주인수권증서,보통주,2022/12/22,2022/12/29,,,,,0,1558868,,
825,0098301G,한화솔루션 51R,KOSPI,신주인수권증서,보통주,2026/07/06,2026/07/13,,,,,0,42165422,,
826,2722101B,한화시스템 3R,KOSPI,신주인수권증서,보통주,2021/05/13,2021/05/21,,,,,0,62911259,,
827,0124501F,한화에어로스페이스 23R,KOSPI,신주인수권증서,보통주,2025/06/16,2025/06/23,,,,,0,3373784,,
828,0426601D,한화오션 17R,KOSPI,신주인수권증서,보통주,2023/10/23,2023/10/30,,,,,0,71530415,,
829,00353016,한화투자증권 23R,KOSPI,신주인수권증서,보통주,2016/08/30,2016/09/06,,,,,0,71258999,,
830,02585015,한화화인케미칼 11R,KOSPI,신주인수권증서,보통주,2015/10/08,2015/10/16,,,,,0,3244810,,
831,0766101F,해성옵틱스 18R,KOSDAQ,신주인수권증서,보통주,2025/05/19,2025/05/26,,,,,0,17995644,,
832,07661019,해성옵틱스 4R,KOSDAQ,신주인수권증서,보통주,2019/03/11,2019/03/18,,,,,0,11669856,,
833,0766101B,해성옵틱스 9R,KOSDAQ,신주인수권증서,보통주,2021/06/25,2021/07/02,,,,,0,39996011,,
834,08499019,헬릭스미스 31R,KOSDAQ,신주인수권증서,보통주,2019/07/18,2019/07/25,,,,,0,1053022,,
835,0849901A,헬릭스미스 35R,KOSDAQ,신주인수권증서,보통주,2020/12/03,2020/12/10,,,,,0,7471356,,
836,0007201B,현대건설 68PR,KOSPI,신주인수권증서,보통주,2021/10/01,2021/10/12,,,,,0,1832367,,
837,26727017,현대건설기계 2R,KOSPI,신주인수권증서,보통주,2017/10/20,2017/10/27,,,,,0,1083351,,
838,0426701B,현대두산인프라코어 36R,KOSPI,신주인수권증서,보통주,2021/11/24,2021/12/01,,,,,0,92025792,,
839,0484101F,현대바이오 42R,KOSDAQ,신주인수권증서,보통주,2025/01/13,2025/01/20,,,,,0,8173037,,
840,01120012,현대상선 13R,KOSPI,신주인수권증서,보통주,2012/11/26,2012/12/03,,,,,0,8792108,,
841,01120013,현대상선 14R,KOSPI,신주인수권증서,보통주,2013/10/23,2013/10/30,,,,,0,11980584,,
842,01120017,현대상선 26R,KOSPI,신주인수권증서,보통주,2017/11/21,2017/11/28,,,,,0,107522991,,
843,01120015,현대상선17R,KOSPI,신주인수권증서,보통주,2015/02/12,2015/02/24,,,,,0,27976679,,
844,04841013,현대아이비티 25R,KOSDAQ,신주인수권증서,보통주,2013/08/01,2013/08/08,,,,,0,5996060,,
845,00431017,현대약품 27R,KOSPI,신주인수권증서,보통주,2017/11/16,2017/11/23,,,,,0,3196765,,
846,01780012,현대엘리베이 10R,KOSPI,신주인수권증서,보통주,2012/11/27,2012/12/04,,,,,0,1036249,,
847,01780014,현대엘리베이 12R,KOSPI,신주인수권증서,보통주,2014/02/07,2014/02/14,,,,,0,4793052,,
848,01780015,현대엘리베이터 13R,KOSPI,신주인수권증서,보통주,2015/06/26,2015/07/03,,,,,0,3993458,,
849,26726017,현대일렉트릭 2R,KOSPI,신주인수권증서,보통주,2017/10/24,2017/10/31,,,,,0,1113607,,
850,26726019,현대일렉트릭 5R,KOSPI,신주인수권증서,보통주,2019/11/25,2019/12/02,,,,,0,12529034,,
851,00954018,현대중공업 6R,KOSPI,신주인수권증서,보통주,2018/02/21,2018/02/28,,,,,0,9954041,,
852,00345011,현대증권 37R,KOSPI,신주인수권증서,보통주,2011/12/09,2011/12/16,,,,,0,61669569,,
853,0015001F,현대차증권 15R,KOSPI,신주인수권증서,보통주,2025/02/11,2025/02/18,,,,,0,27098083,,
854,05366015,현진소재 11R,KOSDAQ,신주인수권증서,보통주,2015/05/11,2015/05/18,,,,,0,6193170,,
855,0110801C,형지I&C 12R,KOSDAQ,신주인수권증서,보통주,2022/11/14,2022/11/21,,,,,0,12494717,,
856,0110801F,형지I&C 15R,KOSDAQ,신주인수권증서,보통주,2025/05/09,2025/05/16,,,,,0,28489021,,
857,0110801G,형지I&C 18R,KOSDAQ,신주인수권증서,보통주,2026/06/24,2026/07/01,,,,,0,2793759,,
858,3081001F,형지글로벌 9R,KOSDAQ,신주인수권증서,보통주,2025/06/25,2025/07/02,,,,,0,5993883,,
859,09324019,형지엘리트 11R,KOSPI,신주인수권증서,보통주,2019/01/11,2019/01/18,,,,,0,11996246,,
860,0932401F,형지엘리트 14R,KOSPI,신주인수권증서,보통주,2026/01/07,2026/01/14,,,,,0,22992239,,
861,06056011,홈센타 8R,KOSDAQ,신주인수권증서,보통주,2011/11/17,2011/11/24,,,,,0,5152778,,
862,0605601B,홈센타홀딩스 16R,KOSDAQ,신주인수권증서,보통주,2021/02/08,2021/02/17,,,,,0,42553360,,
863,03961018,화성밸브 7R,KOSDAQ,신주인수권증서,보통주,2019/01/02,2019/01/09,,,,,0,725573,,
864,09337015,후성 3R,KOSPI,신주인수권증서,보통주,2015/08/19,2015/08/26,,,,,0,7563189,,
865,0933701E,후성 6R,KOSPI,신주인수권증서,보통주,2024/03/25,2024/04/01,,,,,0,12851927,,
866,1151601B,휴맥스 4R,KOSDAQ,신주인수권증서,보통주,2021/05/10,2021/05/17,,,,,0,10991071,,
867,20067015,휴메딕스 8R,KOSDAQ,신주인수권증서,보통주,2015/07/06,2015/07/13,,,,,0,695507,,
868,0050101C,휴스틸 37R,KOSPI,신주인수권증서,보통주,2022/11/18,2022/11/25,,,,,0,14867851,,
869,06926010,휴켐스 2R,KOSPI,신주인수권증서,보통주,2010/04/20,2010/04/27,,,,,0,3920748,,
870,00328013,흥아해운 11R,KOSPI,신주인수권증서,보통주,2013/07/26,2013/08/02,,,,,0,11197395,,
871,00328016,흥아해운 13R,KOSPI,신주인수권증서,보통주,2016/12/05,2016/12/12,,,,,0,19991188,,
872,00328017,흥아해운 14R,KOSPI,신주인수권증서,보통주,2018/01/02,2018/01/09,,,,,0,32790924,,
873,196490,디에이테크놀로지,KOSDAQ,주권,보통주,2014/11/19,2026/10/07,기업의 계속성 및 경영의 투명성 등을 종합적으로 고려하여 상장폐지기준에 해당한다고 결정,2026/09/23,2026/10/06,기계·장비,500,11351645,,
874,77200017,한국밸류라이프V파워1(A),KOSPI,수익증권,보통주,2025/12/19,2026/10/06,수익증권 신탁기간의 만료 또는 전액 중도 환수,,,,1000,26098184,,한국투자밸류자산운용
875,77200018,한국밸류라이프V파워1(A-e),KOSPI,수익증권,보통주,2025/12/19,2026/10/06,수익증권 신탁기간의 만료 또는 전액 중도 환수,,,,1000,24055627,,한국투자밸류자산운용
876,77200019,한국밸류라이프V파워1(C-F),KOSPI,수익증권,보통주,2025/12/19,2026/10/06,수익증권 신탁기간의 만료 또는 전액 중도 환수,,,,1000,200000,,한국투자밸류자산운용
877,77200020,한국밸류라이프V파워2(A),KOSPI,수익증권,보통주,2025/12/19,2026/10/06,수익증권 신탁기간의 만료 또는 전액 중도 환수,,,,1000,24298944,,한국투자밸류자산운용
878,77200021,한국밸류라이프V파워2(A-e),KOSPI,수익증권,보통주,2025/12/19,2026/10/06,수익증권 신탁기간의 만료 또는 전액 중도 환수,,,,1000,25958965,,한국투자밸류자산운용
879,77200022,한국밸류라이프V파워2(C-F),KOSPI,수익증권,보통주,2025/12/19,2026/10/06,수익증권 신탁기간의 만료 또는 전액 중도 환수,,,,1000,200000,,한국투자밸류자산운용
880,084180,수성웹툰,KOSDAQ,주권,보통주,2005/12/16,2026/10/01,시가총액 200억원 미달,2026/09/18,2026/09/30,기계·장비,5000,18074283,,
881,70100030,한투한미핵심성장포커스1(A),KOSPI,수익증권,보통주,2025/11/28,2026/09/29,수익증권 신탁기간의 만료 또는 전액 중도 환수,,,,1000,29375937,47240.0,한국투자신탁운용
882,70100031,한투한미핵심성장포커스1(A-e),KOSPI,수익증권,보통주,2025/11/28,2026/09/29,수익증권 신탁기간의 만료 또는 전액 중도 환수,,,,1000,30072154,47240.0,한국투자신탁운용
883,70100032,한투한미핵심성장포커스2(A),KOSPI,수익증권,보통주,2025/11/28,2026/09/29,수익증권 신탁기간의 만료 또는 전액 중도 환수,,,,1000,35209775,47240.0,한국투자신탁운용
884,70100033,한투한미핵심성장포커스2(A-e),KOSPI,수익증권,보통주,2025/11/28,2026/09/29,수익증권 신탁기간의 만료 또는 전액 중도 환수,,,,1000,24254045,47240.0,한국투자신탁운용
885,008290,원풍물산,KOSDAQ,주권,보통주,1997/07/18,2026/09/21,시가총액 200억원 미달,2026/09/10,2026/09/18,섬유·의류,1000,20346839,,
886,046070,코다코,KOSDAQ,주권,보통주,2000/12/26,2026/09/21,감사의견 거절(감사범위 제한 및 계속기업 존속능력 불확실성),2026/09/10,2026/09/18,운송장비·부품,500,14099576,,
887,082660,코스나인,KOSDAQ,주권,보통주,2005/10/05,2026/09/21,기업의 계속성 및 경영의 투명성 등을 종합적으로 고려하여 상장폐지기준에 해당한다고 결정,2026/09/10,2026/09/18,화학,500,99640869,,
888,279060,이노벡스,KONEX,주권,보통주,2019/04/12,2026/09/18,지정자문인 선임계약 해지 후 30일 이내 미체결('26.09.04限),2026/09/09,2026/09/17,-,100,9807866,,
889,006380,카프로,KOSPI,주권,보통주,1974/05/28,2026/09/17,"기업의 계속성, 경영의 투명성 및 기타 공익과 투자자 보호 등을 종합적으로 고려하여 상장폐지 기준에 해당한다고 결정",2026/09/08,2026/09/16,화학,500,168999996,,
890,465320,교보15호스팩,KOSDAQ,주권,보통주,2023/12/05,2026/09/15,상장예비심사신청서 미제출 등으로 관리종목으로 지정된 날부터 1개월 이내 동 사유 미해소,2026/09/04,2026/09/14,금융,100,3810000,,
891,121850,코이즈,KOSDAQ,주권,보통주,2012/09/27,2026/09/14,시가총액 200억원 미달,2026/09/03,2026/09/11,화학,500,5056999,,
892,74601669,KCGI베트남증권투자신탁,KOSPI,수익증권,보통주,2016/12/01,2026/09/11,수익증권 신탁기간의 만료 또는 전액 중도 환수,,,,1000,53086337,,케이씨지아이자산운용
893,70900001,대신하이일드공모주알파증권2호 A,KOSPI,수익증권,보통주,2025/04/25,2026/09/11,수익증권 신탁기간의 만료 또는 전액 중도 환수,,,,1000,6716038,30660.0,대신자산운용
894,70900002,대신하이일드공모주알파증권2호 A-e,KOSPI,수익증권,보통주,2025/04/25,2026/09/11,수익증권 신탁기간의 만료 또는 전액 중도 환수,,,,1000,7847577,30660.0,대신자산운용
895,472220,신영스팩10호,KOSDAQ,주권,보통주,2024/02/06,2026/09/11,상장예비심사신청서 미제출 등으로 관리종목으로 지정된 날부터 1개월 이내 동 사유 미해소,2026/09/02,2026/09/10,금융,100,4690000,,
896,096610,알에프세미,KOSDAQ,주권,보통주,2007/11/20,2026/09/03,감사의견 거절(감사범위 제한 및 계속기업가정 불확실성),2026/08/25,2026/09/02,전기·전자,500,17386411,,
897,471050,대신밸런스제17호스팩,KOSDAQ,주권,보통주,2024/01/24,2026/09/01,합병상장예비심사신청서 미제출로 관리종목 지정 후 1개월 이내 동 사유 미해소,2026/08/21,2026/08/31,금융,100,6060000,,
898,082640,동양생명,KOSPI,주권,보통주,2009/10/08,2026/08/31,지주회사(최대주주등)의 완전자회사화 등,,,보험,5000,156062581,,
899,269620,시스웍,KOSDAQ,주권,보통주,2017/12/26,2026/08/25,감사의견 거절(계속기업 존속능력 불확실성),2026/08/13,2026/08/24,의료·정밀기기,100,148582691,,
900,327610,펨토바이오메드,KONEX,주권,보통주,2019/07/10,2026/08/25,지정자문인 선임계약 해지 후 30일 이내 미체결('26.08.10限),2026/08/13,2026/08/24,-,500,8536086,,
901,299900,위지윅스튜디오,KOSDAQ,주권,보통주,2018/12/20,2026/08/18,피흡수합병,,,오락·문화,500,171048884,,
902,031440,신세계푸드,KOSPI,주권,보통주,2010/04/29,2026/08/11,지주회사(최대주주등)의 완전자회사화 등,,,일반서비스,5000,3872480,,
903,043090,더테크놀로지,KOSDAQ,주권,보통주,2001/10/11,2026/08/10,기업의 계속성 및 경영의 투명성 등을 종합적으로 고려하여 상장폐지기준에 해당한다고 결정,2026/07/30,2026/08/07,유통,500,4139425,,
904,469880,하나30호스팩,KOSDAQ,주권,보통주,2023/12/22,2026/07/31,상장예비심사신청서 미제출 등으로 관리종목으로 지정된 날부터 1개월 이내 동 사유 미해소,2026/07/22,2026/07/30,금융,100,7305000,,
905,467930,IBKS제23호스팩,KOSDAQ,주권,보통주,2023/12/22,2026/07/28,상장예비심사신청서 미제출 등으로 관리종목으로 지정된 날부터 1개월 이내 동 사유 미해소,2026/07/16,2026/07/27,금융,100,4230000,,
906,060240,스타코링크,KOSDAQ,주권,보통주,2002/01/04,2026/07/24,기업의 계속성 및 경영의 투명성 등을 종합적으로 고려하여 상장폐지기준에 해당한다고 결정,2026/07/14,2026/07/23,운송장비·부품,500,5821060,,
907,057050,현대홈쇼핑,KOSPI,주권,보통주,2010/09/13,2026/07/20,지주회사(최대주주등)의 완전자회사화 등,,,유통,5000,12000000,,
908,012510,더존비즈온,KOSPI,주권,보통주,1988/10/28,2026/07/15,지주회사(최대주주등)의 완전자회사화 등,,,IT 서비스,500,29123883,,
909,203690,아크솔루션스,KOSDAQ,주권,보통주,2014/09/30,2026/07/08,기업의 계속성 및 경영의 투명성 등을 종합적으로 고려하여 상장폐지기준에 해당한다고 결정,2026/06/29,2026/07/07,종이·목재,500,20157320,,
910,222160,NPX,KOSDAQ,주권,보통주,2021/11/18,2026/07/07,기업의 계속성 및 경영의 투명성 등을 종합적으로 고려하여 상장폐지기준에 해당한다고 결정,2026/06/26,2026/07/06,기계·장비,500,9894439,,
911,70100026,한투글로벌넥스트웨이브1(A),KOSPI,수익증권,보통주,2025/09/01,2026/07/03,수익증권 신탁기간의 만료 또는 전액 중도 환수,,,,1000,23788084,47240.0,한국투자신탁운용
912,70100027,한투글로벌넥스트웨이브1(A-e),KOSPI,수익증권,보통주,2025/09/01,2026/07/03,수익증권 신탁기간의 만료 또는 전액 중도 환수,,,,1000,1498487,47240.0,한국투자신탁운용
913,70100028,한투글로벌넥스트웨이브2(A),KOSPI,수익증권,보통주,2025/09/01,2026/07/03,수익증권 신탁기간의 만료 또는 전액 중도 환수,,,,1000,268807,47240.0,한국투자신탁운용
914,70100029,한투글로벌넥스트웨이브2(A-e),KOSPI,수익증권,보통주,2025/09/01,2026/07/03,수익증권 신탁기간의 만료 또는 전액 중도 환수,,,,1000,23925541,47240.0,한국투자신탁운용
915,106520,노블엠앤비,KOSDAQ,주권,보통주,2012/07/13,2026/07/01,감사의견 거절(계속기업 존속능력 불확실성),2026/06/22,2026/06/30,의료·정밀기기,1000,38695952,,
916,032980,바이온,KOSDAQ,주권,보통주,1997/08/06,2026/07/01,기업의 계속성 및 경영의 투명성 등을 종합적으로 고려하여 상장폐지기준에 해당한다고 결정,2026/06/22,2026/06/30,유통,500,30388995,,
917,101390,아이엠,KOSDAQ,주권,보통주,2008/07/23,2026/07/01,기업의 계속성 및 경영의 투명성 등을 종합적으로 고려하여 상장폐지기준에 해당한다고 결정,2026/06/22,2026/06/30,전기·전자,500,16914354,,
918,227100,프로브잇,KOSDAQ,주권,보통주,2018/11/15,2026/07/01,기업의 계속성 및 경영의 투명성 등을 종합적으로 고려하여 상장폐지기준에 해당한다고 결정,2026/06/22,2026/06/30,부동산,500,24134182,,
919,230360,에코마케팅,KOSDAQ,주권,보통주,2016/08/08,2026/06/30,타법인의 완전자회사로 편입,,,일반서비스,100,30998758,,
920,008500,일정실업,KOSPI,주권,보통주,1994/08/12,2026/06/30,시가총액 미달,2026/06/19,2026/06/29,섬유·의류,1000,6000000,,
921,1099621D,앱토크롬 6WR,KOSDAQ,신주인수권증권,보통주,2023/08/08,2026/06/26,신주인수권 행사기간 만료,,,,0,17021273,109960.0,앱토크롬
922,464440,한국제13호스팩,KOSDAQ,주권,보통주,2023/11/13,2026/06/18,상장예비심사신청서 미제출 등으로 관리종목으로 지정된 날부터 1개월 이내 동 사유 미해소,2026/06/09,2026/06/17,금융,100,4320000,,
923,204210,JK리버스톤리츠,KOSPI,부동산투자회사,보통주,2016/09/22,2026/06/12,"기업의 계속성, 경영의 투명성 및 기타 공익과 투자자 보호 등을 종합적으로 고려하여 상장폐지 기준에 해당한다고 결정",2026/06/02,2026/06/11,부동산,5000,7826815,,
924,140910,에이리츠,KOSPI,부동산투자회사,보통주,2011/07/14,2026/06/10,"기업의 계속성, 경영의 투명성 및 기타 공익과 투자자 보호 등을 종합적으로 고려하여 상장폐지 기준에 해당한다고 결정",2026/05/29,2026/06/09,부동산,5000,4463032,,
925,451700,엔에이치스팩29호,KOSDAQ,주권,보통주,2023/06/23,2026/06/10,피흡수합병(스팩소멸합병),,,금융,100,14350000,,
926,464680,KB제27호스팩,KOSDAQ,주권,보통주,2023/11/03,2026/06/09,상장예비심사신청서 미제출 등으로 관리종목으로 지정된 날부터 1개월 이내 동 사유 미해소,2026/05/28,2026/06/08,금융,100,12905000,,
927,230980,비유테크놀러지,KOSDAQ,주권,보통주,2016/03/02,2026/06/05,감사의견 거절(감사범위 제한 및 계속기업 존속능력 불확실성),2026/05/26,2026/06/04,IT 서비스,100,93320557,,
928,257990,나우코스,KONEX,주권,보통주,2020/12/30,2026/06/01,타법인의 완전자회사로 편입,,,-,500,5891392,,
929,149300,아퓨어스,KONEX,주권,보통주,2019/09/03,2026/05/20,감사의견 의견거절,2026/05/11,2026/05/19,-,500,45486252,,
930,462020,에이치엠씨제6호스팩,KOSDAQ,주권,보통주,2023/10/13,2026/05/19,상장예비심사 청구서 미제출로 관리종목 지정 후 1개월 이내 동사유 미해소,2026/05/08,2026/05/18,금융,100,4345000,,
931,466910,엔에이치스팩30호,KOSDAQ,주권,보통주,2023/12/01,2026/05/19,피흡수합병(스팩소멸합병),,,금융,100,9100000,,
932,0180021D,유니슨 15WR,KOSDAQ,신주인수권증권,보통주,2023/06/27,2026/05/14,신주인수권 행사기간 만료,,,,0,10937713,18000.0,유니슨
933,368030,창대정밀,KONEX,주권,보통주,2024/12/23,2026/05/14,감사의견 한정(감사범위 제한),2026/05/04,2026/05/13,-,5000,1749307,,
934,139050,BF랩스,KOSDAQ,주권,보통주,2011/07/29,2026/05/08,감사의견 거절(감사범위 제한),2026/04/27,2026/05/07,IT 서비스,500,8644551,,
935,217620,선샤인푸드,KOSDAQ,주권,보통주,2015/06/10,2026/05/08,감사의견 거절(감사범위 제한 및 계속기업 존속능력 불확실성),2026/04/27,2026/05/07,일반서비스,100,7035087,,
936,2901221D,DH오토리드 9WR,KOSDAQ,신주인수권증권,보통주,2023/06/21,2026/05/07,신주인수권 행사기간 만료,,,,0,3095692,290120.0,DH오토리드
937,452980,신한제11호스팩,KOSDAQ,주권,보통주,2023/10/04,2026/05/07,합병상장예비심사신청서 미제출로 관리종목 지정 후 1개월 이내 동 사유 미해소,2026/04/24,2026/05/06,금융,100,18905000,,
938,152550,한국ANKOR유전,KOSPI,투자회사,보통주,2012/03/08,2026/05/04,해산 사유 발생,,,기타금융,무액면,70020000,,
939,452670,상상인제4호스팩,KOSDAQ,주권,보통주,2023/09/14,2026/04/21,상장예비심사신청서 미제출 등으로 관리종목으로 지정된 날부터 1개월 이내 동 사유 미해소,2026/04/10,2026/04/20,금융,100,5220000,,
940,138490,코오롱ENP,KOSPI,주권,보통주,2011/06/15,2026/04/16,해산 사유 발생,,,화학,1000,38000000,,
941,457630,대신밸런스제16호스팩,KOSDAQ,주권,보통주,2023/09/04,2026/04/15,상장예비심사신청서 미제출 등으로 관리종목으로 지정된 날부터 1개월 이내 동 사유 미해소,2026/04/06,2026/04/14,금융,100,7310000,,
942,455310,한화플러스제4호스팩,KOSDAQ,주권,보통주,2023/09/07,2026/04/15,합병상장예비심사신청서 미제출로 관리종목 지정 후 1개월 이내 동 사유 미해소,2026/04/06,2026/04/14,금융,100,5060000,,
943,1432121D,핸즈코퍼레이션 2WR,KOSPI,신주인수권증권,보통주,2023/06/29,2026/04/07,주권의 상장폐지 또는 관리종목지정기준에 해당(신주인수권증권),2026/03/27,2026/04/06,,0,4271821,143210.0,핸즈코퍼레이션
944,444920,유안타제11호스팩,KOSDAQ,주권,보통주,2023/09/01,2026/04/06,상장예비심사신청서 미제출 등으로 관리종목으로 지정된 날부터 1개월 이내 동 사유 미해소,2026/03/26,2026/04/03,금융,100,5240000,,
945,473370,비엔케이제2호스팩,KOSDAQ,주권,보통주,2024/03/05,2026/04/03,피흡수합병(스팩소멸합병),,,금융,100,4210000,,
946,458610,한국제12호스팩,KOSDAQ,주권,보통주,2023/08/30,2026/04/03,상장예비심사신청서 미제출 등으로 관리종목으로 지정된 날부터 1개월 이내 동 사유 미해소,2026/03/25,2026/04/02,금융,100,4230000,,
947,008110,대동전자,KOSPI,주권,보통주,1990/06/05,2026/03/30,감사범위제한으로인한 감사의견한정 2년 계속,2026/03/19,2026/03/27,전기·전자,500,10490447,,
948,238170,엔에스엠,KONEX,주권,보통주,2019/12/26,2026/03/26,피흡수합병,,,-,500,20774684,,
949,204630,스튜디오산타클로스,KOSDAQ,주권,보통주,2014/12/29,2026/03/18,감사의견 한정(감사범위 제한),2026/03/09,2026/03/17,오락·문화,500,5089941,,
950,036180,지더블유바이텍,KOSDAQ,주권,보통주,1999/12/21,2026/03/17,기업의 계속성 및 경영의 투명성 등을 종합적으로 고려하여 상장폐지기준에 해당한다고 결정,2026/03/06,2026/03/16,유통,500,93464524,,
951,77300005,밸류시스템SAFE증권3호(A),KOSPI,수익증권,보통주,2025/11/14,2026/03/16,수익증권 신탁기간의 만료 또는 전액 중도 환수,,,,1000,2119735,,(주)밸류시스템자산운용
952,77300006,밸류시스템SAFE증권3호(Ae),KOSPI,수익증권,보통주,2025/11/14,2026/03/16,수익증권 신탁기간의 만료 또는 전액 중도 환수,,,,1000,2865521,,(주)밸류시스템자산운용
953,77300007,밸류시스템SAFE증권3호(CF),KOSPI,수익증권,보통주,2025/11/14,2026/03/16,수익증권 신탁기간의 만료 또는 전액 중도 환수,,,,1000,200000,,(주)밸류시스템자산운용
954,77300008,밸류시스템SAFE증권4호(A),KOSPI,수익증권,보통주,2025/11/14,2026/03/16,수익증권 신탁기간의 만료 또는 전액 중도 환수,,,,1000,1449484,,(주)밸류시스템자산운용
955,77300009,밸류시스템SAFE증권4호(Ae),KOSPI,수익증권,보통주,2025/11/14,2026/03/16,수익증권 신탁기간의 만료 또는 전액 중도 환수,,,,1000,3535769,,(주)밸류시스템자산운용
956,77300010,밸류시스템SAFE증권4호(CF),KOSPI,수익증권,보통주,2025/11/14,2026/03/16,수익증권 신탁기간의 만료 또는 전액 중도 환수,,,,1000,200000,,(주)밸류시스템자산운용
957,222810,세토피아,KOSDAQ,주권,보통주,2015/08/13,2026/03/16,감사의견 거절(계속기업 존속능력 불확실성),2026/03/05,2026/03/13,금속,500,15131870,,
958,457940,에스케이증권제10호스팩,KOSDAQ,주권,보통주,2023/08/11,2026/03/16,합병상장예비심사신청서 미제출 등으로 관리종목으로 지정된 날(2026.02.04)부터 1개월 이내 동 사유 미해소,2026/03/05,2026/03/13,금융,100,3310000,,
959,2552221D,SG 17WR,KOSDAQ,신주인수권증권,보통주,2023/04/20,2026/03/09,신주인수권 행사기간 만료,,,,0,737854,255220.0,SG
960,450940,유안타제14호스팩,KOSDAQ,주권,보통주,2023/07/27,2026/03/05,합병상장예비심사신청서 미제출 등으로 관리종목으로 지정된 날(2026.1.20)부터 1개월 이내 동 사유 미해소,2026/02/23,2026/03/04,금융,100,4540000,,
961,455910,에스케이증권제9호스팩,KOSDAQ,주권,보통주,2023/07/21,2026/03/04,합병상장예비심사신청서 미제출 등으로 관리종목으로 지정된 날(2026.1.14)부터 1개월 이내 동 사유 미해소,2026/02/20,2026/03/03,금융,100,5020000,,
962,73400006,코레이트하이일드공모주만기형2호 A,KOSPI,수익증권,보통주,2025/02/14,2026/02/27,수익증권 신탁기간의 만료 또는 전액 중도 환수,,,,1000,26502566,44430.0,코레이트자산운용
963,73400007,코레이트하이일드공모주만기형2호 A-e,KOSPI,수익증권,보통주,2025/02/14,2026/02/27,수익증권 신탁기간의 만료 또는 전액 중도 환수,,,,1000,5865734,44430.0,코레이트자산운용
964,341310,이앤에치,KONEX,주권,보통주,2019/12/27,2026/02/24,지정자문인 선임계약 해지 후 30일 이내 미체결('26.2.5限),2026/02/10,2026/02/23,-,100,17293400,,
965,052670,제일바이오,KOSDAQ,주권,보통주,2002/01/24,2026/02/23,기업의 계속성 및 경영의 투명성 등을 종합적으로 고려하여 상장폐지기준에 해당한다고 결정,2026/02/09,2026/02/20,제약,무액면,19419,,
966,70100022,한투미국경제주도1(A),KOSPI,수익증권,보통주,2025/04/18,2026/02/13,수익증권 신탁기간의 만료 또는 전액 중도 환수,,,,1000,21941377,47240.0,한국투자신탁운용
967,70100023,한투미국경제주도1(A-e),KOSPI,수익증권,보통주,2025/04/18,2026/02/13,수익증권 신탁기간의 만료 또는 전액 중도 환수,,,,1000,13437576,47240.0,한국투자신탁운용
968,70100024,한투미국경제주도2(A),KOSPI,수익증권,보통주,2025/04/18,2026/02/13,수익증권 신탁기간의 만료 또는 전액 중도 환수,,,,1000,8921895,47240.0,한국투자신탁운용
969,70100025,한투미국경제주도2(A-e),KOSPI,수익증권,보통주,2025/04/18,2026/02/13,수익증권 신탁기간의 만료 또는 전액 중도 환수,,,,1000,26508581,47240.0,한국투자신탁운용
970,019440,세아특수강,KOSPI,주권,보통주,2011/06/01,2026/02/12,지주회사(최대주주등)의 완전자회사화 등,,,금속,5000,8570000,,
971,456490,교보14호스팩,KOSDAQ,주권,보통주,2023/07/06,2026/02/10,상장예비심사신청서 미제출 등으로 관리종목으로 지정된 날부터 1개월 이내 동 사유 미해소,2026/01/30,2026/02/09,금융,100,4200000,,
972,77200005,한국밸류AI혁신소부장1호(A),KOSPI,수익증권,보통주,2024/06/21,2026/02/10,수익증권 신탁기간의 만료 또는 전액 중도 환수,,,,1000,11454937,,한국투자밸류자산운용
973,77200006,한국밸류AI혁신소부장1호(A-e),KOSPI,수익증권,보통주,2024/06/21,2026/02/10,수익증권 신탁기간의 만료 또는 전액 중도 환수,,,,1000,12492822,,한국투자밸류자산운용
974,77200007,한국밸류AI혁신소부장1호(C-F),KOSPI,수익증권,보통주,2024/06/21,2026/02/10,수익증권 신탁기간의 만료 또는 전액 중도 환수,,,,1000,200000,,한국투자밸류자산운용
975,77200008,한국밸류AI혁신소부장2호(A),KOSPI,수익증권,보통주,2024/06/21,2026/02/10,수익증권 신탁기간의 만료 또는 전액 중도 환수,,,,1000,11515156,,한국투자밸류자산운용
976,77200009,한국밸류AI혁신소부장2호(A-e),KOSPI,수익증권,보통주,2024/06/21,2026/02/10,수익증권 신탁기간의 만료 또는 전액 중도 환수,,,,1000,12453976,,한국투자밸류자산운용
977,77200010,한국밸류AI혁신소부장2호(C-F),KOSPI,수익증권,보통주,2024/06/21,2026/02/10,수익증권 신탁기간의 만료 또는 전액 중도 환수,,,,1000,200000,,한국투자밸류자산운용
978,288490,나라소프트,KONEX,주권,보통주,2018/11/23,2026/02/09,지정자문인 선임계약 해지 후 30일 이내 미체결,2026/01/29,2026/02/06,-,100,17471577,,
979,454640,하나29호스팩,KOSDAQ,주권,보통주,2023/06/28,2026/02/04,상장예비심사신청서 미제출 등으로 관리종목으로 지정된 날부터 1개월 이내 동 사유 미해소,2026/01/26,2026/02/03,금융,100,5401000,,
980,450050,하이제8호스팩,KOSDAQ,주권,보통주,2023/06/22,2026/01/29,상장예비심사신청서 미제출 등으로 관리종목으로 지정된 날부터 1개월 이내 동 사유 미해소,2026/01/20,2026/01/28,금융,100,5014000,,
981,455250,KB제25호스팩,KOSDAQ,주권,보통주,2023/06/23,2026/01/28,합병상장예비심사신청서 미제출로 관리종목 지정 후 1개월 이내 동 사유 미해소,2026/01/19,2026/01/27,금융,100,4305000,,
982,446150,유안타제12호스팩,KOSDAQ,주권,보통주,2023/03/17,2026/01/28,합병상장예비심사청구서 미제출로 관리종목 지정 후 1개월 이내 동 사유 미해소,2026/01/19,2026/01/27,금융,100,4770000,,
983,001140,국보,KOSPI,주권,보통주,1989/12/02,2026/01/27,감사의견 의견거절 2년 계속,2026/01/16,2026/01/26,운송·창고,500,15856388,,
984,495900,에이엠시지,KONEX,주권,보통주,2024/12/13,2026/01/27,상장폐지 신청,2026/01/16,2026/01/26,-,500,4915384,,
985,208340,파멥신,KOSDAQ,주권,보통주,2018/11/21,2026/01/27,기업의 계속성 및 경영의 투명성 등을 종합적으로 고려하여 상장폐지기준에 해당한다고 결정,2026/01/16,2026/01/26,제약,500,80201108,,
986,042670,HD현대인프라코어,KOSPI,주권,보통주,2001/02/02,2026/01/26,해산 사유 발생,,,기계·장비,1000,188851238,,
987,010600,웰바이오텍,KOSPI,주권,보통주,1997/07/18,2026/01/26,감사의견 의견거절 2년 계속,2026/01/15,2026/01/23,유통,500,90923407,,
988,150840,인트로메딕,KOSDAQ,주권,보통주,2013/12/19,2026/01/26,기업의 계속성 및 경영의 투명성 등을 종합적으로 고려하여 상장폐지기준에 해당한다고 결정,2026/01/15,2026/01/23,의료·정밀기기,100,42997901,,
989,057880,푸른소나무,KOSDAQ,주권,보통주,2003/12/29,2026/01/22,감사의견 거절(감사범위 제한 및 계속기업 존속능력 불확실성),2026/01/13,2026/01/21,기타,500,24580368,,
990,71201B97,키움히어로즈미국물류부동산1호,KOSPI,수익증권,보통주,2019/07/24,2026/01/19,수익증권 신탁기간의 만료 또는 전액 중도 환수,,,,1000,76059438,47230.0,키움투자자산운용
991,343090,HLB사이언스,KONEX,주권,보통주,2020/04/24,2026/01/16,피흡수합병,,,-,500,18959752,,
992,003560,IHQ,KOSPI,주권,보통주,1973/12/18,2026/01/15,감사의견 의견거절 2년 계속,2026/01/06,2026/01/14,오락·문화,500,7083730,,
993,033180,KH 필룩스,KOSPI,주권,보통주,2001/12/26,2026/01/15,감사의견 의견거절 2년 계속,2026/01/06,2026/01/14,전기·전자,100,26020020,,
994,226360,KH 건설,KOSDAQ,주권,보통주,2015/10/22,2026/01/14,감사의견 거절(감사범위 제한),2026/01/05,2026/01/13,건설,100,26464732,,
995,111870,KH 미래물산,KOSDAQ,주권,보통주,2010/11/05,2026/01/14,감사의견 거절(감사범위 제한),2026/01/05,2026/01/13,전기·전자,500,7042251,,
996,478780,대신밸런스제18호스팩,KOSDAQ,주권,보통주,2024/08/22,2026/01/14,피흡수합병(스팩소멸합병),,,금융,100,7910000,,
997,448830,미래에셋비전스팩3호,KOSDAQ,주권,보통주,2023/04/07,2026/01/14,피흡수합병(스팩소멸합병),,,금융,100,4920000,,
998,174880,장원테크,KOSDAQ,주권,보통주,2016/07/15,2026/01/14,감사의견 한정(감사범위 제한),2026/01/05,2026/01/13,전기·전자,500,4381265,,
999,308700,테크엔,KONEX,주권,보통주,2018/12/21,2026/01/14,지정자문인 선임계약 해지 후 30일 이내 미체결(2025.5.15限),2026/01/05,2026/01/13,-,100,7400000,,
1000,450140,코오롱모빌리티그룹,KOSPI,주권,보통주,2023/01/31,2026/01/07,지주회사(최대주주등)의 완전자회사화 등,,,유통,500,62777250,,
1001,45014K,코오롱모빌리티그룹우,KOSPI,주권,종류주권,2023/01/31,2026/01/07,지주회사(최대주주등)의 완전자회사화 등,,,유통,500,2456120,,
1002,054630,에이디칩스,KOSDAQ,주권,보통주,2001/11/13,2025/12/30,감사의견 거절(계속기업 존속능력 불확실성),2025/12/18,2025/12/29,기타제조,500,7970946,,
1003,448760,IBKS제22호스팩,KOSDAQ,주권,보통주,2023/04/06,2025/12/29,피흡수합병(스팩소멸합병),,,금융,100,4430000,,
1004,266870,파워풀엑스,KONEX,주권,보통주,2017/04/24,2025/12/29,지정자문인 선임계약 해지 후 30일 이내 미체결('25.12.12限),2025/12/17,2025/12/26,-,500,6408680,,
1005,0113321D,유니켐 38WR,KOSPI,신주인수권증권,보통주,2023/02/08,2025/12/26,신주인수권증권 행사기간 및 행사의 만료,,,,0,400629,11330.0,유니켐
1006,456700,길교이앤씨,KONEX,주권,보통주,2023/07/26,2025/12/16,피흡수합병,,,-,500,900000,,
1007,73501BBC,GB뉴딜기업2호A,KOSPI,수익증권,보통주,2022/03/04,2025/12/15,수익증권 신탁기간의 만료 또는 전액 중도 환수,,,,1000,4203524,86070.0,골든브릿지자산운용
1008,73502BBC,GB뉴딜기업2호Ae,KOSPI,수익증권,보통주,2022/03/04,2025/12/15,수익증권 신탁기간의 만료 또는 전액 중도 환수,,,,1000,6949639,86070.0,골든브릿지자산운용
1009,010620,HD현대미포,KOSPI,주권,보통주,1983/12/20,2025/12/15,해산 사유 발생,,,운송장비·부품,5000,39942149,,
1010,75801BBC,IBK국민참여정책형뉴딜혼합자산2호A,KOSPI,수익증권,보통주,2022/03/04,2025/12/15,수익증권 신탁기간의 만료 또는 전액 중도 환수,,,,1000,2245225,82990.0,아이비케이자산운용
1011,75802BBC,IBK국민참여정책형뉴딜혼합자산2호C,KOSPI,수익증권,보통주,2022/03/04,2025/12/15,수익증권 신탁기간의 만료 또는 전액 중도 환수,,,,1000,1770000,82990.0,아이비케이자산운용
1012,71901BBC,KB국민참여뉴딜2A,KOSPI,수익증권,보통주,2022/03/04,2025/12/15,수익증권 신탁기간의 만료 또는 전액 중도 환수,,,,1000,4382130,47210.0,케이비자산운용
1013,71902BBC,KB국민참여뉴딜2C,KOSPI,수익증권,보통주,2022/03/04,2025/12/15,수익증권 신탁기간의 만료 또는 전액 중도 환수,,,,1000,591821,47210.0,케이비자산운용
1014,72502BBC,신한국민참여정책형뉴딜혼합자산2호 A1,KOSPI,수익증권,보통주,2022/03/04,2025/12/15,수익증권 신탁기간의 만료 또는 전액 중도 환수,,,,1000,1209933,47190.0,신한자산운용
1015,72501BBC,신한국민참여정책형뉴딜혼합자산2호 C1,KOSPI,수익증권,보통주,2022/03/04,2025/12/15,수익증권 신탁기간의 만료 또는 전액 중도 환수,,,,1000,1007002,47190.0,신한자산운용
1016,72801BBC,한화국민참여정책형뉴딜2A,KOSPI,수익증권,보통주,2022/03/04,2025/12/15,수익증권 신탁기간의 만료 또는 전액 중도 환수,,,,1000,4989131,30680.0,한화자산운용
1017,72802BBC,한화국민참여정책형뉴딜2C,KOSPI,수익증권,보통주,2022/03/04,2025/12/15,수익증권 신탁기간의 만료 또는 전액 중도 환수,,,,1000,596150,30680.0,한화자산운용
1018,335890,비올,KOSDAQ,주권,보통주,2019/12/03,2025/12/10,상장폐지 신청('25.11.06),2025/12/01,2025/12/09,의료·정밀기기,100,58419125,,
1019,102280,쌍방울,KOSPI,주권,보통주,2008/06/10,2025/11/28,"기업의 계속성, 경영의 투명성 및 기타 공익과 투자자 보호 등을 종합적으로 고려하여 상장폐지 기준에 해당한다고 결정",2025/11/19,2025/11/27,섬유·의류,100,26259210,,
1020,74100003,흥국플러스공모주하이일드증권2호 A,KOSPI,수익증권,보통주,2024/11/15,2025/11/28,수익증권 신탁기간의 만료 또는 전액 중도 환수,,,,1000,11155613,71870.0,흥국자산운용
1021,74100004,흥국플러스공모주하이일드증권2호 A-e,KOSPI,수익증권,보통주,2024/11/15,2025/11/28,수익증권 신탁기간의 만료 또는 전액 중도 환수,,,,1000,1542705,71870.0,흥국자산운용
1022,74100005,흥국플러스공모주하이일드증권2호 C-f,KOSPI,수익증권,보통주,2024/11/15,2025/11/28,수익증권 신탁기간의 만료 또는 전액 중도 환수,,,,1000,300000,71870.0,흥국자산운용
1023,014200,광림,KOSDAQ,주권,보통주,1993/07/07,2025/11/26,기업의 계속성 및 경영의 투명성 등을 종합적으로 고려하여 상장폐지기준에 해당한다고 결정,2025/11/17,2025/11/25,운송장비·부품,100,15117780,,
1024,151910,퓨처코어,KOSDAQ,주권,보통주,2012/08/02,2025/11/26,기업의 계속성 및 경영의 투명성 등을 종합적으로 고려하여 상장폐지기준에 해당한다고 결정,2025/11/17,2025/11/25,전기·전자,100,190071722,,
1025,006390,한일현대시멘트,KOSPI,주권,보통주,1975/12/26,2025/11/21,해산 사유 발생,,,비금속,5000,19327672,,
1026,442770,IBKS제21호스팩,KOSDAQ,주권,보통주,2022/12/16,2025/11/17,피흡수합병(스팩소멸합병),,,금융,100,4210000,,
1027,448370,하나27호스팩,KOSDAQ,주권,보통주,2023/04/06,2025/11/13,합병상장예비심사신청서 미제출로 관리종목 지정 후 1개월 이내 동 사유 미해소,2025/11/04,2025/11/12,금융,100,5620000,,
1028,70100009,한투삼성그룹성장테마1호(A),KOSPI,수익증권,보통주,2024/08/09,2025/11/03,수익증권 신탁기간의 만료 또는 전액 중도 환수,,,,1000,17771907,47240.0,한국투자신탁운용
1029,70100010,한투삼성그룹성장테마1호(A-e),KOSPI,수익증권,보통주,2024/08/09,2025/11/03,수익증권 신탁기간의 만료 또는 전액 중도 환수,,,,1000,11074770,47240.0,한국투자신탁운용
1030,70100011,한투삼성그룹성장테마2호(A),KOSPI,수익증권,보통주,2024/08/09,2025/11/03,수익증권 신탁기간의 만료 또는 전액 중도 환수,,,,1000,8522657,47240.0,한국투자신탁운용
1031,70100012,한투삼성그룹성장테마2호(A-e),KOSPI,수익증권,보통주,2024/08/09,2025/11/03,수익증권 신탁기간의 만료 또는 전액 중도 환수,,,,1000,20165452,47240.0,한국투자신탁운용
1032,73300003,다올공모주하이일드만기형증권3 A,KOSPI,수익증권,보통주,2024/11/08,2025/10/31,수익증권 신탁기간의 만료 또는 전액 중도 환수,,,,1000,24833968,47220.0,다올자산운용
1033,73300004,다올공모주하이일드만기형증권3 Ae,KOSPI,수익증권,보통주,2024/11/08,2025/10/31,수익증권 신탁기간의 만료 또는 전액 중도 환수,,,,1000,20238501,47220.0,다올자산운용
1034,74701B8A,이지스229호 Class A,KOSPI,수익증권,보통주,2019/01/24,2025/10/31,수익증권 신탁기간의 만료 또는 전액 중도 환수,,,,1000,175425187,139150.0,이지스자산운용
1035,74702B8A,이지스229호 Class C-I,KOSPI,수익증권,보통주,2019/01/24,2025/10/31,수익증권 신탁기간의 만료 또는 전액 중도 환수,,,,1000,12104352,139150.0,이지스자산운용
1036,091090,세원이앤씨,KOSPI,주권,보통주,2006/07/31,2025/10/27,감사의견 의견거절 2년 계속,2025/10/16,2025/10/24,금속,500,52754723,,
1037,454750,하나28호스팩,KOSDAQ,주권,보통주,2023/08/10,2025/10/27,피흡수합병(스팩소멸합병),,,금융,100,7202000,,
1038,442900,미래에셋드림스팩1호,KOSDAQ,주권,보통주,2023/03/15,2025/10/23,합병상장예비심사신청서 미제출로 관리종목 지정 후 1개월 이내 동 사유 미해소,2025/10/14,2025/10/22,금융,500,7680000,,
1039,446750,하나26호스팩,KOSDAQ,주권,보통주,2023/03/07,2025/10/16,합병상장예비심사신청서 미제출로 관리종목 지정 후 1개월 이내 동 사유 미해소,2025/09/30,2025/10/15,금융,100,6030000,,
1040,70100013,한투삼성그룹&글로벌성장1(A),KOSPI,수익증권,보통주,2024/12/10,2025/10/16,수익증권 신탁기간의 만료 또는 전액 중도 환수,,,,1000,300000,47240.0,한국투자신탁운용
1041,70100014,한투삼성그룹&글로벌성장1(A1),KOSPI,수익증권,보통주,2024/12/10,2025/10/16,수익증권 신탁기간의 만료 또는 전액 중도 환수,,,,1000,6541073,47240.0,한국투자신탁운용
1042,70100015,한투삼성그룹&글로벌성장1(A1-e),KOSPI,수익증권,보통주,2024/12/10,2025/10/16,수익증권 신탁기간의 만료 또는 전액 중도 환수,,,,1000,9654767,47240.0,한국투자신탁운용
1043,70100016,한투삼성그룹&글로벌성장2(A),KOSPI,수익증권,보통주,2024/12/10,2025/10/16,수익증권 신탁기간의 만료 또는 전액 중도 환수,,,,1000,300000,47240.0,한국투자신탁운용
1044,70100017,한투삼성그룹&글로벌성장2(A1),KOSPI,수익증권,보통주,2024/12/10,2025/10/16,수익증권 신탁기간의 만료 또는 전액 중도 환수,,,,1000,9158474,47240.0,한국투자신탁운용
1045,70100018,한투삼성그룹&글로벌성장2(A1-e),KOSPI,수익증권,보통주,2024/12/10,2025/10/16,수익증권 신탁기간의 만료 또는 전액 중도 환수,,,,1000,8709890,47240.0,한국투자신탁운용
1046,70100019,한투삼성그룹&글로벌성장3(A),KOSPI,수익증권,보통주,2024/12/10,2025/10/16,수익증권 신탁기간의 만료 또는 전액 중도 환수,,,,1000,300000,47240.0,한국투자신탁운용
1047,70100020,한투삼성그룹&글로벌성장3(A1),KOSPI,수익증권,보통주,2024/12/10,2025/10/16,수익증권 신탁기간의 만료 또는 전액 중도 환수,,,,1000,4580577,47240.0,한국투자신탁운용
1048,70100021,한투삼성그룹&글로벌성장3(A1-e),KOSPI,수익증권,보통주,2024/12/10,2025/10/16,수익증권 신탁기간의 만료 또는 전액 중도 환수,,,,1000,7768861,47240.0,한국투자신탁운용
1049,448740,삼성스팩8호,KOSDAQ,주권,보통주,2023/03/02,2025/10/14,합병상장예비심사신청서 미제출로 관리종목 지정 후 1개월 이내 동 사유 미해소,2025/09/26,2025/10/13,금융,500,4664000,,
1050,449020,유안타제13호스팩,KOSDAQ,주권,보통주,2023/02/28,2025/10/10,합병상장예비심사신청서 미제출로 관리종목 지정 후 1개월 이내 동 사유 미해소,2025/09/24,2025/10/02,금융,100,9730000,,
1051,005390,신성통상,KOSPI,주권,보통주,1975/12/22,2025/09/30,신청에 의한 상장폐지,2025/09/19,2025/09/29,유통,500,143708390,,
1052,010420,한솔PNS,KOSPI,주권,보통주,1989/05/31,2025/09/25,지주회사(최대주주등)의 완전자회사화 등,,,유통,500,20493012,,
1053,77200001,한국밸류K-파워1호 (A),KOSPI,수익증권,보통주,2023/12/15,2025/09/24,수익증권 신탁기간의 만료 또는 전액 중도 환수,,,,1000,23839016,,한국투자밸류자산운용
1054,77200002,한국밸류K-파워1호 (A-e),KOSPI,수익증권,보통주,2023/12/15,2025/09/24,수익증권 신탁기간의 만료 또는 전액 중도 환수,,,,1000,12284844,,한국투자밸류자산운용
1055,77200003,한국밸류K-파워2호 (A),KOSPI,수익증권,보통주,2023/12/15,2025/09/24,수익증권 신탁기간의 만료 또는 전액 중도 환수,,,,1000,21237679,,한국투자밸류자산운용
1056,77200004,한국밸류K-파워2호 (A-e),KOSPI,수익증권,보통주,2023/12/15,2025/09/24,수익증권 신탁기간의 만료 또는 전액 중도 환수,,,,1000,14906378,,한국투자밸류자산운용
1057,093230,이아이디,KOSPI,주권,보통주,2007/11/01,2025/09/11,"기업의 계속성, 경영의 투명성 및 기타 공익과 투자자 보호 등을 종합적으로 고려하여 상장폐지 기준에 해당한다고 결정",2025/09/02,2025/09/10,유통,200,254384360,,
1058,74701789,이지스204호 Class A,KOSPI,수익증권,보통주,2018/12/03,2025/09/10,수익증권 신탁기간의 만료 또는 전액 중도 환수,,,,1000,55585193,139150.0,이지스자산운용
1059,096040,이트론,KOSDAQ,주권,보통주,2008/01/25,2025/09/10,기업의 계속성 및 경영의 투명성 등을 종합적으로 고려하여 상장폐지기준에 해당한다고 결정,2025/09/01,2025/09/09,유통,200,906131295,,
1060,024810,이화전기,KOSDAQ,주권,보통주,1994/12/29,2025/09/10,기업의 계속성 및 경영의 투명성 등을 종합적으로 고려하여 상장폐지기준에 해당한다고 결정,2025/09/01,2025/09/09,전기·전자,200,218948640,,
1061,446190,미래에셋비전스팩2호,KOSDAQ,주권,보통주,2023/02/24,2025/09/09,피흡수합병(스팩소멸합병),,,금융,100,4950000,,
1062,019590,에스유앤피,KOSDAQ,주권,보통주,1989/03/14,2025/09/08,기업의 계속성 및 경영의 투명성 등을 종합적으로 고려하여 상장폐지기준에 해당한다고 결정,2025/08/28,2025/09/05,금융,500,37988847,,
1063,70101BB1,한국투자서울오피스,KOSPI,수익증권,보통주,2021/03/17,2025/09/05,수익증권 신탁기간의 만료 또는 전액 중도 환수,,,,1000,54764919,440740.0,한투리얼에셋운용
1064,430220,신영스팩8호,KOSDAQ,주권,보통주,2022/08/26,2025/08/22,피흡수합병(스팩소멸합병),,,금융,100,6760000,,
1065,290380,대유,KOSDAQ,주권,보통주,2018/08/10,2025/08/21,기업의 계속성 및 경영의 투명성 등을 종합적으로 고려하여 상장폐지기준에 해당한다고 결정,2025/08/11,2025/08/20,화학,500,24713612,,
1066,044060,조광ILI,KOSDAQ,주권,보통주,2001/01/18,2025/08/21,기업의 계속성 및 경영의 투명성 등을 종합적으로 고려하여 상장폐지기준에 해당한다고 결정,2025/08/11,2025/08/20,기계·장비,500,95732184,,
1067,000075,삼양홀딩스우,KOSPI,주권,구형우선주,1992/02/21,2025/08/20,존속기간 만료,,,기타금융,5000,150894,70.0,삼양홀딩스
1068,7420177B,하나대체미국LA부동산1호 A,KOSPI,수익증권,보통주,2018/02/07,2025/08/20,수익증권 신탁기간의 만료 또는 전액 중도 환수,,,,1000,48286985,138960.0,하나대체투자자산운용
1069,7420277B,하나대체미국LA부동산1호 F,KOSPI,수익증권,보통주,2018/02/07,2025/08/20,수익증권 신탁기간의 만료 또는 전액 중도 환수,,,,1000,44128492,138960.0,하나대체투자자산운용
1070,086460,큐러블,KONEX,주권,보통주,2013/07/01,2025/08/19,기업의 계속성 및 경영의 투명성 등을 종합적으로 고려하여 상장폐지기준에 해당한다고 결정,2025/08/07,2025/08/18,-,500,146970,,
1071,289860,지슨,KONEX,주권,보통주,2023/01/26,2025/08/14,피흡수합병,,,-,500,17329579,,
1072,77300001,밸류시스템SAFE증권1호(A),KOSPI,수익증권,보통주,2024/08/28,2025/08/07,수익증권 신탁기간의 만료 또는 전액 중도 환수,,,,1000,1579177,,(주)밸류시스템자산운용
1073,77300002,밸류시스템SAFE증권1호(Ae),KOSPI,수익증권,보통주,2024/08/28,2025/08/07,수익증권 신탁기간의 만료 또는 전액 중도 환수,,,,1000,2976085,,(주)밸류시스템자산운용
1074,77300003,밸류시스템SAFE증권2호(A),KOSPI,수익증권,보통주,2024/08/28,2025/08/07,수익증권 신탁기간의 만료 또는 전액 중도 환수,,,,1000,2995279,,(주)밸류시스템자산운용
1075,77300004,밸류시스템SAFE증권2호(Ae),KOSPI,수익증권,보통주,2024/08/28,2025/08/07,수익증권 신탁기간의 만료 또는 전액 중도 환수,,,,1000,1394013,,(주)밸류시스템자산운용
1076,445970,신영스팩9호,KOSDAQ,주권,보통주,2022/12/27,2025/08/01,합병상장예비심사신청서 미제출로 관리종목 지정 후 1개월 이내 동 사유 미해소,2025/07/23,2025/07/31,금융,100,5360000,,
1077,049770,동원F&B,KOSPI,주권,보통주,2000/11/23,2025/07/31,지주회사(최대주주등)의 완전자회사화 등,,,음식료·담배,1000,19295620,,
1078,445360,비엔케이제1호스팩,KOSDAQ,주권,보통주,2022/12/22,2025/07/28,합병상장예비심사신청서 미제출로 관리종목 지정 후 1개월 이내 동 사유 미해소,2025/07/17,2025/07/25,금융,100,4310000,,
1079,950110,SBI핀테크솔루션즈,KOSDAQ,주식예탁증권,보통주,2012/12/17,2025/07/24,상장폐지 신청('25.06.26),2025/07/15,2025/07/23,IT 서비스,무액면,24052540,,
1080,440820,엔에이치스팩27호,KOSDAQ,주권,보통주,2022/12/16,2025/07/21,상장예비심사 청구서 미제출로 관리종목 지정 후 1개월 이내 동 사유 미해소,2025/07/10,2025/07/18,금융,100,7800000,,
1081,77200011,한국밸류기업가치포커스1호(A),KOSPI,수익증권,보통주,2024/09/20,2025/07/18,수익증권 신탁기간의 만료 또는 전액 중도 환수,,,,1000,14672437,,한국투자밸류자산운용
1082,77200012,한국밸류기업가치포커스1호(A-e),KOSPI,수익증권,보통주,2024/09/20,2025/07/18,수익증권 신탁기간의 만료 또는 전액 중도 환수,,,,1000,19162475,,한국투자밸류자산운용
1083,77200013,한국밸류기업가치포커스1호(C-F),KOSPI,수익증권,보통주,2024/09/20,2025/07/18,수익증권 신탁기간의 만료 또는 전액 중도 환수,,,,1000,200000,,한국투자밸류자산운용
1084,77200014,한국밸류기업가치포커스2호(A),KOSPI,수익증권,보통주,2024/09/20,2025/07/18,수익증권 신탁기간의 만료 또는 전액 중도 환수,,,,1000,17879800,,한국투자밸류자산운용
1085,77200015,한국밸류기업가치포커스2호(A-e),KOSPI,수익증권,보통주,2024/09/20,2025/07/18,수익증권 신탁기간의 만료 또는 전액 중도 환수,,,,1000,15651482,,한국투자밸류자산운용
1086,77200016,한국밸류기업가치포커스2호(C-F),KOSPI,수익증권,보통주,2024/09/20,2025/07/18,수익증권 신탁기간의 만료 또는 전액 중도 환수,,,,1000,200000,,한국투자밸류자산운용
1087,000885,한화우,KOSPI,주권,구형우선주,1990/01/22,2025/07/15,종류주식 상장주식수 미달 2반기 계속,,,화학,5000,199033,880.0,한화
1088,023460,CNH,KOSDAQ,주권,보통주,1994/10/07,2025/07/14,기업의 계속성 및 경영의 투명성 등을 종합적으로 고려하여 상장폐지기준에 해당한다고 결정,2025/07/03,2025/07/11,금융,2500,37200000,,
1089,440790,교보13호스팩,KOSDAQ,주권,보통주,2022/11/02,2025/07/11,상장예비심사 청구서 미제출로 관리종목 지정 후 1개월 이내 동사유 미해소,2025/07/02,2025/07/10,금융,100,4050000,,
1090,442310,대신밸런스제14호스팩,KOSDAQ,주권,보통주,2022/12/05,2025/07/11,상장예비심사 청구서 미제출로 관리종목 지정 후 1개월 이내 동사유 미해소,2025/07/02,2025/07/10,금융,100,6710000,,
1091,476470,KB제28호스팩,KOSDAQ,주권,보통주,2024/05/17,2025/07/09,피흡수합병(스팩소멸합병),,,금융,100,5505000,,
1092,442130,유진스팩9호,KOSDAQ,주권,보통주,2022/12/01,2025/07/09,상장예비심사 청구서 미제출로 관리종목 지정 후 1개월 이내 동사유 미해소,2025/06/30,2025/07/08,금융,100,3460000,,
1093,439410,엔에이치스팩26호,KOSDAQ,주권,보통주,2022/12/01,2025/07/08,상장예비심사 청구서 미제출로 관리종목 지정 후 1개월 이내 동사유 미해소,2025/06/27,2025/07/07,금융,100,8800000,,
1094,74702786,이지스리테일194호,KOSPI,수익증권,보통주,2018/08/14,2025/06/27,수익증권 신탁기간의 만료 또는 전액 중도 환수,,,,1000,20837383,139150.0,이지스자산운용
1095,73400003,코레이트하이일드공모주투게더증권A,KOSPI,수익증권,보통주,2024/05/24,2025/06/27,수익증권 신탁기간의 만료 또는 전액 중도 환수,,,,1000,4025112,44430.0,코레이트자산운용
1096,73400004,코레이트하이일드공모주투게더증권A-e,KOSPI,수익증권,보통주,2024/05/24,2025/06/27,수익증권 신탁기간의 만료 또는 전액 중도 환수,,,,1000,9064454,44430.0,코레이트자산운용
1097,73400005,코레이트하이일드공모주투게더증권A2,KOSPI,수익증권,보통주,2024/05/24,2025/06/27,수익증권 신탁기간의 만료 또는 전액 중도 환수,,,,1000,18042312,44430.0,코레이트자산운용
1098,323230,엠에프엠코리아,KOSDAQ,주권,보통주,2019/06/19,2025/06/19,기업의 계속성 및 경영의 투명성 등을 종합적으로 고려하여 상장폐지기준에 해당한다고 결정,2025/06/10,2025/06/18,섬유·의류,100,43274492,,
1099,226440,한송네오텍,KOSDAQ,주권,보통주,2015/10/06,2025/06/19,기업의 계속성 및 경영의 투명성 등을 종합적으로 고려하여 상장폐지기준에 해당한다고 결정,2025/06/10,2025/06/18,기계·장비,100,65739186,,
1100,071460,위니아,KOSDAQ,주권,보통주,2016/07/14,2025/06/18,감사의견 거절(감사범위 제한 및 계속기업가정 불확실성),2025/06/09,2025/06/17,전기·전자,500,35967295,,
1101,072520,제넨바이오,KOSDAQ,주권,보통주,2004/10/29,2025/06/18,감사의견 거절(감사범위 제한 및 계속기업 가정 불확실성),2025/06/09,2025/06/17,일반서비스,500,74163194,,
1102,468510,삼성스팩9호,KOSDAQ,주권,보통주,2023/12/04,2025/06/17,피흡수합병(스팩소멸합병),,,금융,100,11050000,,
1103,029960,코엔텍,KOSDAQ,주권,보통주,2004/06/18,2025/06/16,타법인의 완전자회사로 편입,,,전기·가스·수도,500,48580720,,
1104,438580,엔에이치스팩25호,KOSDAQ,주권,보통주,2022/11/03,2025/06/11,합병상장예비심사신청서 미제출로 관리종목 지정 후 1개월 이내 동 사유 미해소,2025/05/29,2025/06/10,금융,100,3020000,,
1105,439730,IBKS제20호스팩,KOSDAQ,주권,보통주,2022/10/28,2025/06/02,합병상장예비심사신청서 미제출로 관리종목 지정 후 1개월 이내 동 사유 미해소,2025/05/22,2025/05/30,금융,100,4310000,,
1106,439250,삼성스팩7호,KOSDAQ,주권,보통주,2022/10/26,2025/06/02,합병상장예비심사신청서 미제출로 관리종목 지정 후 1개월 이내 동 사유 미해소,2025/05/22,2025/05/30,금융,500,3502000,,
1107,283100,노보믹스,KONEX,주권,보통주,2023/04/19,2025/05/28,외부감사인의 감사의견 의견거절,2025/05/19,2025/05/27,-,500,7697351,,
1108,012600,청호ICT,KOSPI,주권,보통주,1990/07/10,2025/05/27,"기업의 계속성, 경영의 투명성 및 기타 공익과 투자자 보호 등을 종합적으로 고려하여 상장폐지 기준에 해당한다고 결정",2025/05/16,2025/05/26,기계·장비,500,46634517,,
1109,437780,엔에이치스팩24호,KOSDAQ,주권,보통주,2022/10/20,2025/05/26,합병상장예비심사신청서 미제출로 관리종목 지정 후 1개월 이내 동 사유 미해소,2025/05/15,2025/05/23,금융,100,5030000,,
1110,435620,하나금융25호스팩,KOSDAQ,주권,보통주,2022/10/20,2025/05/26,상장예비심사 청구서 미제출로 관리종목 지정 후 1개월 이내 동사유 미해소,2025/05/15,2025/05/23,금융,500,4302000,,
1111,456440,DB금융스팩11호,KOSDAQ,주권,보통주,2023/07/12,2025/05/16,피흡수합병(스팩소멸합병),,,금융,100,5315000,,
1112,435870,에스케이증권제8호스팩,KOSDAQ,주권,보통주,2022/10/06,2025/05/16,합병상장예비심사신청서 미제출로 관리종목 지정 후 1개월 이내 동 사유 미해소,2025/05/07,2025/05/15,금융,100,3720000,,
1113,0676321C,에이치엘비생명과학 9WR,KOSDAQ,신주인수권증권,보통주,2022/06/27,2025/05/16,신주인수권 행사기간 만료,,,,0,3748917,67630.0,HLB생명과학
1114,457390,대신밸런스제15호스팩,KOSDAQ,주권,보통주,2023/08/30,2025/05/15,피흡수합병(스팩소멸합병),,,금융,100,7035000,,
1115,435380,유안타제10호스팩,KOSDAQ,주권,보통주,2022/10/06,2025/05/14,합병상장예비심사신청서 미제출로 관리종목 지정 후 1개월 이내 동 사유 미해소,2025/04/30,2025/05/13,금융,100,5730000,,
1116,1055521A,엣지파운드리 11WR,KOSDAQ,신주인수권증권,보통주,2020/06/23,2025/05/12,신주인수권 행사기간 만료,,,,0,473538,105550.0,엣지파운드리
1117,0543021A,팬스타엔터프라이즈 22WR,KOSDAQ,신주인수권증권,보통주,2020/06/25,2025/05/09,신주인수권 행사기간 만료,,,,0,11474112,54300.0,팬스타엔터프라이즈
1118,258540,에스엘테라퓨틱스,KONEX,주권,보통주,2016/11/29,2025/05/07,감사의견 의견거절,2025/04/23,2025/05/02,-,500,10378119,,
1119,477530,한국제14호스팩,KOSDAQ,주권,보통주,2024/06/19,2025/04/29,피흡수합병(스팩소멸합병),,,금융,100,4810000,,
1120,73501BB4,GB국민참여정책형뉴딜A,KOSPI,수익증권,보통주,2021/07/13,2025/04/21,수익증권 신탁기간의 만료 또는 전액 중도 환수,,,,1000,24369440,86070.0,골든브릿지자산운용
1121,73502BB4,GB국민참여정책형뉴딜C,KOSPI,수익증권,보통주,2021/07/13,2025/04/21,수익증권 신탁기간의 만료 또는 전액 중도 환수,,,,1000,2044000,86070.0,골든브릿지자산운용
1122,73503BB4,GB국민참여정책형뉴딜I,KOSPI,수익증권,보통주,2021/07/13,2025/04/21,수익증권 신탁기간의 만료 또는 전액 중도 환수,,,,1000,3000000,86070.0,골든브릿지자산운용
1123,75801BB4,IBK 국민참여정책형뉴딜 혼합자산 A,KOSPI,수익증권,보통주,2021/07/13,2025/04/21,수익증권 신탁기간의 만료 또는 전액 중도 환수,,,,1000,20535675,82990.0,아이비케이자산운용
1124,75802BB4,IBK 국민참여정책형뉴딜 혼합자산 C,KOSPI,수익증권,보통주,2021/07/13,2025/04/21,수익증권 신탁기간의 만료 또는 전액 중도 환수,,,,1000,9430330,82990.0,아이비케이자산운용
1125,71901BB4,KB국민참여뉴딜,KOSPI,수익증권,보통주,2021/07/13,2025/04/21,수익증권 신탁기간의 만료 또는 전액 중도 환수,,,,1000,29145045,47210.0,케이비자산운용
1126,72501BB4,신한국민참여정책형뉴딜혼합자산(종A1),KOSPI,수익증권,보통주,2021/07/13,2025/04/21,수익증권 신탁기간의 만료 또는 전액 중도 환수,,,,1000,26715260,47190.0,신한자산운용
1127,72502BB4,신한국민참여정책형뉴딜혼합자산(종C1),KOSPI,수익증권,보통주,2021/07/13,2025/04/21,수익증권 신탁기간의 만료 또는 전액 중도 환수,,,,1000,2675977,47190.0,신한자산운용
1128,72801BB4,한화국민참여정책형뉴딜 A,KOSPI,수익증권,보통주,2021/07/13,2025/04/21,수익증권 신탁기간의 만료 또는 전액 중도 환수,,,,1000,26662047,30680.0,한화자산운용
1129,72802BB4,한화국민참여정책형뉴딜 C,KOSPI,수익증권,보통주,2021/07/13,2025/04/21,수익증권 신탁기간의 만료 또는 전액 중도 환수,,,,1000,3290490,30680.0,한화자산운용
1130,70100005,한투글로벌AI빅테크1호(A),KOSPI,수익증권,보통주,2024/04/19,2025/04/16,수익증권 신탁기간의 만료 또는 전액 중도 환수,,,,1000,32635324,47240.0,한국투자신탁운용
1131,70100006,한투글로벌AI빅테크1호(A-e),KOSPI,수익증권,보통주,2024/04/19,2025/04/16,수익증권 신탁기간의 만료 또는 전액 중도 환수,,,,1000,6963095,47240.0,한국투자신탁운용
1132,70100007,한투글로벌AI빅테크2호(A),KOSPI,수익증권,보통주,2024/04/19,2025/04/16,수익증권 신탁기간의 만료 또는 전액 중도 환수,,,,1000,10205646,47240.0,한국투자신탁운용
1133,70100008,한투글로벌AI빅테크2호(A-e),KOSPI,수익증권,보통주,2024/04/19,2025/04/16,수익증권 신탁기간의 만료 또는 전액 중도 환수,,,,1000,29643054,47240.0,한국투자신탁운용
1134,418210,신한제10호스팩,KOSDAQ,주권,보통주,2022/07/29,2025/04/04,합병상장예비심사신청서 미제출로 관리종목 지정 후 1개월 이내 동 사유 미해소,2025/03/26,2025/04/03,금융,100,3660000,,
1135,2195521E,디와이디 3WR,KOSDAQ,신주인수권증권,보통주,2024/03/07,2025/04/03,기초주권의 관리종목 지정,2025/03/25,2025/04/02,,0,11210927,219550.0,디와이디
1136,168490,한국패러랠,KOSPI,투자회사,보통주,2013/04/19,2025/04/01,해산 사유 발생,,,기타금융,무액면,80020000,,
1137,214870,한울BnC,KOSDAQ,주권,보통주,2015/10/13,2025/03/31,감사의견 거절(감사범위 제한 및 계속기업가정 불확실성),2025/03/20,2025/03/28,유통,500,9359221,,
1138,458320,KB제26호스팩,KOSDAQ,주권,보통주,2023/08/10,2025/03/28,피흡수합병(스팩소멸합병),,,금융,100,5505000,,
1139,038340,MIT,KOSDAQ,주권,보통주,2001/11/22,2025/03/28,기업의 계속성 및 경영의 투명성 등을 종합적으로 고려하여 상장폐지기준에 해당한다고 결정,2025/03/19,2025/03/27,전기·전자,500,32424892,,
1140,430700,유안타제9호스팩,KOSDAQ,주권,보통주,2022/08/04,2025/03/17,합병상장예비심사신청서 미제출로 관리종목 지정 후 1개월 이내 동 사유 미해소,2025/03/06,2025/03/14,금융,100,5240000,,
1141,268600,셀리버리,KOSDAQ,주권,보통주,2018/11/09,2025/03/07,감사의견 거절(감사범위 제한 및 계속기업 가정 불확실성),2025/02/25,2025/03/06,일반서비스,500,37183234,,
1142,433530,키움제7호스팩,KOSDAQ,주권,보통주,2022/09/07,2025/03/07,피흡수합병(스팩소멸합병),,,금융,100,4105000,,
1143,413600,키움제6호스팩,KOSDAQ,주권,보통주,2022/04/07,2025/02/28,피흡수합병(스팩소멸합병),,,금융,100,3430000,,
1144,446600,카이바이오텍,KONEX,주권,보통주,2022/12/23,2025/02/25,지정자문인 선임계약 해지 후 30일 이내 미체결('25.2.11限),2025/02/14,2025/02/24,-,5000,981281,,
1145,034300,신세계건설,KOSPI,주권,보통주,2002/06/17,2025/02/24,지주회사(최대주주등)의 완전자회사화 등,,,건설,5000,7760554,,
1146,376190,LB루셈,KOSDAQ,주권,보통주,2021/06/11,2025/02/21,피흡수합병,,,전기·전자,500,24600000,,
1147,078940,퀀타피아,KOSDAQ,주권,보통주,2004/08/27,2025/02/19,기업의 계속성 및 경영의 투명성 등을 종합적으로 고려하여 상장폐지기준에 해당한다고 결정,2025/02/10,2025/02/18,유통,500,53094278,,
1148,299910,애닉,KOSDAQ,주권,보통주,2018/12/03,2025/02/14,기업의 계속성 및 경영의 투명성 등을 종합적으로 고려하여 상장폐지기준에 해당한다고 결정,2025/02/05,2025/02/13,IT 서비스,500,4721384,,
1149,160600,이큐셀,KOSDAQ,주권,보통주,2015/06/26,2025/02/14,기업의 계속성 및 경영의 투명성 등을 종합적으로 고려하여 상장폐지기준에 해당한다고 결정,2025/02/05,2025/02/13,기계·장비,500,52765541,,
1150,425290,삼성스팩6호,KOSDAQ,주권,보통주,2022/06/30,2025/02/11,상장예비심사 청구서 미제출로 관리종목 지정 후 1개월 이내 동사유 미해소,2025/01/31,2025/02/10,금융,100,5520000,,
1151,422040,엔에이치스팩23호,KOSDAQ,주권,보통주,2022/06/28,2025/02/10,상장예비심사 청구서 미제출로 관리종목 지정 후 1개월 이내 동사유 미해소,2025/01/24,2025/02/07,금융,100,7160000,,
1152,424140,케이비제21호스팩,KOSDAQ,주권,보통주,2022/06/23,2025/02/04,상장예비심사 청구서 미제출로 관리종목 지정 후 1개월 이내 동 사유 미해소,2025/01/20,2025/02/03,금융,100,7710000,,
1153,72500002,신한공모주하이일드[채권혼합](종A-e),KOSPI,수익증권,보통주,2023/10/20,2025/02/03,수익증권 신탁기간의 만료 또는 전액 중도 환수,,,,1000,1267578,47190.0,신한자산운용
1154,72500001,신한공모주하이일드[채권혼합](종A1),KOSPI,수익증권,보통주,2023/10/20,2025/02/03,수익증권 신탁기간의 만료 또는 전액 중도 환수,,,,1000,10059482,47190.0,신한자산운용
1155,412930,미래에셋비전스팩1호,KOSDAQ,주권,보통주,2022/04/21,2025/01/21,피흡수합병(스팩소멸합병),,,금융,100,6176000,,
1156,900280,골든센츄리,KOSDAQ,외국주권,보통주,2016/10/19,2025/01/08,"사업보고서, 반기보고서 또는 분기보고서 미제출로 상장규정 제53조제1항제6호에 따라 관리종목으로 지정된 상태에서 공시규정 제19조제1항에 따른 사업보고서, 반기보고서 또는 분기보고서를 법정제출기한내 미제출",2024/12/26,2025/01/07,금융,0.2,205404288,,
1157,76400001,VIP The First 증권투자신탁 1호 A,KOSPI,수익증권,보통주,2023/04/14,2024/12/30,수익증권 신탁기간의 만료 또는 전액 중도 환수,,,,1000,14246109,354340.0,브이아이피자산운용
1158,76400002,VIP The First 증권투자신탁 1호 A-e,KOSPI,수익증권,보통주,2023/04/14,2024/12/30,수익증권 신탁기간의 만료 또는 전액 중도 환수,,,,1000,978298,354340.0,브이아이피자산운용
1159,76400003,VIP The First 증권투자신탁 2호 A,KOSPI,수익증권,보통주,2023/04/14,2024/12/30,수익증권 신탁기간의 만료 또는 전액 중도 환수,,,,1000,11106887,354340.0,브이아이피자산운용
1160,76400004,VIP The First 증권투자신탁 2호 A-e,KOSPI,수익증권,보통주,2023/04/14,2024/12/30,수익증권 신탁기간의 만료 또는 전액 중도 환수,,,,1000,4005860,354340.0,브이아이피자산운용
1161,406760,하나금융21호스팩,KOSDAQ,주권,보통주,2022/02/25,2024/12/26,피흡수합병(스팩소멸합병),,,금융,100,7410000,,
1162,214310,에스엘에너지,KOSDAQ,주권,보통주,2015/06/25,2024/12/23,기업의 계속성 및 경영의 투명성 등을 종합적으로 고려하여 상장폐지기준에 해당한다고 결정,2024/12/12,2024/12/20,전기·전자,500,3679130,,
1163,080000,에스엔유,KOSDAQ,주권,보통주,2005/01/25,2024/12/20,피흡수합병,,,기계·장비,500,34322870,,
1164,418170,하나금융22호스팩,KOSDAQ,주권,보통주,2022/05/26,2024/12/19,피흡수합병(스팩소멸합병),,,금융,100,6010000,,
1165,0673921C,아스트 11WR,KOSDAQ,신주인수권증권,보통주,2022/01/26,2024/12/16,신주인수권 행사기간 만료,,,,0,3129687,67390.0,아스트
1166,430460,한화플러스제3호스팩,KOSDAQ,주권,보통주,2022/09/29,2024/12/13,피흡수합병(스팩소멸합병),,,금융,100,5920000,,
1167,419700,이브이파킹서비스,KONEX,주권,보통주,2023/07/05,2024/12/12,지정자문인 선임계약 해지 후 30일 이내 미체결('24.11.28限),2024/12/03,2024/12/11,-,100,17266666,,
1168,115390,락앤락,KOSPI,주권,보통주,2010/01/28,2024/12/09,지주회사(최대주주등)의 완전자회사화 등,,,화학,500,43326411,,
1169,0807221D,한국유니온제약 3WR,KOSDAQ,신주인수권증권,보통주,2023/04/04,2024/12/05,기초주권의 관리종목 지정,2024/11/26,2024/12/04,,0,3385304,80720.0,한국유니온제약
1170,415580,상상인제3호스팩,KOSDAQ,주권,보통주,2022/04/29,2024/12/04,합병상장예비심사신청서 미제출로 관리종목 지정 후 1개월 이내 동 사유 미해소,2024/11/25,2024/12/03,금융,100,5310000,,
1171,70100002,한투글로벌신성장1호(A),KOSPI,수익증권,보통주,2023/11/03,2024/11/28,수익증권 신탁기간의 만료 또는 전액 중도 환수,,,,1000,41345698,47240.0,한국투자신탁운용
1172,70100003,한투글로벌신성장1호(A-e),KOSPI,수익증권,보통주,2023/11/03,2024/11/28,수익증권 신탁기간의 만료 또는 전액 중도 환수,,,,1000,4365714,47240.0,한국투자신탁운용
1173,70100001,한투글로벌신성장2호(A),KOSPI,수익증권,보통주,2023/11/03,2024/11/28,수익증권 신탁기간의 만료 또는 전액 중도 환수,,,,1000,19841403,47240.0,한국투자신탁운용
1174,70100004,한투글로벌신성장2호(A-e),KOSPI,수익증권,보통주,2023/11/03,2024/11/28,수익증권 신탁기간의 만료 또는 전액 중도 환수,,,,1000,25606482,47240.0,한국투자신탁운용
1175,00532219,온타이드 9WR,KOSPI,신주인수권증권,보통주,2020/01/09,2024/11/25,신주인수권증권 행사기간 및 행사의 만료,,,,0,4805514,5320.0,온타이드
1176,138580,비즈니스온,KOSDAQ,주권,보통주,2017/11/30,2024/11/22,타법인의 완전자회사로 편입,,,출판·매체복제,500,22463248,,
1177,73400001,코레이트하이일드공모주만기형증권1호A,KOSPI,수익증권,보통주,2023/11/03,2024/11/22,수익증권 신탁기간의 만료 또는 전액 중도 환수,,,,1000,15353934,44430.0,코레이트자산운용
1178,73400002,코레이트하이일드공모주만기형증권1호A-e,KOSPI,수익증권,보통주,2023/11/03,2024/11/22,수익증권 신탁기간의 만료 또는 전액 중도 환수,,,,1000,1362994,44430.0,코레이트자산운용
1179,438220,대신밸런스제13호스팩,KOSDAQ,주권,보통주,2022/11/28,2024/11/20,피흡수합병(스팩소멸합병),,,금융,100,5640000,,
1180,421800,교보12호스팩,KOSDAQ,주권,보통주,2022/06/24,2024/11/19,피흡수합병(스팩소멸합병),,,금융,100,5980000,,
1181,71901B9B,KB와이즈스타부동산3A,KOSPI,수익증권,보통주,2020/02/14,2024/11/15,수익증권 신탁기간의 만료 또는 전액 중도 환수,,,,1000,40893730,47210.0,케이비자산운용
1182,71902B9B,KB와이즈스타부동산3C-F,KOSPI,수익증권,보통주,2020/02/14,2024/11/15,수익증권 신탁기간의 만료 또는 전액 중도 환수,,,,1000,38006270,47210.0,케이비자산운용
1183,062860,티엘아이,KOSDAQ,주권,보통주,2006/07/25,2024/11/14,기업의 계속성 및 경영의 투명성 등을 종합적으로 고려하여 상장폐지기준에 해당한다고 결정,2024/11/05,2024/11/13,전기·전자,500,9872720,,
1184,287410,제이시스메디칼,KOSDAQ,주권,보통주,2018/05/08,2024/11/07,타법인의 완전자회사로 편입,,,의료·정밀기기,100,75692193,,
1185,263540,어스앤에어로스페이스,KOSDAQ,주권,보통주,2017/09/15,2024/11/06,기업의 계속성 및 경영의 투명성 등을 종합적으로 고려하여 상장폐지기준에 해당한다고 결정,2024/10/28,2024/11/05,운송장비·부품,500,14294091,,
1186,74100001,흥국플러스공모주하이일드증권 A,KOSPI,수익증권,보통주,2023/09/01,2024/10/31,수익증권 신탁기간의 만료 또는 전액 중도 환수,,,,1000,1951185,71870.0,흥국자산운용
1187,74100002,흥국플러스공모주하이일드증권 A-e,KOSPI,수익증권,보통주,2023/09/01,2024/10/31,수익증권 신탁기간의 만료 또는 전액 중도 환수,,,,1000,3498461,71870.0,흥국자산운용
1188,04963229,재영솔루텍 11WR,KOSDAQ,신주인수권증권,보통주,2019/12/17,2024/10/30,신주인수권 행사기간 만료,,,,0,17949708,49630.0,재영솔루텍
1189,164060,이루다,KOSDAQ,주권,보통주,2020/08/06,2024/10/22,피흡수합병,,,의료·정밀기기,500,21200934,,
1190,282690,동아타이어,KOSPI,주권,보통주,2017/11/29,2024/10/08,해산 사유 발생,,,화학,500,13733015,,
1191,286000,씨엔티드림,KONEX,주권,보통주,2020/12/11,2024/10/07,외부감사인의 감사의견 의견거절,2024/09/24,2024/10/04,-,500,6255385,,
1192,053590,한국테크놀로지,KOSDAQ,주권,보통주,2001/08/23,2024/10/07,해산사유 발생(파산선고),2024/09/24,2024/10/04,전기·전자,500,157140147,,
1193,436610,한국제11호스팩,KOSDAQ,주권,보통주,2022/10/20,2024/09/27,피흡수합병(스팩소멸합병),,,금융,100,6020000,,
1194,01957229,플루토스 9WR,KOSDAQ,신주인수권증권,보통주,2019/11/11,2024/09/25,신주인수권 행사기간 만료,,,,0,17316060,19570.0,GMI벤처
1195,119860,커넥트웨이브,KOSDAQ,주권,보통주,2011/01/24,2024/09/24,타법인의 완전자회사로 편입,,,출판·매체복제,500,39890827,,
1196,089530,에이티세미콘,KOSDAQ,주권,보통주,2011/11/11,2024/09/06,기업의 계속성 및 경영의 투명성 등을 종합적으로 고려하여 상장폐지 기준에 해당한다고 결정,2024/08/28,2024/09/05,일반서비스,500,96494927,,
1197,430230,하나금융24호스팩,KOSDAQ,주권,보통주,2022/09/29,2024/09/03,피흡수합병(스팩소멸합병),,,금융,100,8004000,,
1198,258250,셀젠텍,KONEX,주권,보통주,2016/12/13,2024/08/30,지정자문인 선임계약 해지 후 30일 이내 미체결(2024.8.16 限),2024/08/21,2024/08/29,-,500,4989375,,
1199,74202B98,하나대체일본부동산1호 A,KOSPI,수익증권,보통주,2019/11/08,2024/08/27,수익증권 신탁기간의 만료 또는 전액 중도 환수,,,,1000,679886,138960.0,하나대체투자자산운용
1200,74204B98,하나대체일본부동산1호 C-I,KOSPI,수익증권,보통주,2019/11/08,2024/08/27,수익증권 신탁기간의 만료 또는 전액 중도 환수,,,,1000,43254529,138960.0,하나대체투자자산운용
1201,74203B98,하나대체일본부동산1호 C-W,KOSPI,수익증권,보통주,2019/11/08,2024/08/27,수익증권 신탁기간의 만료 또는 전액 중도 환수,,,,1000,2220000,138960.0,하나대체투자자산운용
1202,74201B98,하나대체일본부동산1호 P,KOSPI,수익증권,보통주,2019/11/08,2024/08/27,수익증권 신탁기간의 만료 또는 전액 중도 환수,,,,1000,5345585,138960.0,하나대체투자자산운용
1203,73300001,다올공모주하이일드만기형증권1 A,KOSPI,수익증권,보통주,2023/09/01,2024/08/23,수익증권 신탁기간의 만료 또는 전액 중도 환수,,,,1000,29737268,47220.0,다올자산운용
1204,73300002,다올공모주하이일드만기형증권1 Ae,KOSPI,수익증권,보통주,2023/09/01,2024/08/23,수익증권 신탁기간의 만료 또는 전액 중도 환수,,,,1000,10693424,47220.0,다올자산운용
1205,299670,에스엠비나,KONEX,주권,보통주,2018/06/25,2024/08/16,지정자문인 선임계약 해지 후 30일 이내 미체결(2024.8.1 限),2024/08/06,2024/08/14,-,100,5450000,,
1206,065560,녹원씨엔아이,KOSDAQ,주권,보통주,2003/07/01,2024/07/29,기업의 계속성 및 경영의 투명성 등을 종합적으로 고려하여 상장폐지기준에 해당한다고 결정,2024/07/18,2024/07/26,출판·매체복제,500,16440776,,
1207,400840,하이제7호스팩,KOSDAQ,주권,보통주,2021/12/20,2024/07/26,상장예비심사 청구서 미제출로 관리종목 지정 후 1개월 이내 동 사유 미해소,2024/07/17,2024/07/25,금융,100,5120000,,
1208,136510,스마트솔루션즈,KOSDAQ,주권,보통주,2011/11/18,2024/07/25,감사의견 거절,2024/07/16,2024/07/24,기계·장비,500,58202018,,
1209,181340,이즈미디어,KOSDAQ,주권,보통주,2017/07/26,2024/07/10,감사범위 제한,2024/07/01,2024/07/09,의료·정밀기기,500,20058966,,
1210,003410,쌍용C&E,KOSPI,주권,보통주,1975/05/03,2024/07/09,지주회사(최대주주등)의 완전자회사화 등,,,비금속,100,443786866,,
1211,388800,유진스팩7호,KOSDAQ,주권,보통주,2021/09/13,2024/07/02,상장예비심사청구서 미제출로 관리종목 지정 후 1개월 이내 동 사유 미해소,2024/06/21,2024/07/01,금융,100,5010000,,
1212,058530,파나케이아,KOSDAQ,주권,보통주,2002/02/05,2024/06/25,기업의 계속성 및 경영의 투명성 등을 종합적으로 고려하여 상장폐지기준에 해당한다고 결정,,,기계·장비,500,20078428,,
1213,006580,대양제지,KOSDAQ,주권,보통주,1993/12/29,2024/06/21,상장폐지 신청('24.05.17),2024/06/12,2024/06/20,종이·목재,500,26850000,,
1214,163430,디피코,KONEX,주권,보통주,2018/05/16,2024/06/18,'22사업연도 감사의견 의견거절 및 '23사업연도 사업보고서 미제출,2024/06/07,2024/06/17,-,500,9829553,,
1215,161570,THE MIDONG,KOSDAQ,주권,보통주,2013/11/13,2024/06/17,기업의 계속성 및 경영의 투명성 등을 종합적으로 고려하여 상장폐지기준에 해당한다고 결정,2024/06/05,2024/06/14,정보기기,500,21096354,,
1216,386580,한화플러스제2호스팩,KOSDAQ,주권,보통주,2021/08/05,2024/06/17,상장예비심사 청구서 미제출로 관리종목 지정 후 1개월 이내 동 사유 미해소,2024/06/05,2024/06/14,금융,100,4160000,,
1217,405640,신한제9호스팩,KOSDAQ,주권,보통주,2022/04/27,2024/06/11,피흡수합병(스팩소멸합병),,,금융,100,4535000,,
1218,148140,비디아이,KOSDAQ,주권,보통주,2017/11/09,2024/06/07,기업의 계속성 및 경영의 투명성 등을 종합적으로 고려하여 상장폐지기준에 해당한다고 결정,2024/05/28,2024/06/05,기계·장비,500,19636839,,
1219,70101B99,한국투자도쿄한조몬오피스,KOSPI,수익증권,보통주,2019/09/02,2024/06/07,수익증권 신탁기간의 만료 또는 전액 중도 환수,,,,1000,61469664,440740.0,한투리얼에셋운용
1220,391060,엔에이치스팩20호,KOSDAQ,주권,보통주,2021/10/05,2024/05/14,상장예비심사 청구서 미제출로 관리종목 지정 후 1개월 이내 동사유 미해소,2024/05/02,2024/05/13,금융,500,5100000,,
1221,030790,비케이탑스,KOSPI,주권,보통주,2010/11/02,2024/05/13,감사의견 의견거절 2년 계속,2024/04/30,2024/05/10,일반서비스,500,21248145,,
1222,0110821B,형지I&C 6WR,KOSDAQ,신주인수권증권,보통주,2021/06/21,2024/05/08,신주인수권 행사기간 만료,,,,0,8112333,11080.0,형지I&C
1223,058220,아리온,KOSDAQ,주권,보통주,2005/08/05,2024/05/03,감사의견 거절(감사범위 제한 및 계속기업 존속능력에 대한 불확실성),,,통신장비,500,38974244,,
1224,436530,케이비제22호스팩,KOSDAQ,주권,보통주,2022/09/22,2024/05/03,피흡수합병(스팩소멸합병),,,금융,100,5220000,,
1225,2456221D,이원다이애그노믹스 10WR,KOSDAQ,신주인수권증권,보통주,2023/05/25,2024/05/02,기조추권의 관리종목 지정,2024/04/22,2024/04/30,,0,9147782,245620.0,EDGC
1226,393360,신한제8호스팩,KOSDAQ,주권,보통주,2021/09/27,2024/04/30,합병상장예비심사신청서 미제출로 관리종목 지정 후 1개월 이내 동 사유 미해소,2024/04/19,2024/04/29,금융,100,7350000,,
1227,001725,신영증권우,KOSPI,주권,구형우선주,1988/08/16,2024/04/26,존속기간 만료,,,증권,5000,7005468,1720.0,신영증권
1228,322190,베른,KONEX,주권,보통주,2020/12/29,2024/04/25,감사의견 의견거절(감사범위제한),2024/04/16,2024/04/24,-,100,8925197,,
1229,419270,신영스팩7호,KOSDAQ,주권,보통주,2022/04/28,2024/04/25,피흡수합병(스팩소멸합병),,,금융,100,4305000,,
1230,0051121C,한창 66WR,KOSPI,신주인수권증권,보통주,2023/12/01,2024/04/15,주권의 상장폐지 또는 관리종목지정기준에 해당(신주인수권증권),2024/04/03,2024/04/12,,0,4456407,5110.0,한창
1231,248020,젬,KONEX,주권,보통주,2021/10/22,2024/04/05,외부감사인의 감사의견 의견거절,2024/03/27,2024/04/04,-,500,4771050,,
1232,3232321D,엠에프엠코리아 7WR,KOSDAQ,신주인수권증권,보통주,2023/07/17,2024/04/03,기초주권의 관리종목 지정,2024/03/25,2024/04/02,,0,424880,,
1233,224020,에스케이씨에스,KONEX,주권,보통주,2016/07/25,2024/03/29,피흡수합병,,,-,500,5570977,,
1234,397880,교보11호스팩,KOSDAQ,주권,보통주,2021/12/20,2024/03/25,피흡수합병(스팩소멸합병),,,금융,100,4440000,,
1235,74401769,맵스미국9-2호,KOSPI,수익증권,보통주,2016/12/21,2024/03/21,수익증권 신탁기간의 만료 또는 전액 중도 환수,,,,1000,294118213,36320.0,미래에셋자산운용
1236,150440,피노텍,KONEX,주권,보통주,2014/12/05,2024/03/21,외부감사인의 감사의견 의견거절,2024/03/12,2024/03/20,-,500,9565412,,
1237,115960,연우,KOSDAQ,주권,보통주,2015/11/02,2024/03/06,타법인의 완전자회사로 편입,,,화학,500,12398000,,
1238,001880,DL건설,KOSPI,주권,보통주,1977/12/22,2024/03/04,지주회사(최대주주등)의 완전자회사화 등,,,건설,5000,22053284,,
1239,183410,골프존데카,KONEX,주권,보통주,2013/11/12,2024/02/22,타법인의 완전자회사로 편입,,,-,500,4111161,,
1240,372290,하나머스트7호스팩,KOSDAQ,주권,보통주,2021/03/05,2024/02/19,피흡수합병(스팩소멸합병),,,금융,100,4304000,,
1241,426550,IBKS제19호스팩,KOSDAQ,주권,보통주,2022/08/26,2024/02/15,피흡수합병(스팩소멸합병),,,금융,100,5080000,,
1242,114120,크루셜텍,KOSDAQ,주권,보통주,2010/07/21,2024/02/15,기업의 계속성 및 경영의 투명성 등을 종합적으로 고려하여 상장폐지기준에 해당한다고 결정,2024/02/02,2024/02/14,IT부품,1000,2296131,,
1243,427950,하나금융23호스팩,KOSDAQ,주권,보통주,2022/09/15,2024/02/01,피흡수합병(스팩소멸합병),,,금융,100,4830000,,
1244,068400,SK렌터카,KOSPI,주권,보통주,2012/07/27,2024/01/31,지주회사(최대주주등)의 완전자회사화 등,,,일반서비스,500,46323542,,
1245,377400,하이제6호스팩,KOSDAQ,주권,보통주,2021/05/10,2024/01/25,피흡수합병(스팩소멸합병),,,금융,100,5407500,,
1246,380320,삼성머스트스팩5호,KOSDAQ,주권,보통주,2021/06/17,2024/01/23,상장예비심사 청구서 미제출로 관리종목 지정 후 1개월 이내 동 사유 미해소,2024/01/12,2024/01/22,금융,100,4810000,,
1247,091990,셀트리온헬스케어,KOSDAQ,주권,보통주,2017/07/28,2024/01/12,피흡수합병,,,유통,1000,164464724,,
1248,404950,DB금융스팩10호,KOSDAQ,주권,보통주,2022/01/20,2024/01/04,피흡수합병(스팩소멸합병),,,금융,100,5840000,,
1249,73501BA2,GB중소성장기업A,KOSPI,수익증권,보통주,2020/04/27,2024/01/04,수익증권 신탁기간의 만료 또는 전액 중도 환수,,,,1000,6028090,86070.0,골든브릿지자산운용
1250,73502BA2,GB중소성장기업C,KOSPI,수익증권,보통주,2020/04/27,2024/01/04,수익증권 신탁기간의 만료 또는 전액 중도 환수,,,,1000,550942,86070.0,골든브릿지자산운용
1251,73503BA2,GB중소성장기업I,KOSPI,수익증권,보통주,2020/04/27,2024/01/04,수익증권 신탁기간의 만료 또는 전액 중도 환수,,,,1000,6000000,86070.0,골든브릿지자산운용
1252,72501BA2,신한소재부품장비A1,KOSPI,수익증권,보통주,2020/04/29,2024/01/04,수익증권 신탁기간의 만료 또는 전액 중도 환수,,,,1000,13524136,47190.0,신한자산운용
1253,72502BA2,신한소재부품장비C1,KOSPI,수익증권,보통주,2020/04/29,2024/01/04,수익증권 신탁기간의 만료 또는 전액 중도 환수,,,,1000,5592200,47190.0,신한자산운용
1254,70101BA2,한투소재부품장비A,KOSPI,수익증권,보통주,2020/04/27,2024/01/04,수익증권 신탁기간의 만료 또는 전액 중도 환수,,,,1000,22440318,47240.0,한국투자신탁운용
1255,70102BA2,한투소재부품장비C,KOSPI,수익증권,보통주,2020/04/27,2024/01/04,수익증권 신탁기간의 만료 또는 전액 중도 환수,,,,1000,876917,47240.0,한국투자신탁운용
1256,141020,디에스앤엘,KOSDAQ,주권,보통주,2013/01/29,2024/01/03,기업의 계속성 및 경영의 투명성 등을 종합적으로 고려하여 상장폐지기준에 해당한다고 결정,2023/12/20,2024/01/02,유통,500,11700533,,
1257,380440,엔에이치스팩19호,KOSPI,주권,보통주,2021/05/21,2024/01/02,SPAC 상장예비심사청구서 미제출 등,2023/12/19,2023/12/28,기타금융,500,10258000,,
1258,377630,삼성스팩4호,KOSDAQ,주권,보통주,2021/05/21,2023/12/27,상장예비심사 청구서 미제출로 관리종목 지정 후 1개월 이내 동 사유 미해소,2023/12/15,2023/12/26,금융,100,4020000,,
1259,450410,엔에이치스팩28호,KOSDAQ,주권,보통주,2023/03/09,2023/12/21,피흡수합병(스팩소멸합병),,,금융,100,3920000,,
1260,0673921B,아스트 9WR,KOSDAQ,신주인수권증권,보통주,2021/02/04,2023/12/20,신주인수권 행사기간 만료,,,,0,5467775,67390.0,아스트
1261,046140,SBS콘텐츠허브,KOSDAQ,주권,보통주,2003/02/05,2023/12/18,타법인의 완전자회사로 편입,,,오락·문화,500,21463555,,
1262,373340,유진스팩6호,KOSDAQ,주권,보통주,2021/04/08,2023/12/13,상장예비심사 청구서 미제출로 관리종목 지정 후 1개월 이내 동 사유 미해소,2023/12/04,2023/12/12,금융,100,3020000,,
1263,138690,엘아이에스,KOSDAQ,주권,보통주,2011/06/02,2023/12/06,기업의 계속성 및 경영의 투명성 등을 종합적으로 고려하여 상장폐지기준에 해당한다고 결정,2023/11/27,2023/12/05,반도체,500,67080306,,
1264,367360,DB금융스팩9호,KOSDAQ,주권,보통주,2021/03/16,2023/11/24,피흡수합병(스팩소멸합병),,,금융,100,4840000,,
1265,155900,바다로19호,KOSPI,선박투자회사,보통주,2012/06/29,2023/11/24,신청에 의한 상장폐지,,,일반서비스,5000,15200004,,
1266,015540,에코바이브,KOSPI,주권,보통주,1989/09/02,2023/11/07,감사의견 의견거절 2년 계속,2023/10/27,2023/11/06,일반서비스,500,62556871,,
1267,0234421A,제이스코홀딩스 2WR,KOSDAQ,신주인수권증권,보통주,2020/12/16,2023/11/07,신주인수권 행사기간 만료,,,,0,2827380,23440.0,제이스코홀딩스
1268,405350,IBKS제17호스팩,KOSDAQ,주권,보통주,2022/02/18,2023/11/03,피흡수합병(스팩소멸합병),,,금융,100,2720000,,
1269,440200,케이비제23호스팩,KOSDAQ,주권,보통주,2022/11/03,2023/11/03,피흡수합병(스팩소멸합병),,,금융,100,6125000,,
1270,085370,루트로닉,KOSDAQ,주권,보통주,2006/07/04,2023/10/27,타법인의 완전자회사로 편입,,,의료·정밀기기,500,25871695,,
1271,08537M,루트로닉3우C,KOSDAQ,주권,종류주권,2016/12/15,2023/10/27,타법인의 완전자회사로 편입,,,의료·정밀기기,500,153536,,
1272,069110,코스온,KOSDAQ,주권,보통주,2003/10/14,2023/10/20,감사의견 거절(감사범위 제한),2023/10/11,2023/10/19,화학,500,22450397,,
1273,0003021C,대유플러스 12WR,KOSPI,신주인수권증권,보통주,2022/04/07,2023/10/17,주권의 상장폐지 또는 관리종목지정기준에 해당(신주인수권증권),2023/10/05,2023/10/16,,0,23010603,300.0,DH오토넥스
1274,0003021D,대유플러스 14WR,KOSPI,신주인수권증권,보통주,2023/07/20,2023/10/17,주권의 상장폐지 또는 관리종목지정기준에 해당(신주인수권증권),2023/10/05,2023/10/16,,0,27803411,300.0,DH오토넥스
1275,72501773,나인트리부동산(종A1),KOSPI,수익증권,보통주,2017/06/26,2023/10/13,수익증권 신탁기간의 만료 또는 전액 중도 환수,,,,1000,36359419,47190.0,신한자산운용
1276,72502773,나인트리부동산(종C-i),KOSPI,수익증권,보통주,2017/06/26,2023/10/13,수익증권 신탁기간의 만료 또는 전액 중도 환수,,,,1000,10140581,47190.0,신한자산운용
1277,0048721A,티웨이홀딩스 24WR,KOSPI,신주인수권증권,보통주,2020/11/09,2023/09/25,신주인수권증권 행사기간 및 행사의 만료,,,,0,32355641,4870.0,티웨이홀딩스
1278,353060,에이치엠씨제5호스팩,KOSDAQ,주권,보통주,2020/12/16,2023/09/22,상장예비심사 청구서 미제출로 관리종목 지정 후 1개월 이내 동 사유 미해소,2023/09/13,2023/09/21,금융,100,5115000,,
1279,400560,하나금융20호스팩,KOSDAQ,주권,보통주,2021/12/27,2023/09/19,피흡수합병(스팩소멸합병),,,금융,100,3050000,,
1280,00121218,금호전기 31WR,KOSPI,신주인수권증권,보통주,2018/10/31,2023/09/18,신주인수권증권 행사기간 및 행사의 만료,,,,0,2881394,1210.0,금호전기
1281,366330,신한제7호스팩,KOSDAQ,주권,보통주,2021/02/04,2023/09/18,피흡수합병(스팩소멸합병),,,금융,100,4550000,,
1282,242350,피엔아이컴퍼니,KONEX,주권,보통주,2016/12/22,2023/09/18,지정자문인 선임계약 해지 후 30일 이내 미체결(2023.9.4 限),2023/09/07,2023/09/15,-,500,4776520,,
1283,367480,유안타제8호스팩,KOSDAQ,주권,보통주,2021/04/05,2023/09/08,피흡수합병(스팩소멸합병),,,금융,100,6490000,,
1284,409570,한국제10호스팩,KOSDAQ,주권,보통주,2022/02/21,2023/08/31,피흡수합병(스팩소멸합병),,,금융,100,5410000,,
1285,0051121C,한창 66WR,KOSPI,신주인수권증권,보통주,2022/07/13,2023/08/31,주권의 상장폐지 또는 관리종목지정기준에 해당(신주인수권증권),2023/08/22,2023/08/30,,0,4456409,5110.0,한창
1286,298870,우리벤처파트너스,KOSDAQ,주권,보통주,2021/12/16,2023/08/28,타법인의 완전자회사로 편입,,,금융,500,100000000,,
1287,010050,우리종금,KOSPI,주권,보통주,1974/09/11,2023/08/28,지주회사(최대주주등)의 완전자회사화 등,,,기타금융,500,874203406,,
1288,048260,오스템임플란트,KOSDAQ,주권,보통주,2007/02/07,2023/08/14,상장폐지 신청('23.06.28),2023/08/03,2023/08/11,의료·정밀기기,5000,1557648,,
1289,348840,데이드림엔터,KONEX,주권,보통주,2020/08/18,2023/08/10,상장폐지 신청,2023/08/01,2023/08/09,-,500,842500,,
1290,078650,지나인제약,KOSDAQ,주권,보통주,2010/10/22,2023/07/21,감사의견 거절(감사범위 제한 및 계속기업가정 불확실성),2023/07/12,2023/07/20,의료·정밀기기,500,4078777,,
1291,70101BA7,한국투자도쿄기오이쵸오피스[파생형],KOSPI,수익증권,보통주,2020/10/28,2023/07/20,수익증권 신탁기간의 만료 또는 전액 중도 환수,,,,1000,42265148,440740.0,한투리얼에셋운용
1292,367340,DB금융스팩8호,KOSDAQ,주권,보통주,2020/12/09,2023/07/17,상장예비심사 청구서 미제출로 관리종목 지정 후 1개월 이내 동 사유 미해소,2023/07/06,2023/07/14,금융,100,6050000,,
1293,000995,DB하이텍1우,KOSPI,주권,구형우선주,2007/05/21,2023/07/17,종류주식 상장주식수 미달 2반기 계속,,,전기·전자,5000,112316,990.0,DB하이텍
1294,001745,SK네트웍스우,KOSPI,주권,구형우선주,1989/12/21,2023/07/17,종류주식 상장주식수 미달 2반기 계속,,,유통,2500,113648,1740.0,SK네트웍스
1295,096640,멜파스,KOSDAQ,주권,보통주,2009/12/18,2023/07/17,기업의 계속성 및 경영의 투명성 등을 종합적으로 고려하여 상장폐지기준에 해당한다고 결정,2023/07/06,2023/07/14,IT부품,500,46517663,,
1296,010145,삼성중공우,KOSPI,주권,구형우선주,1994/11/22,2023/07/17,종류주식 상장주식수 미달 2반기 계속,,,운송장비·부품,1000,114845,10140.0,삼성중공업
1297,004565,현대비앤지스틸우,KOSPI,주권,구형우선주,1989/08/31,2023/07/17,종류주식 상장주식수 미달 2반기 계속,,,금속,5000,109852,4560.0,현대비앤지스틸
1298,000547,흥국화재2우B,KOSPI,주권,신형우선주,1999/08/09,2023/07/17,종류주식 상장주식수 미달 2반기 계속,,,보험,5000,153600,540.0,흥국화재
1299,21433218,금호에이치티 1WR,KOSPI,신주인수권증권,보통주,2018/07/30,2023/06/13,신주인수권증권 행사기간 및 행사의 만료,,,,0,240756,214330.0,금호에이치티
1300,285770,라이프사이언스테크놀로지,KONEX,주권,보통주,2017/12/21,2023/06/12,외부감사인의 감사의견 의견거절,2023/05/31,2023/06/09,-,500,3545380,,
1301,281310,바이오시네틱스,KONEX,주권,보통주,2017/12/15,2023/06/12,외부감사인의 감사의견 의견거절,2023/05/31,2023/06/09,-,500,2650890,,
1302,1806421A,한진칼 3WR,KOSPI,신주인수권증권,보통주,2020/07/16,2023/06/05,신주인수권증권 행사기간 및 행사의 만료,,,,0,3263492,180640.0,한진칼
1303,388220,하나금융19호스팩,KOSDAQ,주권,보통주,2021/10/07,2023/05/23,피흡수합병(스팩소멸합병),,,금융,100,6310000,,
1304,353490,미래에셋대우스팩 5호,KOSDAQ,주권,보통주,2020/08/28,2023/05/17,상장예비심사 청구서 미제출로 관리종목 지정 후 1개월 이내 동 사유 미해소,2023/05/08,2023/05/16,금융,100,5060000,,
1305,050540,엠피씨플러스,KOSDAQ,주권,보통주,2005/12/12,2023/05/08,감사의견 거절(감사범위 제한),2023/04/27,2023/05/04,일반서비스,500,6468087,,
1306,140290,청광건설,KONEX,주권,보통주,2013/12/20,2023/05/08,상장폐지 신청,2023/04/25,2023/05/04,-,500,10555100,,
1307,135160,무송지오씨,KONEX,주권,보통주,2015/12/28,2023/05/02,발행한 어음 또는 수표가 주거래은행에 의하여 최종부도로 결정되거나 거래은행에 의한 거래정지,2023/04/20,2023/04/28,-,500,9576333,,
1308,396770,엔에이치스팩22호,KOSDAQ,주권,보통주,2021/12/24,2023/04/28,피흡수합병(스팩소멸합병),,,금융,100,6440000,,
1309,008560,메리츠증권,KOSPI,주권,보통주,1992/01/15,2023/04/25,지주회사(최대주주등)의 완전자회사화 등,,,증권,1000,593180579,,
1310,215050,비엔디생활건강,KONEX,주권,보통주,2015/03/30,2023/04/21,감사의견 의견거절(감사범위제한),2023/04/12,2023/04/20,-,100,2121666,,
1311,426670,대신밸런스제12호스팩,KOSDAQ,주권,보통주,2022/07/14,2023/04/20,피흡수합병(스팩소멸합병),,,금융,100,5810000,,
1312,2901221A,대유에이피 3WR,KOSDAQ,신주인수권증권,보통주,2020/05/28,2023/04/18,신주인수권 행사기간 만료,,,,0,3275670,290120.0,DH오토리드
1313,267060,명진홀딩스,KONEX,주권,보통주,2017/08/24,2023/04/18,지정자문인 선임계약 해지 후 30일 이내 미체결(2023.4.4 限),2023/04/07,2023/04/17,-,500,9141804,,
1314,058420,제이웨이,KOSDAQ,주권,보통주,2002/01/10,2023/04/14,감사의견 거절(감사범위 제한 및 계속기업가정 불확실성),2023/04/05,2023/04/13,오락·문화,500,3610839,,
1315,271850,다이오진,KONEX,주권,보통주,2017/06/19,2023/04/12,지정자문인 선임계약 해지 후 30일 이내 미체결(2023.3.29 限),2023/04/03,2023/04/11,-,100,3206333,,
1316,267810,앙츠,KONEX,주권,보통주,2017/04/28,2023/04/04,지정자문인 선임계약 해지 후 30일 이내 미체결(2023.3.21 限),2023/03/24,2023/04/03,-,500,1787000,,
1317,056000,코원플레이,KOSDAQ,주권,보통주,2003/07/11,2023/03/30,감사의견 거절(감사범위 제한 및 계속기업가정 불확실성),2023/03/21,2023/03/29,디지털컨텐츠,500,19720225,,
1318,70101786,벨기에코어오피스부동산(A),KOSPI,수익증권,보통주,2018/06/19,2023/03/22,수익증권 신탁기간의 만료 또는 전액 중도 환수,,,,1000,184179291,440740.0,한투리얼에셋운용
1319,70102786,벨기에코어오피스부동산(C-I),KOSPI,수익증권,보통주,2018/06/19,2023/03/22,수익증권 신탁기간의 만료 또는 전액 중도 환수,,,,1000,200000,440740.0,한투리얼에셋운용
1320,387310,대신밸런스제10호스팩,KOSDAQ,주권,보통주,2021/09/17,2023/03/16,피흡수합병(스팩소멸합병),,,금융,100,5460000,,
1321,353070,에이치엠씨제4호스팩,KOSDAQ,주권,보통주,2020/07/29,2023/03/10,상장예비심사 청구서 미제출로 관리종목 지정 후 1개월 이내 동 사유 미해소,2023/02/28,2023/03/09,금융,100,4310000,,
1322,397500,대신밸런스제11호스팩,KOSDAQ,주권,보통주,2021/12/02,2023/03/09,피흡수합병(스팩소멸합병),,,금융,100,7610000,,
1323,343510,하나금융16호스팩,KOSDAQ,주권,보통주,2020/07/23,2023/03/02,상장예비심사 청구서 미제출로 관리종목 지정 후 1개월 이내 동 사유 미해소,2023/02/20,2023/02/28,금융,100,4010000,,
1324,351340,IBKS제13호스팩,KOSDAQ,주권,보통주,2020/07/15,2023/02/21,상장예비심사 청구서 미제출로 관리종목 지정 후 1개월 이내 동 사유 미해소,2023/02/10,2023/02/20,금융,100,5170000,,
1325,000060,메리츠화재,KOSPI,주권,보통주,1956/07/02,2023/02/21,지주회사(최대주주등)의 완전자회사화 등,,,보험,500,104535112,,
1326,344050,신영스팩6호,KOSDAQ,주권,보통주,2020/02/12,2023/02/17,피흡수합병(스팩소멸합병),,,금융,100,4305000,,
1327,096300,베트남개발1,KOSPI,투자회사,보통주,2007/06/13,2023/02/02,해산 사유 발생,,,기타금융,무액면,137680211,,
1328,0437121A,서울리거 4WR,KOSDAQ,신주인수권증권,보통주,2020/03/10,2023/01/26,신주인수권 행사기간 만료,,,,0,9752470,43710.0,코스리거글로벌
1329,064510,유네코,KOSDAQ,주권,보통주,2018/03/15,2023/01/17,감사의견 거절(감사범위 제한 및 계속기업 존속능력 불확실성),2023/01/06,2023/01/16,기계·장비,500,10117010,,
1330,71901B96,KB 와이즈 스타 부동산 자 2 A,KOSPI,수익증권,보통주,2019/09/23,2022/12/29,수익증권 신탁기간의 만료 또는 전액 중도 환수,,,,1000,5176619,47210.0,케이비자산운용
1331,71902B96,KB 와이즈 스타 부동산 자 2 C-F,KOSPI,수익증권,보통주,2019/09/23,2022/12/29,수익증권 신탁기간의 만료 또는 전액 중도 환수,,,,1000,98800000,47210.0,케이비자산운용
1332,71903B96,KB 와이즈 스타 부동산 자 2 C-I,KOSPI,수익증권,보통주,2019/09/23,2022/12/29,수익증권 신탁기간의 만료 또는 전액 중도 환수,,,,1000,8000000,47210.0,케이비자산운용
1333,342550,케이비제20호스팩,KOSDAQ,주권,보통주,2020/01/30,2022/12/29,피흡수합병(스팩소멸합병),,,금융,100,6501000,,
1334,329020,오션스톤,KONEX,주권,보통주,2020/05/07,2022/12/27,지정자문인 선임계약 해지 후 30일 이내 미체결(2022.12.13 限),2022/12/16,2022/12/26,-,500,835152,,
1335,349720,이베스트스팩5호,KOSDAQ,주권,보통주,2020/05/20,2022/12/26,상장예비심사 청구서 미제출로 관리종목 지정 후 1개월 이내 동 사유 미해소,2022/12/15,2022/12/23,금융,100,3620000,,
1336,341160,하나금융15호스팩,KOSDAQ,주권,보통주,2020/01/30,2022/12/23,피흡수합병(스팩소멸합병),,,금융,100,4710000,,
1337,217600,켐온,KOSDAQ,주권,보통주,2015/06/26,2022/12/16,피흡수합병,,,일반서비스,100,63861340,,
1338,290510,코리아센터,KOSDAQ,주권,보통주,2019/11/29,2022/12/16,피흡수합병,,,소프트웨어,100,114534446,,
1339,367460,유안타제7호스팩,KOSDAQ,주권,보통주,2020/12/28,2022/12/08,피흡수합병(스팩소멸합병),,,금융,100,5500000,,
1340,131390,원익피앤이,KOSDAQ,주권,보통주,2011/09/27,2022/11/29,피흡수합병,,,전기·전자,500,14818910,,
1341,158310,참존글로벌,KOSDAQ,주권,보통주,2013/04/03,2022/11/09,기업의 계속성 및 경영의 투명성 등을 종합적으로 고려하여 상장폐지기준에 해당한다고 결정,2022/10/31,2022/11/08,기계·장비,500,47841128,,
1342,060300,레드로버,KOSDAQ,주권,보통주,2002/01/10,2022/11/04,기업의 계속성 및 경영의 투명성 등을 종합적을 고려하여 상장폐지기준에 해당한다고 결정,2022/10/26,2022/11/03,오락·문화,500,29231297,,
1343,347140,케이프이에스제4호,KOSDAQ,주권,보통주,2020/03/24,2022/10/31,상장예비심사 청구서 미제출로 관리종목 지정 후 1개월 이내 동 사유 미해소,2022/10/20,2022/10/28,금융,100,3009000,,
1344,126870,뉴로스,KOSDAQ,주권,보통주,2012/02/15,2022/10/26,감사의견 거절(감사범위 제한 및 계속기업 존속능력 불확실성),2022/10/17,2022/10/25,기계·장비,500,35639398,,
1345,337450,SK5호스팩,KOSDAQ,주권,보통주,2019/12/04,2022/10/18,피흡수합병(스팩소멸합병),,,금융,100,4310000,,
1346,340350,SK6호스팩,KOSDAQ,주권,보통주,2020/03/11,2022/10/18,상장예비심사 청구서 미제출로 관리종목 지정 후 1개월 이내 동 사유 미해소,2022/10/06,2022/10/17,금융,100,5710000,,
1347,090740,연이비앤티,KOSDAQ,주권,보통주,2007/09/19,2022/10/17,기업의 계속성 및 경영의 투명성 등을 종합적으로 고려하여 상장폐지기준에 해당한다고 결정,2022/10/05,2022/10/14,IT부품,500,22459415,,
1348,182690,테라셈,KOSDAQ,주권,보통주,2014/10/30,2022/10/17,감사의견 거절(감사범위 제한),2022/10/06,2022/10/14,유통,500,21163148,,
1349,07661219,해성옵틱스 6WR,KOSDAQ,신주인수권증권,보통주,2019/11/25,2022/10/12,신주인수권 행사기간 만료,,,,0,7034345,76610.0,해성옵틱스
1350,046110,한일네트웍스,KOSDAQ,주권,보통주,2006/01/20,2022/10/05,상장폐지 신청('22.08.31),2022/09/23,2022/10/04,컴퓨터서비스,500,11954227,,
1351,332710,하나금융14호스팩,KOSDAQ,주권,보통주,2019/11/01,2022/09/26,상장예비심사 청구서 미제출로 관리종목 지정 후 1개월 이내 동사유 미해소,2022/09/15,2022/09/23,금융,100,4410000,,
1352,127160,매직마이크로,KOSDAQ,주권,보통주,2015/11/19,2022/09/22,감사의견 거절(감사범위 제한 및 계속기업 존속능력 불확실성),2022/09/16,2022/09/21,반도체,100,86623501,,
1353,75701B93,현대유퍼스트부동산25호 A,KOSPI,수익증권,보통주,2019/05/31,2022/09/08,수익증권 신탁기간의 만료 또는 전액 중도 환수,,,,1000,33565491,,현대자산운용
1354,75702B93,현대유퍼스트부동산25호 C-i,KOSPI,수익증권,보통주,2019/05/31,2022/09/08,수익증권 신탁기간의 만료 또는 전액 중도 환수,,,,1000,200000,,현대자산운용
1355,053110,소리바다,KOSDAQ,주권,보통주,2001/10/09,2022/09/07,감사의견 거절(감사범위 제한),2022/08/29,2022/09/06,디지털컨텐츠,500,8940349,,
1356,71901B92,KB와이즈스타부동산1A,KOSPI,수익증권,보통주,2019/05/17,2022/08/31,수익증권 신탁기간의 만료 또는 전액 중도 환수,,,,1000,70538605,47210.0,케이비자산운용
1357,71903B92,KB와이즈스타부동산1C-F,KOSPI,수익증권,보통주,2019/05/17,2022/08/31,수익증권 신탁기간의 만료 또는 전액 중도 환수,,,,1000,700000,47210.0,케이비자산운용
1358,71902B92,KB와이즈스타부동산1C-퇴직,KOSPI,수익증권,보통주,2019/05/17,2022/08/31,수익증권 신탁기간의 만료 또는 전액 중도 환수,,,,1000,3765000,47210.0,케이비자산운용
1359,75901BB7,KIAMCO 뉴딜인프라,KOSPI,수익증권,보통주,2021/10/15,2022/08/30,수익증권 신탁기간의 만료 또는 전액 중도 환수,,,,1000,10000000,397360.0,케이디비인프라
1360,08280218,비보존 헬스케어 5WR,KOSDAQ,신주인수권증권,보통주,2018/03/27,2022/08/29,기초주권의 관리종목 지정,2022/08/18,2022/08/26,,0,189435,82800.0,비보존 제약
1361,06679217,씨씨에스 1WR,KOSDAQ,신주인수권증권,보통주,2021/05/03,2022/08/29,신주인수권 행사기간 만료,,,,0,2428190,66790.0,씨씨에스
1362,70101781,도쿄중소형오피스1,KOSPI,수익증권,보통주,2018/01/22,2022/08/17,수익증권 신탁기간의 만료 또는 전액 중도 환수,,,,1000,26958739,47240.0,한국투자신탁운용
1363,340120,하이제5호스팩,KOSDAQ,주권,보통주,2019/12/23,2022/07/28,상장예비심사 청구서 미제출로 관리종목 지정 후 1개월 이내 동사유 미해소,2022/07/19,2022/07/27,금융,100,5020000,,
1364,002270,롯데푸드,KOSPI,주권,보통주,1973/05/09,2022/07/20,해산 사유 발생,,,음식료·담배,5000,1209055,,
1365,016385,KG스틸우,KOSPI,주권,구형우선주,1989/09/21,2022/07/15,종류주식 상장주식수 미달 2반기 계속,,,금속,5000,53385,16380.0,KG스틸
1366,001529,동양3우B,KOSPI,주권,신형우선주,2007/08/03,2022/07/15,종류주식 상장주식수 미달 2반기 계속,,,비금속,500,89722,1520.0,동양
1367,009275,신원우,KOSPI,주권,구형우선주,1989/03/07,2022/07/15,종류주식 상장주식수 미달 2반기 계속,,,섬유·의류,500,90740,9270.0,신원
1368,04204217,케이피엠테크 5WR,KOSDAQ,신주인수권증권,보통주,2017/08/25,2022/07/12,신주인수권 행사기간 만료,,,,0,66234,42040.0,케이피엠테크
1369,0340221B,두산에너빌리티 2WR,KOSPI,신주인수권증권,보통주,2021/07/21,2022/07/04,신주인수권증권 행사기간 및 행사의 만료,,,,0,4479391,34020.0,두산에너빌리티
1370,74703B96,이지스리테일287호 Class A,KOSPI,수익증권,보통주,2019/08/30,2022/07/04,수익증권 신탁기간의 만료 또는 전액 중도 환수,,,,1000,39495241,139150.0,이지스자산운용
1371,74702B96,이지스리테일287호 Class C-I,KOSPI,수익증권,보통주,2019/08/30,2022/07/04,수익증권 신탁기간의 만료 또는 전액 중도 환수,,,,1000,200000,139150.0,이지스자산운용
1372,74704B96,이지스리테일287호 Class C-P,KOSPI,수익증권,보통주,2019/08/30,2022/07/04,수익증권 신탁기간의 만료 또는 전액 중도 환수,,,,1000,2304001,139150.0,이지스자산운용
1373,04267217,현대두산인프라코어 1WR,KOSPI,신주인수권증권,보통주,2017/08/22,2022/07/04,신주인수권증권 행사기간 및 행사의 만료,,,,0,4873497,,
1374,74401773,맵스호주2호,KOSPI,수익증권,보통주,2017/06/12,2022/06/30,수익증권 신탁기간의 만료 또는 전액 중도 환수,,,,1000,137478903,36320.0,미래에셋자산운용
1375,216280,원텍,KONEX,주권,보통주,2015/04/29,2022/06/30,피흡수합병,,,-,500,6330040,,
1376,00004217,KR모터스 1WR,KOSPI,신주인수권증권,보통주,2017/08/14,2022/06/29,신주인수권증권 행사기간 및 행사의 만료,,,,0,30439305,40.0,KR모터스
1377,176440,에이치엔티,KOSDAQ,주권,보통주,2016/11/28,2022/06/27,기업의 계속성 및 경영의 투명성 등을 종합적을 고려하여 상장폐지기준에 해당한다고 결정,2022/06/16,2022/06/24,IT부품,100,85739345,,
1378,00306217,에이프로젠제약 13WR,KOSPI,신주인수권증권,보통주,2017/08/09,2022/06/21,신주인수권증권 행사기간 및 행사의 만료,,,,0,12181109,3060.0,에이프로젠바이오로직스
1379,309900,티티씨디펜스,KONEX,주권,보통주,2019/06/27,2022/06/16,외부감사인의 감사의견 의견거절,2022/06/07,2022/06/15,-,500,10000000,,
1380,220630,맘스터치,KOSDAQ,주권,보통주,2015/08/28,2022/05/31,상장폐지 신청('22.03.30),2022/05/20,2022/05/30,유통,1000,10181753,,
1381,050320,에스에이치엔엘,KOSDAQ,주권,보통주,2002/01/15,2022/05/31,감사의견 거절,2022/05/20,2022/05/30,금속,100,65661760,,
1382,052190,세영디앤씨,KOSDAQ,주권,보통주,2001/06/21,2022/05/27,감사의견 거절(감사범위 제한 및 계속기업 존속능력에 대한 불확실성),2022/05/18,2022/05/26,오락·문화,500,5331891,,
1383,950180,SNK,KOSDAQ,주식예탁증권,보통주,2019/05/07,2022/05/18,상장폐지 신청('22.04.14),2022/05/09,2022/05/17,출판·매체복제,무액면,21061800,,
1384,240340,인터코스,KONEX,주권,보통주,2016/04/21,2022/05/17,외부감사인의 감사의견 의견거절,2022/05/06,2022/05/16,-,500,3346323,,
1385,70901B95,대신Japan하임03호A,KOSPI,수익증권,보통주,2019/08/09,2022/05/13,수익증권 신탁기간의 만료 또는 전액 중도 환수,,,,1000,74943000,30660.0,대신자산운용
1386,70902B95,대신Japan하임03호C-I,KOSPI,수익증권,보통주,2019/08/09,2022/05/13,수익증권 신탁기간의 만료 또는 전액 중도 환수,,,,1000,4857000,30660.0,대신자산운용
1387,70903B95,대신Japan하임03호C-W,KOSPI,수익증권,보통주,2019/08/09,2022/05/13,수익증권 신탁기간의 만료 또는 전액 중도 환수,,,,1000,200000,30660.0,대신자산운용
1388,330990,케이비제19호스팩,KOSDAQ,주권,보통주,2019/09/30,2022/05/09,상장예비심사 청구서 미제출로 관리종목 지정 후 1개월 이내 동사유 미해소,2022/04/27,2022/05/06,금융,100,4301000,,
1389,225850,미애부,KONEX,주권,보통주,2015/12/08,2022/04/27,감사의견 의견거절(감사범위제한 및 계속기업 존속불확실성),2022/04/18,2022/04/26,-,500,4998499,,
1390,225860,엠앤씨생명과학,KONEX,주권,보통주,2017/04/25,2022/04/27,감사의견 의견거절(감사범위제한 및 계속기업 존속불확실성),2022/04/18,2022/04/26,-,100,17037138,,
1391,053660,현진소재,KOSDAQ,주권,보통주,2002/02/15,2022/04/26,감사의견 거절(감사범위 제한 및 계속기업 존속능력에 대한 불확실성),2022/04/15,2022/04/25,금속,500,53201003,,
1392,039670,스포츠서울,KOSDAQ,주권,보통주,2004/01/16,2022/04/20,기업의 계속성 및 경영의 투명성 등을 종합적으로 고려하여 상장폐지기준에 해당한다고 결정,2022/04/11,2022/04/19,출판·매체복제,500,9211617,,
1393,041140,넥슨지티,KOSDAQ,주권,보통주,2000/07/25,2022/04/15,피흡수합병,,,디지털컨텐츠,500,35373322,,
1394,270020,이십일스토어,KONEX,주권,보통주,2017/09/08,2022/04/14,사업보고서 법정제출기한('22.3.31限) 내 미제출,2022/04/05,2022/04/13,-,500,3149019,,
1395,153360,하이골드3호,KOSPI,선박투자회사,보통주,2012/05/04,2022/04/11,감사의견 부적정,2022/03/31,2022/04/08,일반서비스,5000,16149790,,
1396,066110,한프,KOSDAQ,주권,보통주,2002/07/16,2022/04/06,감사의견 거절(감사범위 제한),2022/03/28,2022/04/05,정보기기,500,76844272,,
1397,03402217,두산중공업 1WR,KOSPI,신주인수권증권,보통주,2017/05/26,2022/04/05,신주인수권증권 행사기간 및 행사의 만료,,,,0,9871834,34020.0,두산에너빌리티
1398,2696221B,시스웍 7WR,KOSDAQ,신주인수권증권,보통주,2021/11/17,2022/04/05,기초주권 관리종목 지정,2022/03/25,2022/04/04,,0,24626944,,
1399,329560,상상인이안제2호스팩,KOSDAQ,주권,보통주,2019/08/30,2022/04/04,상장예비심사 청구서 미제출로 관리종목 지정 후 1개월 이내 동사유 미해소,2022/03/24,2022/04/01,금융,100,3850000,,
1400,0663621A,체리부로 1WR,KOSDAQ,신주인수권증권,보통주,2020/10/14,2022/04/01,기초주권의 관리종목 지정,2022/03/23,2022/03/31,,0,5928385,66360.0,체리부로
1401,05242217,오성첨단소재 20WR,KOSDAQ,신주인수권증권,보통주,2017/05/16,2022/03/29,기초주권의 관리종목지정 및 신주인수권 행사기간 만료,2022/03/24,2022/03/24,,0,29793012,52420.0,오성첨단소재
1402,138250,엔에스쇼핑,KOSPI,주권,보통주,2015/03/27,2022/03/22,지주회사(최대주주등)의 완전자회사화 등,,,유통,500,33696000,,
1403,225330,씨엠에스에듀,KOSDAQ,주권,보통주,2016/04/07,2022/03/17,피흡수합병,,,일반서비스,500,18634628,,
1404,327970,케어룸의료산업,KONEX,주권,보통주,2019/08/05,2022/03/11,상장폐지 신청,2022/02/28,2022/03/10,-,500,1000000,,
1405,114570,지스마트글로벌,KOSDAQ,주권,보통주,2010/02/04,2022/02/23,감사의견 거절(감사범위 제한 및 계속기업 존속능력에 대한 불확실성),2022/02/14,2022/02/22,유통,500,11339394,,
1406,007630,폴루스바이오팜,KOSPI,주권,보통주,1988/10/24,2022/02/22,감사의견 의견거절 2년 계속,2022/02/11,2022/02/21,유통,500,45007695,,
1407,00064217,동아쏘시오홀딩스 2WR,KOSPI,신주인수권증권,보통주,2017/03/31,2022/02/17,신주인수권증권 행사기간 및 행사의 만료,,,,0,585433,640.0,동아쏘시오홀딩스
1408,323210,이베스트이안스팩1호,KOSDAQ,주권,보통주,2019/07/15,2022/02/17,상장예비심사 청구서 미제출로 관리종목 지정 후 1개월 이내 동사유 미해소,2022/02/08,2022/02/16,금융,100,3200000,,
1409,01800219,유니슨 13WR,KOSDAQ,신주인수권증권,보통주,2019/03/29,2022/02/16,신주인수권 행사기간 만료,,,,0,331388,18000.0,유니슨
1410,01193219,신성이엔지 37WR,KOSPI,신주인수권증권,보통주,2019/03/29,2022/02/08,신주인수권증권 행사기간 및 행사의 만료,,,,0,1200862,11930.0,신성이엔지
1411,323940,케이비제18호스팩,KOSDAQ,주권,보통주,2019/06/24,2022/02/04,상장예비심사 청구서 미제출로 관리종목 지정 후 1개월 이내 동사유 미해소,2022/01/21,2022/02/03,금융,100,7822000,,
1412,101060,SBS미디어홀딩스,KOSPI,주권,보통주,2008/03/24,2022/01/18,해산 사유 발생,,,일반서비스,500,139896190,,
1413,015350,부산가스,KOSPI,주권,보통주,1997/06/23,2022/01/18,지주회사(최대주주등)의 완전자회사화 등,,,전기·가스,5000,11000000,,
1414,221610,자안바이오,KOSDAQ,주권,보통주,2016/01/27,2022/01/05,발행한 어음 또는 수표가 주거래은행에 의하여 최종부도로 결정되거나 거래은행에 의한 거래정지,2021/12/24,2022/01/04,화학,5000,6654797,,
1415,10961219,에스와이 8WR,KOSDAQ,신주인수권증권,보통주,2019/02/19,2022/01/03,신주인수권행사기간 만료,,,,0,1101784,109610.0,에스와이
1416,172580,하이골드12호,KOSPI,선박투자회사,보통주,2013/07/12,2022/01/03,신청에 의한 상장폐지,,,일반서비스,5000,13044500,,
1417,036490,SK머티리얼즈,KOSDAQ,주권,보통주,1999/12/14,2021/12/27,피흡수합병,,,반도체,500,10547673,,
1418,045890,GV,KOSDAQ,주권,보통주,2005/11/28,2021/12/20,해산사유 발생(파산선고),2021/12/09,2021/12/17,전기·전자,500,86766187,,
1419,158300,에스에이티이엔지,KONEX,주권,보통주,2013/07/01,2021/12/09,피흡수합병,,,-,500,3306335,,
1420,313750,유안타제4호스팩,KOSDAQ,주권,보통주,2019/03/21,2021/12/07,상장예비심사 청구서 미제출로 관리종목 지정 후 1개월 이내 동사유 미해소,2021/11/26,2021/12/06,금융,100,4650000,,
1421,317320,한화에스비아이스팩,KOSDAQ,주권,보통주,2019/05/03,2021/12/07,상장예비심사 청구서 미제출로 관리종목 지정 후 1개월 이내 동 사유 미해소,2021/11/26,2021/12/06,금융,100,4360000,,
1422,086080,다이노나,KONEX,주권,보통주,2018/05/08,2021/11/22,피흡수합병,,,-,500,32931086,,
1423,222160,바이옵트로,KOSDAQ,주권,보통주,2016/03/10,2021/11/18,코스닥시장 이전상장,,,기계·장비,500,7093866,,
1424,031390,녹십자셀,KOSDAQ,주권,보통주,1998/09/25,2021/11/17,피흡수합병,,,제약,500,13035197,,
1425,02758217,상보 2WR,KOSDAQ,신주인수권증권,보통주,2017/12/22,2021/11/08,신주인수권 행사기간 만료,,,,0,2099088,27580.0,상보
1426,144620,코오롱머티리얼,KOSPI,주권,보통주,2012/04/05,2021/11/05,지주회사(최대주주등)의 완전자회사화 등,,,화학,1000,68658635,,
1427,317030,케이비17호스팩,KOSDAQ,주권,보통주,2019/03/27,2021/11/04,상장예비심사 청구서 미제출로 관리종목 지정 후 1개월 이내 동사유 미해소,2021/10/26,2021/11/03,금융,100,5461000,,
1428,09664218,멜파스 4WR,KOSDAQ,신주인수권증권,보통주,2019/01/03,2021/10/26,기초주권의 관리종목 지정,2021/10/15,2021/10/25,,0,326921,,
1429,087730,이엠네트웍스,KOSDAQ,주권,보통주,2008/04/04,2021/10/08,기업의 계속성 및 경영의 투명성 등을 종합적으로 고려하여 상장폐지기준에 해당한다고 결정,2021/09/28,2021/10/07,반도체,500,3256190,,
1430,033110,코너스톤네트웍스,KOSDAQ,주권,보통주,1997/08/18,2021/10/08,감사의견 거절(감사범위 제한 및 계속기업 존속능력에 대한 불확실성),2021/09/28,2021/10/07,유통,500,129772391,,
1431,039230,에이아이비트,KOSDAQ,주권,보통주,2000/06/22,2021/10/06,감사의견 거절(감사범위 제한),2021/09/24,2021/10/05,반도체,500,36787524,,
1432,213090,미래테크놀로지,KOSDAQ,주권,보통주,2015/12/01,2021/10/05,피흡수합병,,,소프트웨어,500,6120788,,
1433,111820,지유온,KOSDAQ,주권,보통주,2010/06/18,2021/09/30,기업의 계속성 및 경영의 투명성 등을 종합적으로 고려하여 상장폐지기준에 해당한다고 결정,2021/09/16,2021/09/29,인터넷,500,29500978,,
1434,74701772,이지스코어부동산제117호A,KOSPI,수익증권,보통주,2017/04/14,2021/09/29,수익증권 신탁기간의 만료 또는 전액 중도 환수,,,,1000,32379784,139150.0,이지스자산운용
1435,74702772,이지스코어부동산제117호F,KOSPI,수익증권,보통주,2017/04/14,2021/09/29,수익증권 신탁기간의 만료 또는 전액 중도 환수,,,,1000,550216,139150.0,이지스자산운용
1436,310840,엔에이치스팩13호,KOSDAQ,주권,보통주,2018/12/24,2021/09/23,상장예비심사청구서 미제출,2021/09/09,2021/09/17,금융,100,3420000,,
1437,141070,맥스로텍,KOSDAQ,주권,보통주,2012/11/16,2021/09/16,발행한 어음 또는 수표가 주거래은행에 의하여 최종부도로 결정되거나 거래은행에 의한 거래정지,2021/09/07,2021/09/15,기계·장비,500,35895350,,
1438,74401722,맵스프런티어브라질1,KOSPI,수익증권,보통주,2012/05/11,2021/09/15,수익증권 신탁기간의 만료 또는 전액 중도 환수,,,,1000,80000000,36320.0,미래에셋자산운용
1439,080440,에스제이케이,KOSDAQ,주권,보통주,2005/05/13,2021/09/13,해산사유 발생(파산선고),2021/09/02,2021/09/10,유통,500,13325960,,
1440,033430,디에스티,KOSDAQ,주권,보통주,1998/05/25,2021/09/02,감사의견 한정(감사범위 제한),2021/08/24,2021/09/01,기계·장비,100,73956044,,
1441,354230,폭스소프트,KONEX,주권,보통주,2020/06/25,2021/09/01,지정자문인 선임계약 해지 후 30일 이내 미체결(2021.8.18 限),2021/08/23,2021/08/31,-,500,600000,,
1442,086250,이노와이즈,KOSDAQ,주권,보통주,2006/11/10,2021/08/31,감사의견 거절(감사범위 제한),2021/08/20,2021/08/30,기계·장비,500,30810174,,
1443,74702B98,이지스코어리테일302호A,KOSPI,수익증권,보통주,2019/11/20,2021/08/30,수익증권 신탁기간의 만료 또는 전액 중도 환수,,,,1000,51496276,139150.0,이지스자산운용
1444,74701B98,이지스코어리테일302호C-I,KOSPI,수익증권,보통주,2019/11/20,2021/08/30,수익증권 신탁기간의 만료 또는 전액 중도 환수,,,,1000,65800000,139150.0,이지스자산운용
1445,033660,우리금융캐피탈,KOSPI,주권,보통주,2009/06/25,2021/08/27,지주회사(최대주주등)의 완전자회사화 등,,,기타금융,5000,57545890,,
1446,038160,팍스넷,KOSDAQ,주권,보통주,2016/08/01,2021/08/23,감사의견 거절(감사범위 제한 및 계속기업 존속능력에 대한 불확실성),2021/08/11,2021/08/20,금융,500,12240376,,
1447,033600,럭슬,KOSDAQ,주권,보통주,2000/11/21,2021/08/11,감사의견 거절(감사범위 제한),2021/08/02,2021/08/10,운송장비·부품,500,52828103,,
1448,065620,제낙스,KOSDAQ,주권,보통주,2002/06/27,2021/08/09,감사의견 거절(감사범위 제한 및 계속기업 존속능력에 대한 불확실성),2021/07/29,2021/08/06,금속,500,4951894,,
1449,311270,키움제5호스팩,KOSDAQ,주권,보통주,2018/12/26,2021/08/02,상장예비심사 청구서 미제출로 관리종목 지정 후 1개월 이내 동사유 미해소,2021/07/22,2021/07/30,금융,100,3600000,,
1450,284420,휴럼,KONEX,주권,보통주,2017/12/12,2021/07/27,피흡수합병,,,-,500,3800450,,
1451,74201767,하나대체티마크그랜드부동산1호 A,KOSPI,수익증권,보통주,2016/08/31,2021/07/26,수익증권 신탁기간의 만료 또는 전액 중도 환수,,,,1000,60555978,138960.0,하나대체투자자산운용
1452,74202767,하나대체티마크그랜드부동산1호 F,KOSPI,수익증권,보통주,2016/08/31,2021/07/26,수익증권 신탁기간의 만료 또는 전액 중도 환수,,,,1000,8444022,138960.0,하나대체투자자산운용
1453,043290,케이맥,KOSDAQ,주권,보통주,2011/10/25,2021/07/20,피흡수합병,,,기계·장비,100,38503571,,
1454,028150,GS홈쇼핑,KOSDAQ,주권,보통주,2000/01/20,2021/07/16,피흡수합병,,,방송서비스,5000,6562500,,
1455,307070,SK4호스팩,KOSDAQ,주권,보통주,2018/12/07,2021/07/13,상장예비심사 청구서 미제출로 관리종목 지정 후 1개월 이내 동사유 미해소,2021/07/02,2021/07/12,금융,100,5160000,,
1456,05011217,캠시스 7WR,KOSDAQ,신주인수권증권,보통주,2017/08/30,2021/07/13,신주인수권 행사기간 만료,,,,0,1146509,50110.0,캠시스
1457,307160,하나머스트제6호스팩,KOSDAQ,주권,보통주,2018/11/30,2021/07/08,상장예비심사 청구서 미제출로 관리종목 지정 후 1개월 이내 동사유 미해소,2021/06/29,2021/07/07,금융,100,4590000,,
1458,71301A1B,멀티에셋월지급식안심튼튼제2호,KOSPI,수익증권,보통주,2012/02/24,2021/06/16,수익증권 신탁기간의 만료 또는 전액 중도 환수,,,,1000,10497046,30880.0,멀티에셋자산운용
1459,900080,에스앤씨엔진그룹,KOSDAQ,외국주권,보통주,2009/12/04,2021/06/14,"법정제출기한까지 사업보고서를 제출하지 아니한 후, 법정제출기한의 다음날부터 10일이내에 사업보고서를 제출하지 아니함 ",2021/06/03,2021/06/11,금융,무액면,123759593,,
1460,226350,아이엠텍,KOSDAQ,주권,보통주,2016/02/03,2021/06/11,감사의견 거절(감사범위 제한),2021/06/02,2021/06/10,통신장비,500,4831715,,
1461,195440,퓨전,KOSDAQ,주권,보통주,2016/12/21,2021/06/10,감사의견 거절(감사범위 제한 및 계속기업 존속능력에 대한 불확실성),2021/06/01,2021/06/09,소프트웨어,500,4135992,,
1462,008800,행남사,KOSDAQ,주권,보통주,1993/09/03,2021/06/07,기업의 계속성 및 경영의 투명성 등을 종합적으로 고려하여 상장폐지기준에 해당한다고 결정,2021/05/27,2021/06/04,음식료·담배,500,45628344,,
1463,073070,에이팸,KOSDAQ,주권,보통주,2004/01/28,2021/06/04,기업의 계속성 및 경영의 투명성 등을 종합적으로 고려하여 상장폐지기준에 해당,2021/05/26,2021/06/03,운송장비·부품,500,28711325,,
1464,06451219,에코마이스터 3WR,KOSDAQ,신주인수권증권,보통주,2019/10/23,2021/05/31,기초주권의 관리종목 지정 및 상장폐지 사유 발생,2021/05/20,2021/05/28,,0,1086078,,
1465,224880,SGA클라우드서비스,KONEX,주권,보통주,2017/05/23,2021/05/06,분산요건 미달,2021/04/26,2021/05/04,-,500,5418165,,
1466,120780,전우정밀,KONEX,주권,보통주,2016/12/23,2021/05/06,분산요건 미달,2021/04/26,2021/05/04,-,500,3100000,,
1467,00263217,오리엔트바이오 12WR,KOSPI,신주인수권증권,보통주,2017/06/13,2021/04/26,신주인수권증권 행사기간 및 행사의 만료,,,,0,21728131,2630.0,오리엔트바이오
1468,03662216,감성코퍼레이션 2WR,KOSDAQ,신주인수권증권,보통주,2016/06/03,2021/04/20,신주인수권 행사기간 만료,,,,0,210382,36620.0,감성코퍼레이션
1469,102210,에이치디,KOSDAQ,주권,보통주,2009/05/21,2021/04/19,기업의 계속성 및 경영의 투명성 등을 종합적으로 고려하여 상장폐지기준에 해당한다고 결정,2021/04/08,2021/04/16,운송장비·부품,100,73696405,,
1470,023890,한국아트라스비엑스,KOSDAQ,주권,보통주,1994/11/23,2021/04/19,피흡수합병,,,IT부품,1000,9150000,,
1471,005190,동성화학,KOSPI,주권,보통주,1988/07/01,2021/04/16,해산 사유 발생,,,화학,1000,5335564,,
1472,329050,구스앤홈,KONEX,주권,보통주,2019/07/12,2021/04/13,사업보고서 법정제출기한('21.3.31限)내 미제출,2021/04/02,2021/04/12,-,500,1230200,,
1473,028040,미래SCI,KOSDAQ,주권,보통주,1996/07/27,2021/04/13,"최근 2년간 3회 이상 공시규정 제19조제1항의 규정에 의한 사업보고서, 반기보고서 또는 분기보고서 법정제출기한 내 미제출",2021/04/02,2021/04/12,유통,500,44979502,,
1474,13176218,파인텍 10WR,KOSDAQ,신주인수권증권,보통주,2018/05/29,2021/04/13,신주인수권 행사기간 만료,,,,0,4480563,131760.0,파인텍
1475,74701B8B,이지스239호 Class A,KOSPI,수익증권,보통주,2019/02/15,2021/04/12,수익증권 신탁기간의 만료 또는 전액 중도 환수,,,,1000,48982545,139150.0,이지스자산운용
1476,74701B96,이지스280호,KOSPI,수익증권,보통주,2019/08/28,2021/04/12,수익증권 신탁기간의 만료 또는 전액 중도 환수,,,,1000,21999937,139150.0,이지스자산운용
1477,12687219,뉴로스 11WR,KOSDAQ,신주인수권증권,보통주,2019/12/23,2021/04/05,기초주권의 관리종목 지정,2021/03/25,2021/04/02,,0,4428020,,
1478,14107217,맥스로텍 2WR,KOSDAQ,신주인수권증권,보통주,2017/05/08,2021/04/05,기초주권의 관리종목 지정,2021/03/25,2021/04/02,,0,3291600,,
1479,036260,이매진아시아,KOSDAQ,주권,보통주,1999/12/10,2021/02/15,기업의 계속성 및 경영의 투명성 등을 종합적으로 고려하여 상장폐지기준에 해당,2021/02/02,2021/02/10,오락·문화,500,43778171,,
1480,72504A3B,신한BNPP서울시지하철9호선4호,KOSPI,수익증권,보통주,2014/02/21,2021/02/09,수익증권 신탁기간의 만료 또는 전액 중도 환수,,,,1000,25000000,47190.0,신한자산운용
1481,278380,원바이오젠,KONEX,주권,보통주,2019/06/03,2021/02/09,피흡수합병,,,-,500,2394060,,
1482,75602782,유경공모부동산2호ClassA,KOSPI,수익증권,보통주,2018/04/10,2021/02/04,수익증권 신탁기간의 만료 또는 전액 중도 환수,,,,1000,98710113,,유경피에스지자산운용
1483,75601782,유경공모부동산2호ClassF,KOSPI,수익증권,보통주,2018/04/10,2021/02/04,수익증권 신탁기간의 만료 또는 전액 중도 환수,,,,1000,18789887,,유경피에스지자산운용
1484,241510,이에스산업,KONEX,주권,보통주,2016/04/26,2021/01/26,지정자문인 선임계약 해지 후 30일 이내 미체결(2021.1.13 限),2021/01/15,2021/01/25,-,500,5983000,,
1485,291210,한국제7호스팩,KOSDAQ,주권,보통주,2018/05/11,2021/01/15,상장예비심사 청구서 미제출로 관리종목 지정 후 1개월 이내 동사유 미해소,2021/01/06,2021/01/14,금융,100,5060000,,
1486,00263218,오리엔트바이오 14WR,KOSPI,신주인수권증권,보통주,2018/03/05,2021/01/14,신주인수권증권 행사기간 및 행사의 만료,,,,0,16477251,2630.0,오리엔트바이오
1487,284610,TS트릴리온,KONEX,주권,보통주,2017/12/22,2020/12/30,피흡수합병,,,-,100,37657000,,
1488,251960,엠에프엠코리아,KONEX,주권,보통주,2016/09/08,2020/12/30,피흡수합병,,,-,500,10719488,,
1489,057500,SKC 솔믹스,KOSDAQ,주권,보통주,2001/12/26,2020/12/23,타법인의 완전자회사로 편입,,,반도체,500,61494040,,
1490,12304216,엠에스오토텍 7WR,KOSDAQ,신주인수권증권,보통주,2016/02/05,2020/12/22,신주인수권 행사기간 만료,,,,0,65415,123040.0,엠에스오토텍
1491,00102216,페이퍼코리아 3WR,KOSPI,신주인수권증권,보통주,2016/02/05,2020/12/22,신주인수권증권 행사기간 및 행사의 만료,,,,0,38470217,1020.0,페이퍼코리아
1492,152330,코리아오토글라스,KOSPI,주권,보통주,2015/12/29,2020/12/18,해산 사유 발생,,,비금속,5000,20000000,,
1493,003415,쌍용양회우,KOSPI,주권,구형우선주,1992/04/23,2020/12/03,신청에 의한 상장폐지,,,비금속,1000,1543685,,
1494,7010177A,도쿄오피스1,KOSPI,수익증권,보통주,2017/10/24,2020/11/13,수익증권 신탁기간의 만료 또는 전액 중도 환수,,,,1000,66001012,47240.0,한국투자신탁운용
1495,271780,비엔에프코퍼레이션,KONEX,주권,보통주,2018/11/30,2020/11/05,상장폐지 신청('20.10.13),,,-,100,3230000,,
1496,74701786,이지스196호 Class A,KOSPI,수익증권,보통주,2018/08/14,2020/11/02,수익증권 신탁기간의 만료 또는 전액 중도 환수,,,,1000,64511693,139150.0,이지스자산운용
1497,74701784,이지스187호,KOSPI,수익증권,보통주,2018/06/28,2020/10/06,수익증권 신탁기간의 만료 또는 전액 중도 환수,,,,1000,33630530,139150.0,이지스자산운용
1498,04320215,파루 6WR,KOSDAQ,신주인수권증권,보통주,2015/11/02,2020/09/24,신주인수권 행사기간 만료,,,,0,1998115,43200.0,파루
1499,194510,파티게임즈,KOSDAQ,주권,보통주,2014/11/21,2020/09/09,감사의견거절(감사범위 제한),2020/09/07,2020/09/08,디지털컨텐츠,500,24488350,,
1500,277480,신한제4호스팩,KOSDAQ,주권,보통주,2017/10/20,2020/08/20,상장예비심사 청구서 미제출로 관리종목 지정 후 1개월 이내 동 사유 미해소,2020/08/10,2020/08/19,금융,100,6010000,,
1501,204990,코썬바이오,KOSDAQ,주권,보통주,2016/12/09,2020/08/11,기업의 계속성 및 경영의 투명성 등을 종합적으로 고려하여 상장폐지기준에 해당한다고 결정,2020/07/31,2020/08/10,음식료·담배,500,31942923,,
1502,228180,티씨엠생명과학,KONEX,주권,보통주,2015/10/22,2020/08/07,포괄적 주식교환에 따른 상장폐지 신청('20.7.17),,,-,500,3266470,,
1503,70901789,대신하임1817호,KOSPI,수익증권,보통주,2018/10/26,2020/08/05,수익증권 신탁기간의 만료 또는 전액 중도 환수,,,,1000,34400000,30660.0,대신자산운용
1504,065940,바이오빌,KOSDAQ,주권,보통주,2003/01/07,2020/07/31,감사의견 거절(감사범위 제한 및 계속기업 존속능력에 대한 불확실성),2020/07/22,2020/07/30,화학,500,43987186,,
1505,281410,한국제6호스팩,KOSDAQ,주권,보통주,2017/12/21,2020/07/27,상장예비심사 청구서 미제출로 관리종목 지정 후 1개월 이내 동 사유 미해소,2020/07/16,2020/07/24,금융,100,4510000,,
1506,004200,고려개발,KOSPI,주권,보통주,1978/10/30,2020/07/21,해산 사유 발생,,,건설,5000,15219444,,
1507,108790,인터파크,KOSDAQ,주권,보통주,2014/02/06,2020/07/16,피흡수합병,,,유통,500,33155480,,
1508,002300,한국제지,KOSPI,주권,보통주,1971/06/23,2020/07/13,해산 사유 발생,,,종이·목재,5000,5004949,,
1509,149940,모다,KOSDAQ,주권,보통주,2012/09/25,2020/07/10,감사의견거절(감사범위 제한),2020/07/08,2020/07/09,통신장비,500,21160409,,
1510,279410,한화에이스스팩4호,KOSDAQ,주권,보통주,2017/11/27,2020/07/03,상장예비심사 청구서 미제출로 관리종목 지정 후 1개월 이내 동 사유 미해소,2020/06/24,2020/07/02,금융,100,3495000,,
1511,134780,화진,KOSDAQ,주권,보통주,2011/08/10,2020/07/02,감사의견거절(감사범위제한),2020/06/23,2020/07/01,운송장비·부품,500,12288743,,
1512,099340,하나니켈1호,KOSPI,투자회사,보통주,2008/02/01,2020/07/01,존속기간 만료,,,기타금융,무액면,22756200,,
1513,099350,하나니켈2호,KOSPI,투자회사,보통주,2008/02/01,2020/07/01,존속기간 만료,,,기타금융,무액면,3284000,,
1514,005450,신한,KOSPI,주권,보통주,1978/07/28,2020/06/30,감사의견 의견거절 2년 계속,2020/06/19,2020/06/29,건설,5000,7022839,,
1515,112240,에스에프씨,KOSDAQ,주권,보통주,2011/11/30,2020/06/30,감사의견 거절(감사범위 제한),2020/06/19,2020/06/29,화학,500,43981834,,
1516,083370,동북아12호,KOSPI,선박투자회사,보통주,2005/08/29,2020/06/23,존속기간 만료,,,일반서비스,5000,1585660,,
1517,276920,IBKS제7호스팩,KOSDAQ,주권,보통주,2017/11/10,2020/06/18,상장예비심사 청구서 미제출로 관리종목 지정 후 1개월 이내 동 사유 미해소,2020/06/09,2020/06/17,금융,100,3650000,,
1518,183350,LPK로보틱스,KONEX,주권,보통주,2013/10/11,2020/06/17,"외부감사인의 감사의견 거절(감사범위 제한), 감사의견 한정(감사범위 제한)",2020/06/08,2020/06/16,-,500,4698324,,
1519,220250,카이노스메드,KONEX,주권,보통주,2015/09/10,2020/06/08,피흡수합병,,,-,500,14066238,,
1520,72501B95,GIB더드림프리미어혼합자산1호(종A1),KOSPI,수익증권,보통주,2019/08/14,2020/06/01,수익증권 신탁기간의 만료 또는 전액 중도 환수,,,,1000,66619832,47190.0,신한자산운용
1521,72502B95,GIB더드림프리미어혼합자산1호(종C-r),KOSPI,수익증권,보통주,2019/08/14,2020/06/01,수익증권 신탁기간의 만료 또는 전액 중도 환수,,,,1000,42512995,47190.0,신한자산운용
1522,72503B95,GIB더드림프리미어혼합자산1호(종C-s),KOSPI,수익증권,보통주,2019/08/14,2020/06/01,수익증권 신탁기간의 만료 또는 전액 중도 환수,,,,1000,200000,47190.0,신한자산운용
1523,103130,웅진에너지,KOSPI,주권,보통주,2010/06/30,2020/06/01,감사의견 의견거절 2년 계속,2020/05/21,2020/05/29,전기·전자,5000,30947322,,
1524,75601776,유경공모부동산1호ClassA,KOSPI,수익증권,보통주,2017/09/22,2020/05/22,수익증권 신탁기간의 만료 또는 전액 중도 환수,,,,1000,44900000,,유경피에스지자산운용
1525,75602776,유경공모부동산1호ClassF,KOSPI,수익증권,보통주,2017/09/22,2020/05/22,수익증권 신탁기간의 만료 또는 전액 중도 환수,,,,1000,35100000,,유경피에스지자산운용
1526,094190,이엘케이,KOSDAQ,주권,보통주,2007/10/29,2020/05/22,감사의견 거절(감사범위 제한 및 계속기업 존속능력에 대한 불확실성),2020/05/13,2020/05/21,IT부품,500,72327965,,
1527,900040,차이나그레이트,KOSDAQ,외국주권,보통주,2009/05/29,2020/05/22,"법정제출기한까지 사업보고서를 제출하지 아니한 후, 법정제출기한의 다음날부터 10일이내에 사업보고서를 제출하지 아니함 ",2020/05/13,2020/05/21,금융,0.1,125866557,,
1528,030270,에스마크,KOSDAQ,주권,보통주,1997/01/17,2020/05/21,감사의견거절(감사범위제한 및 계속기업 존속 불확실),2020/05/12,2020/05/20,섬유·의류,500,7562701,,
1529,054340,피앤텔,KOSDAQ,주권,보통주,2002/01/10,2020/05/21,감사의견 거절(감사범위 제한 및 계속기업 존속능력에 대한 불확실성),2020/05/12,2020/05/20,IT부품,500,4031039,,
1530,197210,리드,KOSDAQ,주권,보통주,2015/11/20,2020/05/14,기업의 계속성 및 경영의 투명성 등을 종합적으로 고려하여 상장폐지기준에 해당한다고 결정,2020/05/04,2020/05/13,반도체,500,25060166,,
1531,205290,케미메디,KONEX,주권,보통주,2017/01/13,2020/05/13,외부감사인의 감사의견 의견거절(감사범위 제한),2020/04/29,2020/05/12,-,500,8159148,,
1532,189540,씨티네트웍스,KONEX,주권,보통주,2013/12/24,2020/05/12,감사의견 거절(계속기업 존속능력에 대한 불확실성),2020/04/28,2020/05/11,-,500,2415990,,
1533,083380,동북아13호,KOSPI,선박투자회사,보통주,2005/08/29,2020/05/04,존속기간 만료,,,일반서비스,5000,1585660,,
1534,159650,하이골드8호,KOSPI,선박투자회사,보통주,2012/09/17,2020/04/27,감사의견 부적정,2020/04/16,2020/04/24,일반서비스,5000,14905929,,
1535,027390,한화갤러리아타임월드,KOSPI,주권,보통주,1996/01/30,2020/04/16,지주회사(최대주주등)의 완전자회사화 등,,,유통,5000,6000131,,
1536,02739218,한화갤러리아타임월드 23WR,KOSPI,신주인수권증권,보통주,2018/07/10,2020/04/16,주권의 상장폐지 또는 관리종목지정기준에 해당(신주인수권증권),,,,0,1153947,,
1537,220110,드림티엔터테인먼트,KONEX,주권,보통주,2015/06/24,2020/04/10,사업보고서 법정제출기한('20.3.30限)내 미제출,2020/04/01,2020/04/09,-,200,10664262,,
1538,123260,파인넥스,KOSDAQ,주권,보통주,2011/12/05,2020/04/10,"제28조제1항제9호에 따라 관리종목 지정 후 공시규정 제19조제1항에 따른 사업보고서 법정제출기한 내 미제출, 최근 2년간 3회 이상 공시규정 제19조제1항의 규정에 의한 사업보고서, 반기보고서 또는 분기보고서 법정제출기한 내 미제출",2020/04/01,2020/04/09,반도체,500,24015495,,
1539,001799,대한제당3우B,KOSPI,주권,신형우선주,2010/04/09,2020/04/08,존속기간 만료,,,음식료·담배,2500,129656,1790.0,대한제당
1540,7470177C,이지스161호,KOSPI,수익증권,보통주,2018/03/02,2020/03/26,수익증권 신탁기간의 만료 또는 전액 중도 환수,,,,1000,30044685,139150.0,이지스자산운용
1541,011160,두산건설,KOSPI,주권,보통주,1996/01/30,2020/03/24,지주회사(최대주주등)의 완전자회사화 등,,,건설,500,329897110,,
1542,01116218,두산건설 4WR,KOSPI,신주인수권증권,보통주,2018/05/28,2020/03/24,주권의 상장폐지 또는 관리종목지정기준에 해당(신주인수권증권),,,,0,23281554,,
1543,271740,한국제5호스팩,KOSDAQ,주권,보통주,2017/07/24,2020/03/03,상장예비심사 청구서 미제출로 관리종목 지정 후 1개월 이내 동 사유 미해소,2020/02/21,2020/03/02,금융,100,4000000,,
1544,311840,대원모방,KONEX,주권,보통주,2018/12/27,2020/02/27,지정자문인 선임계약 해지 후 30일 이내 미체결(2020.2.13 限),2020/02/18,2020/02/26,-,500,1593280,,
1545,252370,유쎌,KONEX,주권,보통주,2016/09/29,2020/02/27,지정자문인 선임계약 해지 후 30일 이내 미체결(2020.2.13 限),2020/02/18,2020/02/26,-,500,1325000,,
1546,73801A72,칸서스노을연료전지,KOSPI,수익증권,보통주,2017/04/21,2020/02/25,수익증권 신탁기간의 만료 또는 전액 중도 환수,,,,1000,11400000,82410.0,칸서스
1547,01116217,두산건설 3WR,KOSPI,신주인수권증권,보통주,2017/04/07,2020/02/24,신주인수권증권 행사기간 및 행사의 만료,,,,0,35628614,,
1548,079440,오렌지라이프,KOSPI,주권,보통주,2017/05/11,2020/02/14,지주회사(최대주주등)의 완전자회사화 등,,,보험,1000,82000000,,
1549,122800,썬텍,KOSDAQ,주권,보통주,2010/11/26,2020/02/12,기업의 계속성 및 경영의 투명성 등을 종합적으로 고려하여 상장폐지기준에 해당한다고 결정,2020/02/03,2020/02/11,금속,100,35153085,,
1550,72503A3B,신한BNPP서울시지하철9호선3호,KOSPI,수익증권,보통주,2014/02/21,2020/02/11,수익증권 신탁기간의 만료 또는 전액 중도 환수,,,,1000,25000000,47190.0,신한자산운용
1551,74201B91,하나대체철원태양광특별자산1호,KOSPI,수익증권,보통주,2019/04/29,2020/01/30,수익증권 신탁기간의 만료 또는 전액 중도 환수,,,,1000,5000000,138960.0,하나대체투자자산운용
1552,077280,한컴지엠디,KOSDAQ,주권,보통주,2004/06/02,2020/01/16,피흡수합병,,,소프트웨어,500,11766339,,
1553,265920,한화수성스팩,KOSDAQ,주권,보통주,2017/06/08,2020/01/15,상장예비심사 청구서 미제출로 관리종목 지정후 1개월 이내 동사유를 미해소,2020/01/06,2020/01/14,금융,100,4440000,,
1554,265480,미래에셋대우스팩1호,KOSDAQ,주권,보통주,2017/05/26,2020/01/03,상장예비심사 청구서 미제출로 관리종목 지정 후 1개월 이내 동 사유 미해소,2019/12/20,2020/01/02,금융,100,4840000,,
1555,74701779,이지스부동산투자신탁145호,KOSPI,수익증권,보통주,2017/12/14,2020/01/02,수익증권 신탁기간의 만료 또는 전액 중도 환수,,,,1000,48004244,139150.0,이지스자산운용
1556,210610,소프트캠프,KONEX,주권,보통주,2014/12/18,2019/12/30,피흡수합병,,,-,500,4467252,,
1557,122050,아이엘사이언스,KONEX,주권,보통주,2018/11/16,2019/12/27,피흡수합병,,,-,500,6784104,,
1558,00503217,부산주공 2WR,KOSPI,신주인수권증권,보통주,2017/02/14,2019/12/26,신주인수권증권 행사기간 및 행사의 만료,,,,0,1557659,5030.0,부산주공
1559,035480,제이테크놀로지,KOSDAQ,주권,보통주,1999/11/18,2019/12/12,기업의 계속성 및 경영의 투명성 등을 종합적으로 고려하여 상장폐지기준에 해당한다고 결정,2019/12/03,2019/12/11,오락·문화,500,9105814,,
1560,247300,인프라웨어테크놀러지,KONEX,주권,보통주,2016/07/08,2019/12/06,피흡수합병,,,-,500,6118198,,
1561,264290,한화에이스스팩3호,KOSDAQ,주권,보통주,2017/05/02,2019/12/06,상장예비심사 청구서 미제출로 관리종목 지정 후 1개월 이내 동 사유 미해소,2019/11/27,2019/12/05,금융,100,3080000,,
1562,226610,한국비엔씨,KONEX,주권,보통주,2015/12/18,2019/12/03,피흡수합병,,,-,500,6028801,,
1563,017680,데코앤이,KOSDAQ,주권,보통주,1993/09/03,2019/11/20,발행한 어음 또는 수표가 주거래은행에 의하여 최종부도로 결정되거나 거래은행에 의한 거래정지,2019/11/11,2019/11/19,섬유·의류,500,14585615,,
1564,09037215,메타랩스 5WR,KOSPI,신주인수권증권,보통주,2016/01/05,2019/11/18,신주인수권증권 행사기간 및 행사의 만료,,,,0,2638197,90370.0,메타랩스
1565,230400,자비스,KONEX,주권,보통주,2015/11/17,2019/11/15,피흡수합병,,,-,500,3558916,,
1566,262830,대신밸런스제4호스팩,KOSDAQ,주권,보통주,2017/03/03,2019/10/10,상장예비심사 청구서 미제출로 관리종목 지정 후 1개월 이내 동 사유 미해소,2019/09/27,2019/10/08,금융,100,5010000,,
1567,135270,세종머티리얼즈,KONEX,주권,보통주,2014/12/17,2019/10/02,파산선고에 따른 해산사유 발생,2019/09/23,2019/10/01,-,500,7146051,,
1568,257730,신한제3호스팩,KOSDAQ,주권,보통주,2017/02/23,2019/10/01,상장예비심사 청구서 미제출로 관리종목 지정 후 1개월 이내 동 사유 미해소,2019/09/20,2019/09/30,금융,100,3505000,,
1569,271400,알로이스,KONEX,주권,보통주,2017/07/07,2019/10/01,피흡수합병,,,-,500,2726400,,
1570,225650,쿠첸,KOSDAQ,주권,보통주,2015/09/04,2019/09/16,타법인의 완전자회사로 편입,,,전기·전자,500,10686277,,
1571,232330,SK3호스팩,KOSDAQ,주권,보통주,2016/11/16,2019/08/30,상장예비심사 청구서 미제출로 관리종목 지정 후 1개월 이내 동 사유 미해소,2019/08/21,2019/08/29,금융,100,3600000,,
1572,01120215,현대상선 1WR,KOSPI,신주인수권증권,보통주,2017/03/24,2019/08/12,신주인수권증권 행사기간 및 행사의 만료,,,,0,10780904,11200.0,HMM
1573,737027S7,PAM부동산3호,KOSPI,수익증권,보통주,2009/04/24,2019/07/26,수익증권 신탁기간의 만료 또는 전액 중도 환수,,,,5000,27885679,82570.0,에이케이파트너스자산운용
1574,026180,현대정보기술,KOSDAQ,주권,보통주,2000/08/08,2019/07/17,피흡수합병,,,컴퓨터서비스,1000,59537195,,
1575,221670,주노콜렉션,KONEX,주권,보통주,2017/06/27,2019/07/16, 지정자문인 선임계약 해지 후 30일 이내 미체결(2019.7.2 限) ,2019/07/05,2019/07/15,-,500,3373320,,
1576,176560,포인트엔지니어링,KONEX,주권,보통주,2017/08/14,2019/07/16,피흡수합병,,,-,500,6200000,,
1577,262760,엔케이맥스,KONEX,주권,보통주,2018/08/09,2019/07/04,피흡수합병,,,-,500,16820000,,
1578,079660,사조해표,KOSPI,주권,보통주,2004/09/21,2019/06/26,해산 사유 발생,,,음식료·담배,5000,7160000,,
1579,229480,줌인터넷,KONEX,주권,보통주,2016/06/10,2019/06/10,피흡수합병,,,-,500,10808738,,
1580,01116216,두산건설 2WR,KOSPI,신주인수권증권,보통주,2016/07/08,2019/05/27,신주인수권증권 행사기간 및 행사의 만료,,,,0,28162494,,
1581,242850,영현무역,KONEX,주권,보통주,2016/05/20,2019/05/22,지정자문인 선임계약 해지 후 30일 이내 미체결(2019.5.8 限),2019/05/13,2019/05/21,-,500,1620000,,
1582,002250,알보젠코리아,KOSPI,주권,보통주,1973/11/10,2019/05/20,지주회사(최대주주등)의 완전자회사화 등,,,제약,5000,11857922,,
1583,004987,성신양회2우B,KOSPI,주권,신형우선주,1999/03/15,2019/05/10,존속기간 만료,,,비금속,5000,220693,4980.0,성신양회
1584,004989,성신양회3우B,KOSPI,주권,신형우선주,2001/02/01,2019/05/10,존속기간 만료,,,비금속,5000,286898,4980.0,성신양회
1585,140890,트러스제7호,KOSPI,부동산투자회사,보통주,2011/09/30,2019/05/07,해산 사유 발생,,,일반서비스,5000,9686000,,
1586,065160,에프티이앤이,KOSDAQ,주권,보통주,2002/07/30,2019/05/03,감사의견 거절(감사범위 제한),2019/04/30,2019/05/02,화학,500,67990951,,
1587,250300,제이에스피브이,KONEX,주권,보통주,2016/08/10,2019/03/04,지정자문인 선임계약 해지 후 30일이내 미체결(2019.2.1 限),2019/02/11,2019/02/28,-,100,23672671,,
1588,245030,스페이스솔루션,KONEX,주권,보통주,2016/06/03,2019/02/27,상장폐지 신청('19.1.25),2019/02/18,2019/02/26,-,500,1120000,,
1589,123100,원익테라세미콘,KOSDAQ,주권,보통주,2011/11/01,2019/02/20,피흡수합병,,,반도체,500,11303840,,
1590,000030,우리은행,KOSPI,주권,보통주,2014/11/19,2019/02/13,지주회사(최대주주등)의 완전자회사화 등,,,은행,5000,676000000,,
1591,10608216,지투하이소닉 7WR,KOSDAQ,신주인수권증권,보통주,2016/06/02,2019/02/13,기초주권의 관리종목 지정,2019/01/30,2019/02/12,,0,1563015,106080.0,케이이엠텍
1592,72502A3B,신한BNPP서울시지하철9호선2호,KOSPI,수익증권,보통주,2014/02/21,2019/02/11,수익증권 신탁기간의 만료 또는 전액 중도 환수,,,,1000,25000000,47190.0,신한자산운용
1593,74901A75,현대인베스트ILS투자신탁1호,KOSPI,수익증권,보통주,2017/07/26,2019/02/01,수익증권 신탁기간의 만료 또는 전액 중도 환수,,,,1000,4958459,,현대인베스트먼트자산
1594,240540,한국4호스팩,KOSDAQ,주권,보통주,2016/06/22,2019/01/29,상장예비심사 청구서 미제출로 관리종목 지정 후 1개월 이내 동 사유 미해소,2019/01/18,2019/01/28,금융,100,5500000,,
1595,900090,차이나하오란,KOSDAQ,외국주권,보통주,2010/02/05,2019/01/02,제28조제1항제9호에 따라 관리종목 지정 후 공시규정 제19조 제1항에 따른 분기보고서 법정기한 내 미제출,2018/12/19,2018/12/28,금융,무액면,94000000,,
1596,11481216,아이원스 5WR,KOSDAQ,신주인수권증권,보통주,2016/02/05,2018/12/24,신주인수권 행사기간 만료,,,,0,534166,114810.0,한솔아이원스
1597,004130,대덕GDS,KOSPI,주권,보통주,1987/08/10,2018/12/19,해산 사유 발생,,,전기·전자,500,20575613,,
1598,004135,대덕GDS우,KOSPI,주권,구형우선주,1988/10/21,2018/12/19,해산 사유 발생,,,전기·전자,500,2160000,,
1599,002000,한국유리,KOSPI,주권,보통주,1969/06/27,2018/12/13,신청에 의한 상장폐지,2018/12/04,2018/12/12,비금속,5000,10079660,,
1600,002005,한국유리우,KOSPI,주권,구형우선주,1989/12/20,2018/12/13,신청에 의한 상장폐지,2018/12/04,2018/12/12,비금속,5000,454767,,
1601,167380,나무기술,KONEX,주권,보통주,2016/11/28,2018/12/11,피흡수합병,,,-,500,2312300,,
1602,272420,극동자동화,KONEX,주권,보통주,2017/06/28,2018/11/15,상장폐지 신청('18.11.5),,,-,500,500000,,
1603,242420,본느,KONEX,주권,보통주,2016/05/16,2018/10/29,피흡수합병,,,-,500,3242700,,
1604,192530,광주은행,KOSPI,주권,보통주,2014/05/22,2018/10/26,지주회사(최대주주등)의 완전자회사화 등,,,은행,5000,51316057,,
1605,194610,우성아이비,KOSDAQ,주권,보통주,2014/06/10,2018/10/12,감사의견거절(감사범위 제한 및 계속기업 존속능력에 대한 불확실성),2018/09/28,2018/10/11,기타제조,100,21570000,,
1606,155960,지디,KOSDAQ,주권,보통주,2013/02/13,2018/10/12,감사의견 거절(감사범위 제한),2018/09/28,2018/10/11,IT부품,500,18709617,,
1607,232270,케이비제9호스팩,KOSDAQ,주권,보통주,2016/02/29,2018/10/12,상장예비심사 청구서 미제출로 관리종목 지정 후 1개월 이내 동 사유 미해소,2018/10/01,2018/10/11,금융,100,13815700,,
1608,235010,하이에이아이1호스팩,KOSDAQ,주권,보통주,2016/03/04,2018/10/12,상장예비심사 청구서 미제출로 관리종목 지정 후 1개월 이내 동 사유 미해소,2018/10/01,2018/10/11,금융,100,4950000,,
1609,032040,C&S자산관리,KOSDAQ,주권,보통주,1997/01/23,2018/10/11,감사의견거절(범위제한 및 계속기업 존속능력에 대한 불확실성),2018/09/28,2018/10/10,일반서비스,2500,10913968,,
1610,081970,넥스지,KOSDAQ,주권,보통주,2007/08/20,2018/10/11,감사의견거절(감사범위제한),2018/09/28,2018/10/10,소프트웨어,500,8070924,,
1611,047440,레이젠,KOSDAQ,주권,보통주,2001/11/20,2018/10/11,감사의견거절(감사범위 제한 및 계속기업 존속능력에 대한 불확실성),2018/09/28,2018/10/10,IT부품,500,29146629,,
1612,110660,세신버팔로,KONEX,주권,보통주,2014/12/08,2018/10/11,지정자문인 선임계약 해지 후 30일이내 미체결(2018.9.20限),2018/09/28,2018/10/10,-,500,6000000,,
1613,026260,위너지스,KOSDAQ,주권,보통주,1996/09/24,2018/10/11,감사의견거절(감사범위 제한),2018/09/28,2018/10/10,유통,500,6495008,,
1614,052290,트레이스,KOSDAQ,주권,보통주,2001/05/31,2018/10/11,감사의견거절(감사범위 제한),2018/09/28,2018/10/10,IT부품,500,54822175,,
1615,005980,성지건설,KOSPI,주권,보통주,1995/03/17,2018/10/04,감사의견 의견거절,2018/09/19,2018/10/02,건설,5000,14209379,,
1616,237720,케이엠제약,KONEX,주권,보통주,2016/02/24,2018/09/28,피흡수합병,,,-,100,2243238,,
1617,016170,카카오M,KOSDAQ,주권,보통주,2001/01/11,2018/09/18,피흡수합병,,,출판·매체복제,500,25291705,,
1618,062580,인산가,KONEX,주권,보통주,2015/12/21,2018/09/11,피흡수합병,,,-,500,4400000,,
1619,251540,에스와이제이,KONEX,주권,보통주,2017/05/02,2018/09/07,감사의견 거절(감사범위 제한),2018/08/29,2018/09/06,-,500,6566575,,
1620,12011213,코오롱인더 3WR,KOSPI,신주인수권증권,보통주,2013/10/23,2018/09/05,신주인수권증권 행사기간 및 행사의 만료,,,,0,1041796,120110.0,코오롱인더
1621,138290,지성이씨에스,KONEX,주권,보통주,2015/11/30,2018/08/22,상장폐지 신청('18.7.19),2018/08/10,2018/08/21,-,1000,2352000,,
1622,043580,에임하이,KOSDAQ,주권,보통주,2001/08/02,2018/08/10,감사의견거절(감사범위 제한),2018/08/01,2018/08/09,IT부품,500,65262623,,
1623,06679217,씨씨에스 1WR,KOSDAQ,신주인수권증권,보통주,2017/10/16,2018/08/09,기초주권의 관리종목 지정,2018/07/31,2018/08/08,,0,8873986,66790.0,씨씨에스
1624,144740,피엠디아카데미,KONEX,주권,보통주,2013/07/01,2018/08/07,지정자문인 선임계약 해지 후 30일이내 미체결(2018.07.24限),2018/07/27,2018/08/06,-,500,1737554,,
1625,230490,동부제4호스팩,KOSDAQ,주권,보통주,2015/12/18,2018/07/26,상장예비심사 청구서 미제출로 관리종목 지정 후 1개월 이내 동 사유 미해소,2018/07/17,2018/07/25,금융,100,5300000,,
1626,130960,CJ E&M,KOSDAQ,주권,보통주,2010/10/15,2018/07/18,피흡수합병,,,방송서비스,5000,38732089,,
1627,090730,SIMPAC Metal,KOSDAQ,주권,보통주,2008/10/17,2018/07/17,피흡수합병,,,금속,500,13000000,,
1628,024660,하림홀딩스,KOSDAQ,주권,보통주,1997/08/06,2018/07/16,피흡수합병,,,금융,500,89157190,,
1629,099660,신텍,KOSDAQ,주권,보통주,2009/04/30,2018/07/09,발행한 어음 또는 수표가 주거래은행에 의하여 최종부도로 결정되거나 거래은행에 의한 거래정지,2018/06/28,2018/07/06,금속,500,63987602,,
1630,71901A58,KB서울햇빛발전소특별자산,KOSPI,수익증권,보통주,2015/10/22,2018/07/03,수익증권 신탁기간의 만료 또는 전액 중도 환수,,,,1000,8180797,47210.0,케이비자산운용
1631,226850,키움스팩4호,KOSDAQ,주권,보통주,2015/10/29,2018/06/05,상장예비심사 청구서 미제출로 관리종목 지정 후 1개월 이내 동 사유 미해소,2018/05/25,2018/06/04,금융,100,10204000,,
1632,225440,이베스트스팩3호,KOSDAQ,주권,보통주,2015/10/19,2018/05/28,상장예비심사 청구서 미제출로 관리종목 지정 후 1개월 이내 동 사유 미해소,2018/05/16,2018/05/25,금융,100,4100000,,
1633,900180,완리,KOSDAQ,외국주권,보통주,2011/06/13,2018/05/23,감사의견거절(감사범위 제한),2018/05/11,2018/05/21,금융,무액면,107630204,,
1634,246830,시냅스엠,KONEX,주권,보통주,2016/07/13,2018/05/14,감사의견 거절(계속기업 존속능력에 대한 불확실성),2018/05/02,2018/05/11,-,500,1311610,,
1635,013367,일성건설2우B,KOSPI,주권,신형우선주,2007/06/29,2018/05/11,존속기간 만료,,,건설,500,621240,13360.0,일성건설
1636,235090,태경피엔에스,KONEX,주권,보통주,2016/03/16,2018/05/09,감사의견 거절(감사범위 제한),2018/04/26,2018/05/08,-,500,23205369,,
1637,087220,스틸플라워,KOSDAQ,주권,보통주,2009/10/27,2018/05/08,감사의견거절(감사범위 제한 및 계속기업 존속능력에 대한 불확실성),2018/04/25,2018/05/04,금속,500,72172928,,
1638,099830,씨그널엔터테인먼트그룹,KOSDAQ,주권,보통주,2011/01/24,2018/05/04,감사의견거절(감사범위 제한),2018/04/24,2018/05/03,오락·문화,500,11633845,,
1639,252940,에스엠로보틱스,KONEX,주권,보통주,2016/09/30,2018/04/25,감사의견 거절(감사범위 제한 및 계속기업 존속능력에 대한 불확실성),2018/04/16,2018/04/24,-,500,2075000,,
1640,091270,유디피,KONEX,주권,보통주,2014/12/12,2018/04/18,지정자문인 선임계약 해지 후 30일이내 미체결(2018.04.04限),2018/04/09,2018/04/17,-,500,7338254,,
1641,221200,유진스팩3호,KOSDAQ,주권,보통주,2015/09/09,2018/04/17,상장예비심사 청구서 미제출로 관리종목 지정 후 1개월 이내 동 사유 미해소,2018/04/06,2018/04/16,금융,100,6750000,,
1642,06516216,에프티이앤이 8WR,KOSDAQ,신주인수권증권,보통주,2016/06/28,2018/04/04,기초주권의 관리종목 지정,2018/03/26,2018/04/03,,0,4600782,,
1643,223040,교보5호스팩,KOSDAQ,주권,보통주,2015/08/27,2018/03/30,상장예비심사 청구서 미제출로 관리종목 지정 후 1개월 이내 동 사유 미해소,2018/03/21,2018/03/29,금융,100,5430000,,
1644,221950,케이비드림3호스팩,KOSDAQ,주권,보통주,2015/08/21,2018/03/30,상장예비심사 청구서 미제출로 관리종목 지정 후 1개월 이내 동 사유 미해소,2018/03/21,2018/03/29,금융,100,6815000,,
1645,199870,세기리텍,KONEX,주권,보통주,2015/12/24,2018/03/28,지정자문인 선임계약 해지후 30일이내 미체결(18.3.14限),2018/03/19,2018/03/27,-,500,9803030,,
1646,008000,도레이케미칼,KOSPI,주권,보통주,1977/06/30,2018/03/20,지주회사(최대주주등)의 완전자회사화 등,,,화학,5000,46363851,,
1647,051170,썬코어,KOSDAQ,주권,보통주,2001/10/23,2018/03/15,'16사업연도 감사의견거절(계속기업 존속능력에 대한 불확실성) 및 '17사업연도 반기 감사의견거절(계속기업 존속능력에 대한 불확실성),2018/03/06,2018/03/14,기계·장비,500,38868605,,
1648,222390,케이비제8호스팩,KOSDAQ,주권,보통주,2015/08/05,2018/03/13,상장예비심사 청구서 미제출로 관리종목 지정 후 1개월 이내 동 사유 미해소,2018/03/02,2018/03/12,금융,100,10310000,,
1649,039790,위노바,KOSDAQ,주권,보통주,2000/07/25,2018/03/09,기업의 계속성 및 경영의 투명성 등을 종합적으로 고려하여 상장폐지기준에 해당한다고 결정,2018/02/27,2018/03/08,화학,500,78610739,,
1650,219860,한화에이스스팩2호,KOSDAQ,주권,보통주,2015/07/20,2018/03/02,상장예비심사 청구서 미제출로 관리종목 지정 후 1개월 이내 동 사유 미해소,2018/02/20,2018/02/28,금융,100,7123000,,
1651,219960,유안타제2호스팩,KOSDAQ,주권,보통주,2015/07/17,2018/02/23,상장예비심사 청구서 미제출로 관리종목 지정 후 1개월 이내 동 사유 미해소,2018/02/12,2018/02/22,금융,100,6500000,,
1652,218710,키움스팩3호,KOSDAQ,주권,보통주,2015/07/06,2018/02/14,상장예비심사 청구서 미제출로 관리종목 지정 후 1개월 이내 동 사유 미해소,2018/02/05,2018/02/13,금융,100,6700000,,
1653,256090,패션플랫폼,KONEX,주권,보통주,2016/12/20,2018/02/13,피흡수합병,,,-,500,4346000,,
1654,72501A3B,신한BNPP서울시지하철9호선1호,KOSPI,수익증권,보통주,2014/02/21,2018/02/12,수익증권 신탁기간의 만료 또는 전액 중도 환수,,,,1000,25000000,47190.0,신한자산운용
1655,219580,골든브릿지제3호스팩,KOSDAQ,주권,보통주,2015/06/30,2018/02/07,상장예비심사 청구서 미제출로 관리종목 지정 후 1개월 이내 동 사유 미해소,2018/01/29,2018/02/06,금융,100,4900000,,
1656,217810,엔에이치스팩7호,KOSDAQ,주권,보통주,2015/06/12,2018/01/19,상장예비심사 청구서 미제출로 관리종목 지정 후 1개월 이내 동 사유 미해소,2018/01/10,2018/01/18,금융,100,4830000,,
1657,215750,미래에셋제3호스팩,KOSDAQ,주권,보통주,2015/05/22,2018/01/04,상장예비심사 청구서 미제출로 관리종목 지정 후 1개월 이내 동 사유 미해소,2017/12/21,2018/01/03,금융,100,6100000,,
1658,233190,미래자원엠엘,KONEX,주권,보통주,2015/12/24,2017/12/28,피흡수합병,,,-,100,3000000,,
1659,215580,대우스팩3호,KOSDAQ,주권,보통주,2015/05/19,2017/12/26,상장예비심사 청구서 미제출로 관리종목 지정 후 1개월 이내 동 사유 미해소,2017/12/14,2017/12/22,금융,100,5410000,,
1660,232290,SGA시스템즈,KONEX,주권,보통주,2016/03/30,2017/12/22,피흡수합병,,,-,500,6349323,,
1661,023430,아이이,KOSDAQ,주권,보통주,1994/10/07,2017/12/20,기업의 계속성 및 경영의 투명성 등을 종합적으로 고려하여 상장폐지기준에 해당한다고 결정,2017/12/11,2017/12/19,유통,500,29769930,,
1662,260490,캐로스,KONEX,주권,보통주,2016/12/23,2017/11/29,지정자문인 선임계약 해지 후 30일이내 미체결(2017.11.15限),2017/11/20,2017/11/28,-,500,1816500,,
1663,148140,비디아이,KOSDAQ,주권,보통주,2017/01/16,2017/11/09,코스닥시장 이전상장,,,기계·장비,500,4160000,,
1664,207930,SK1호스팩,KOSDAQ,주권,보통주,2015/03/31,2017/11/06,상장예비심사 청구서 미제출로 관리종목 지정 후 1개월 이내 동 사유 미해소,2017/10/26,2017/11/03,금융,100,5500000,,
1665,206660,골든브릿지제2호스팩,KOSDAQ,주권,보통주,2015/02/05,2017/10/20,상장예비심사 청구서 미제출로 관리종목 지정 후 1개월 이내 동 사유 미해소,2017/10/11,2017/10/19,금융,100,3900000,,
1666,207720,엔에이치SL스팩,KOSDAQ,주권,보통주,2014/12/17,2017/10/16,상장예비심사 청구서 미제출로 관리종목 지정 후 1개월 이내 동 사유 미해소,2017/09/27,2017/10/13,금융,100,2505000,,
1667,061460,한진피앤씨,KOSDAQ,주권,보통주,2002/04/11,2017/09/29,피흡수합병,,,화학,500,83954010,,
1668,000327,노루홀딩스2우B,KOSPI,주권,신형우선주,2007/09/28,2017/09/28,존속기간 만료,,,기타금융,500,92540,320.0,노루홀딩스
1669,900050,중국원양자원,KOSPI,외국주권,보통주,2009/05/22,2017/09/27,감사의견 의견거절,2017/09/18,2017/09/26,기타금융,무액면,97859369,,
1670,085980,세화피앤씨,KONEX,주권,보통주,2013/09/25,2017/09/19,피흡수합병,,,-,500,3785000,,
1671,707017R9,동양 강남대 1호,KOSPI,수익증권,보통주,2005/12/09,2017/09/13,수익증권 신탁기간의 만료 또는 전액 중도 환수,,,,5000,154129,47160.0,우리자산운용
1672,095300,엔에스브이,KOSDAQ,주권,보통주,2009/04/17,2017/09/12,"감사의견 거절(내부회계관리제도상의 취약점, 계속기업가정의 불확실성 및 재고자산 관련 감사범위 제한)",2017/09/01,2017/09/11,기계·장비,500,12557256,,
1673,189700,디피앤케이,KONEX,주권,보통주,2014/06/10,2017/08/31,지정자문인 선임계약 해지 후 30일이내 미체결(2017.08.17限),2017/08/22,2017/08/30,-,500,7285439,,
1674,005620,대성합동지주,KOSPI,주권,보통주,1976/12/28,2017/08/25,해산 사유 발생,,,일반서비스,5000,1799077,,
1675,005255,녹십자홀딩스1우,KOSPI,주권,구형우선주,1994/11/22,2017/08/07,종류주식 거래량요건 미충족(월평균거래량 1만주 미만) 2반기 계속,,,일반서비스,500,1668870,5250.0,녹십자홀딩스
1676,204690,다린,KONEX,주권,보통주,2014/09/18,2017/08/02,상장폐지 신청('17.07.28),,,-,500,7933340,,
1677,083620,아시아15호,KOSPI,선박투자회사,보통주,2005/08/05,2017/07/31,존속기간 만료,,,일반서비스,5000,1946583,,
1678,208870,하나머스트3호스팩,KOSDAQ,주권,보통주,2014/12/24,2017/07/31,상장예비심사 청구서 미제출로 관리종목 지정 후 1개월 이내 동 사유 미해소,2017/07/20,2017/07/28,금융,100,2360000,,
1679,232360,아스팩오일,KONEX,주권,보통주,2015/12/22,2017/07/25,지정자문인 선임계약 해지 후 30일이내 미체결(2017.07.11限),2017/07/14,2017/07/24,-,500,4645632,,
1680,900130,웨이포트,KOSDAQ,외국주권,보통주,2010/07/23,2017/07/25,상장폐지 신청('17.06.22),2017/07/14,2017/07/24,금융,무액면,55880000,,
1681,002550,KB손해보험,KOSPI,주권,보통주,1976/07/05,2017/07/21,지주회사(최대주주등)의 완전자회사화 등,,,보험,500,66500000,,
1682,021960,KB캐피탈,KOSPI,주권,보통주,1996/11/19,2017/07/21,지주회사(최대주주등)의 완전자회사화 등,,,기타금융,5000,21492128,,
1683,156170,비앤에스미디어,KONEX,주권,보통주,2013/07/01,2017/07/13,지정자문인 선임계약 해지 후 30일이내 미체결(2017.6.29限),2017/07/04,2017/07/12,-,500,3204540,,
1684,204650,케이티비스팩1호,KOSDAQ,주권,보통주,2014/11/24,2017/07/07,상장예비심사 청구서 미제출로 관리종목 지정 후 1개월 이내 동 사유 미해소,2017/06/28,2017/07/06,금융,100,5500000,,
1685,004740,보루네오,KOSPI,주권,보통주,1988/09/22,2017/07/05,"기업의 계속성, 경영의 투명성 및 기타 공익과 투자자 보호 등을 종합적으로 고려하여 상장폐지 기준에 해당한다고 결정",2017/06/26,2017/07/04,기타제조,100,71925448,,
1686,083610,아시아14호,KOSPI,선박투자회사,보통주,2005/07/15,2017/06/20,신청에 의한 상장폐지,,,일반서비스,5000,1946194,,
1687,083570,아시아10호,KOSPI,선박투자회사,보통주,2005/08/23,2017/06/15,신청에 의한 상장폐지,,,일반서비스,5000,2607905,,
1688,083580,아시아11호,KOSPI,선박투자회사,보통주,2005/08/23,2017/06/15,신청에 의한 상장폐지,,,일반서비스,5000,2607905,,
1689,083590,아시아12호,KOSPI,선박투자회사,보통주,2005/08/23,2017/06/15,신청에 의한 상장폐지,,,일반서비스,5000,2607905,,
1690,083600,아시아13호,KOSPI,선박투자회사,보통주,2005/08/23,2017/06/15,신청에 의한 상장폐지,,,일반서비스,5000,2607905,,
1691,204760,현대에이블스팩1호,KOSDAQ,주권,보통주,2014/11/10,2017/06/15,상장예비심사 청구서 미제출로 관리종목 지정 후 1개월 이내 동 사유 미해소,2017/06/05,2017/06/14,금융,100,5525000,,
1692,083350,동북아10호,KOSPI,선박투자회사,보통주,2005/08/29,2017/06/14,신청에 의한 상장폐지,,,일반서비스,5000,1585660,,
1693,083360,동북아11호,KOSPI,선박투자회사,보통주,2005/08/29,2017/06/14,신청에 의한 상장폐지,,,일반서비스,5000,1585660,,
1694,083390,동북아14호,KOSPI,선박투자회사,보통주,2005/08/29,2017/06/14,신청에 의한 상장폐지,,,일반서비스,5000,1585660,,
1695,165270,금오하이텍,KONEX,주권,보통주,2013/12/10,2017/06/07,최종부도 발생,2017/05/26,2017/06/05,-,500,5513630,,
1696,204440,대우스팩2호,KOSDAQ,주권,보통주,2014/10/22,2017/05/29,상장예비심사 청구서 미제출로 관리종목 지정 후 1개월 이내 동 사유 미해소,2017/05/18,2017/05/26,금융,100,5750000,,
1697,003419,쌍용양회3우B,KOSPI,주권,신형우선주,1999/06/15,2017/05/16,존속기간 만료,,,비금속,5000,158805,,
1698,036500,에스에스컴텍,KOSDAQ,주권,보통주,1999/12/14,2017/05/11,감사의견 거절(감사범위 제한 및 계속기업 존속능력에 대한 불확실성),2017/04/26,2017/05/10,반도체,500,35143649,,
1699,058370,비엔씨컴퍼니,KOSDAQ,주권,보통주,2002/02/19,2017/05/08,감사범위제한으로 인한 한정의견,2017/04/24,2017/05/04,유통,500,29714789,,
1700,086830,신양오라컴,KOSDAQ,주권,보통주,2006/12/27,2017/05/08,감사의견 거절(감사범위 제한 및 계속기업 존속능력에 대한 불확실성),2017/04/24,2017/05/04,IT부품,100,61472389,,
1701,001689,대상3우B,KOSPI,주권,신형우선주,2007/04/27,2017/04/28,존속기간 만료,,,음식료·담배,1000,236450,1680.0,대상
1702,090970,코리아01호,KOSPI,선박투자회사,보통주,2006/07/21,2017/04/25,감사의견 의견거절,2017/04/14,2017/04/24,일반서비스,5000,2191080,,
1703,090980,코리아02호,KOSPI,선박투자회사,보통주,2006/07/21,2017/04/25,감사의견 의견거절,2017/04/14,2017/04/24,일반서비스,5000,2191080,,
1704,090990,코리아03호,KOSPI,선박투자회사,보통주,2006/07/21,2017/04/25,감사의견 의견거절,2017/04/14,2017/04/24,일반서비스,5000,2191080,,
1705,091000,코리아04호,KOSPI,선박투자회사,보통주,2006/07/21,2017/04/25,감사의견 의견거절,2017/04/14,2017/04/24,일반서비스,5000,2191080,,
1706,110570,넥솔론,KOSPI,주권,보통주,2011/10/14,2017/04/17,자본전액잠식,2017/04/06,2017/04/14,전기·전자,500,161170196,,
1707,052270,우전,KOSDAQ,주권,보통주,2001/06/05,2017/04/13,자본전액잠식 등,2017/04/04,2017/04/12,IT부품,500,28728282,,
1708,194860,SY이노베이션,KONEX,주권,보통주,2014/04/25,2017/04/12,감사의견 거절(감사범위제한),2017/04/03,2017/04/11,-,500,2460000,,
1709,01959213,엠벤처투자 12WR,KOSDAQ,신주인수권증권,보통주,2013/08/26,2017/04/04,기초주권의 관리종목지정,2017/03/24,2017/04/03,,0,5877234,,
1710,007190,한솔아트원제지,KOSPI,주권,보통주,1974/06/24,2017/03/15,해산 사유 발생,,,종이·목재,1000,38478081,,
1711,007197,한솔아트원제지2우B,KOSPI,주권,신형우선주,2009/07/06,2017/03/15,해산 사유 발생,,,종이·목재,1000,467715,,
1712,068150,케이엔씨글로벌,KOSDAQ,주권,보통주,2003/07/21,2017/03/07,기업의 계속성 및 경영의 투명성 등을 종합적으로 고려하여 상장폐지기준에 해당한다고 결정,2017/02/23,2017/03/06,건설,500,76507519,,
1713,117930,한진해운,KOSPI,주권,보통주,2009/12/29,2017/03/07,해산 사유 발생,2017/02/23,2017/03/06,운송·창고,5000,245269947,,
1714,066270,SK컴즈,KOSDAQ,주권,보통주,2003/11/07,2017/02/27,상장폐지신청('17.02.07),,,인터넷,500,43427530,,
1715,060910,프리젠,KOSDAQ,주권,보통주,2002/12/13,2017/02/24,최근 5사업연도 연속 영업손실 발생,2017/02/15,2017/02/23,IT부품,500,5330469,,
1716,037620,미래에셋증권,KOSPI,주권,보통주,2006/02/15,2017/01/20,해산 사유 발생,,,증권,5000,114285871,,
1717,144630,씨아이에스,KONEX,주권,보통주,2014/04/25,2017/01/20,피흡수합병,,,-,500,3333320,,
1718,068870,LG생명과학,KOSPI,주권,보통주,2002/08/16,2017/01/17,해산 사유 발생,,,제약,5000,16576990,,
1719,068875,LG생명과학우,KOSPI,주권,구형우선주,2002/08/16,2017/01/17,해산 사유 발생,,,제약,5000,236216,,
1720,139200,하이골드2호,KOSPI,선박투자회사,보통주,2011/04/15,2017/01/11,신청에 의한 상장폐지,,,일반서비스,5000,13339907,,
1721,104120,신성에프에이,KOSPI,주권,보통주,2008/09/01,2017/01/02,해산 사유 발생,,,기계·장비,500,17726262,,
1722,104110,신성이엔지,KOSPI,주권,보통주,2008/09/01,2017/01/02,해산 사유 발생,,,기계·장비,500,19354144,,
1723,192240,나이코,KONEX,주권,보통주,2014/02/28,2016/12/23,상장폐지 신청('16.12.9),,,-,500,1708300,,
1724,204990,현성바이탈,KOSDAQ,주권,보통주,2015/04/03,2016/12/09,코스닥시장 이전상장,,,음식료·담배,500,20000000,,
1725,222520,솔트웍스,KONEX,주권,보통주,2015/07/08,2016/12/05,피흡수합병,,,-,500,2480000,,
1726,185280,이푸른,KONEX,주권,보통주,2013/11/12,2016/12/05,지정자문인 선임계약 해지 후 30일이내 미체결(2016.11.21限),2016/11/24,2016/12/02,-,500,2150000,,
1727,10313211,웅진에너지 1WR,KOSPI,신주인수권증권,보통주,2012/01/04,2016/11/21,신주인수권증권 행사기간 및 행사의 만료,,,,0,19630313,,
1728,011720,현대페인트,KOSPI,주권,보통주,1989/05/30,2016/11/21,감사의견 의견거절,2016/11/10,2016/11/18,화학,500,37139066,,
1729,003450,현대증권,KOSPI,주권,보통주,1975/09/30,2016/11/01,지주회사(최대주주등)의 완전자회사화 등,,,증권,5000,236612530,,
1730,713017R3,멀티에셋건대사랑1-1,KOSPI,수익증권,보통주,2005/05/20,2016/09/28,수익증권 신탁기간의 만료 또는 전액 중도 환수,,,,5000,1835638,30880.0,멀티에셋자산운용
1731,713027R3,멀티에셋건대사랑1-2,KOSPI,수익증권,보통주,2005/05/20,2016/09/28,수익증권 신탁기간의 만료 또는 전액 중도 환수,,,,5000,558605,30880.0,멀티에셋자산운용
1732,713037R3,멀티에셋건대사랑2,KOSPI,수익증권,보통주,2005/05/20,2016/09/28,수익증권 신탁기간의 만료 또는 전액 중도 환수,,,,5000,2001000,30880.0,멀티에셋자산운용
1733,04310213,솔고바이오 1WR,KOSDAQ,신주인수권증권,보통주,2013/11/01,2016/09/20,신주인수권 행사기간 만료,,,,0,47470,43100.0,알파AI
1734,11793213,한진해운 1WR,KOSPI,신주인수권증권,보통주,2013/06/03,2016/09/20,주권의 상장폐지 또는 관리종목지정기준에 해당(신주인수권증권),2016/09/06,2016/09/19,,0,34669991,,
1735,053810,아이팩토리,KOSDAQ,주권,보통주,2002/07/19,2016/09/19,감사의견 거절(감사범위 제한 및 기업회계기준 위배),2016/09/05,2016/09/13,기계·장비,500,6280167,,
1736,037340,씨엘인터내셔널,KOSDAQ,주권,보통주,1999/12/14,2016/09/08,2반기 연속 자본잠식률 50% 이상,2016/08/30,2016/09/07,통신장비,500,55846961,,
1737,074150,엠제이비,KOSDAQ,주권,보통주,2005/07/08,2016/09/05,감사의견거절(감사범위 제한),2016/08/25,2016/09/02,건설,500,28994741,,
1738,025270,부산방직,KOSDAQ,주권,보통주,1995/03/20,2016/08/18,피흡수합병,,,섬유·의류,500,8000000,,
1739,019300,태림페이퍼,KOSPI,주권,보통주,1995/08/18,2016/08/11,신청에 의한 상장폐지,2016/08/02,2016/08/10,종이·목재,500,39690000,,
1740,207230,디와이엘엔제이,KONEX,주권,보통주,2015/09/14,2016/07/26,지정자문인 선임계약의 해지한 날의 다음날부터 30일이내(2016.07.12限) 지정자문인 선임계약 미체결,2016/07/15,2016/07/25,-,1000,1782625,,
1741,082390,피엘에이,KOSDAQ,주권,보통주,2005/07/26,2016/07/25,기업의 계속성 및 경영의 투명성 등을 종합적으로 고려하여 상장폐지기준에 해당한다고 결정,2016/07/14,2016/07/22,IT부품,500,66227775,,
1742,103650,에이치앤아이,KONEX,주권,보통주,2013/12/26,2016/07/14,최종부도 발생,2016/07/05,2016/07/13,-,500,3000000,,
1743,179440,피엠에스,KONEX,주권,보통주,2014/02/28,2016/07/07,상장폐지 신청('16.6.14),,,-,200,3174875,,
1744,05229213,트레이스 2WR,KOSDAQ,신주인수권증권,보통주,2013/08/22,2016/07/06,신주인수권 행사기간 만료,,,,0,969568,,
1745,224090,정다운,KONEX,주권,보통주,2015/07/31,2016/06/29,피흡수합병,,,-,500,4390000,,
1746,092630,바다로3호,KOSPI,선박투자회사,보통주,2006/11/02,2016/06/13,신청에 의한 상장폐지,,,일반서비스,5000,886869,,
1747,008020,경남에너지,KOSPI,주권,보통주,1994/08/12,2016/05/19,신청에 의한 상장폐지,2016/05/10,2016/05/18,전기·가스,500,41249008,,
1748,008900,티이씨앤코,KOSPI,주권,보통주,1984/09/19,2016/05/17,해산 사유 발생,,,전기·전자,500,16242217,,
1749,086200,제이앤유글로벌,KOSDAQ,주권,보통주,2006/06/07,2016/05/09,감사의견거절(감사범위 제한),2016/04/26,2016/05/04,통신장비,500,14760706,,
1750,078780,아이디에스,KOSDAQ,주권,보통주,2005/11/29,2016/04/28,'14사업연도 자본잠식률 50%이상 사유로 관리종목 지정 후 '15사업연도 반기 감사의견 거절,2016/04/19,2016/04/27,IT부품,500,7448265,,
1751,158380,삼목강업,KOSDAQ,주권,보통주,2013/04/30,2016/04/21,피흡수합병,,,운송장비·부품,무액면,10200000,,
1752,051310,포스코플랜텍,KOSPI,주권,보통주,2007/11/29,2016/04/15,자본전액잠식,2016/04/05,2016/04/14,건설,500,180834946,,
1753,063840,닉스테크,KONEX,주권,보통주,2013/11/12,2016/04/12,피흡수합병,,,-,500,5600000,,
1754,065270,플렉스컴,KOSDAQ,주권,보통주,2002/10/23,2016/04/12,자본전액잠식,2016/04/01,2016/04/11,IT부품,500,15373337,,
1755,01120215,현대상선 1WR,KOSPI,신주인수권증권,보통주,2015/09/25,2016/03/25,주권의 상장폐지 또는 관리종목지정기준에 해당(신주인수권증권),2016/03/16,2016/03/24,,0,10780964,11200.0,HMM
1756,025850,한화화인케미칼,KOSPI,주권,보통주,1995/11/10,2016/03/15,해산 사유 발생,,,화학,5000,7500000,,
1757,151750,테라텍,KONEX,주권,보통주,2013/07/01,2016/02/23,상장폐지 신청('16.02.01),,,-,500,2960000,,
1758,111610,승화프리텍,KOSDAQ,주권,보통주,2010/01/06,2016/01/25,"기업의 계속성, 경영의 투명성 또는 그 밖에 코스닥시장의 건전성 등을 종합적으로 고려하여 상장폐지 기준에 해당한다고 결정",2016/01/14,2016/01/22,건설,500,37421698,,
1759,003940,삼양제넥스,KOSPI,주권,보통주,1987/06/26,2016/01/21,해산 사유 발생,,,음식료·담배,5000,1905907,,
1760,003945,삼양제넥우,KOSPI,주권,구형우선주,1990/02/21,2016/01/21,해산 사유 발생,,,음식료·담배,5000,171687,,
1761,00102213,페이퍼코리아 2WR,KOSPI,신주인수권증권,보통주,2013/02/26,2016/01/08,신주인수권증권 행사기간 및 행사의 만료,,,,0,8565395,1020.0,페이퍼코리아
1762,7420170C,하나랜드칩부동산투자신탁1호,KOSPI,수익증권,보통주,2011/03/04,2015/12/15,수익증권 신탁기간의 만료 또는 전액 중도 환수,,,,5000,316000,138960.0,하나대체투자자산운용
1763,000687,LS네트웍스전환상환2우B,KOSPI,주권,신형우선주,2010/12/01,2015/11/26,존속기간 만료,,,유통,5000,832835,680.0,LS네트웍스
1764,713022SA,산은성장기업2,KOSPI,수익증권,보통주,2007/01/16,2015/11/24,수익증권 신탁기간의 만료 또는 전액 중도 환수,,,,5000,2000000,30880.0,멀티에셋자산운용
1765,197210,리드,KOSDAQ,주권,보통주,2014/09/26,2015/11/20,코스닥시장 이전상장,,,반도체,500,3816010,,
1766,127160,매직마이크로,KOSDAQ,주권,보통주,2013/12/20,2015/11/19,코스닥시장 이전상장,,,반도체,500,4542125,,
1767,950010,평산차업 KDR,KOSPI,주식예탁증권,보통주,2007/11/26,2015/11/05,시가총액 미달,2015/10/27,2015/11/04,일반서비스,무액면,4803497,,
1768,00136222,삼성제약 2WR,KOSPI,신주인수권증권,보통주,2012/12/04,2015/10/19,신주인수권증권 행사기간 및 행사의 만료,,,,0,29280,1360.0,삼성제약
1769,121550,코크렙15호,KOSPI,부동산투자회사,보통주,2010/01/29,2015/10/16,매출액 미달 2년 계속,2015/10/06,2015/10/15,일반서비스,5000,12400000,,
1770,053870,GT&T,KOSDAQ,주권,보통주,2001/12/13,2015/10/15,'14사업연도 자본잠식률 50%이상 사유로 관리종목 지정 후 '15사업연도 반기 감사의견 거절,2015/10/05,2015/10/14,통신장비,500,8000000,,
1771,082220,프렉코,KONEX,주권,보통주,2014/04/11,2015/09/25,지정자문인 선임계약의 해지한 날의 다음날부터 30일이내(2015.09.11限) 지정자문인 선임계약 미체결,2015/09/16,2015/09/24,-,500,4001000,,
1772,068060,KCW,KOSDAQ,주권,보통주,2003/01/28,2015/09/18,"기업의 계속성, 경영의 투명성 또는 그 밖에 코스닥시장의 건전성 등을 종합적으로 고려하여 상장폐지 기준에 해당한다고 결정",2015/09/09,2015/09/17,운송장비·부품,500,5440000,,
1773,138440,이코리아리츠,KOSPI,부동산투자회사,보통주,2011/03/10,2015/09/16,"기업의 계속성, 경영의 투명성 및 기타 공익과 투자자 보호 등을 종합적으로 고려하여 상장폐지 기준에 해당한다고 결정",2015/09/07,2015/09/15,일반서비스,5000,1770000,,
1774,000830,삼성물산,KOSPI,주권,보통주,1975/12/12,2015/09/15,해산 사유 발생,,,유통,5000,156217764,,
1775,000835,삼성물산우,KOSPI,주권,구형우선주,1989/07/24,2015/09/15,해산 사유 발생,,,유통,5000,4648653,,
1776,05370212,삼보모터스7WR,KOSDAQ,신주인수권증권,보통주,2012/10/26,2015/09/14,신주인수권 행사기간 만료,,,,0,776878,53700.0,삼보모터스
1777,70801908,하이골드오션투자신탁A,KOSPI,수익증권,보통주,2010/10/11,2015/08/28,수익증권 신탁기간의 만료 또는 전액 중도 환수,,,,1000,89411123,40690.0,브이아이자산운용
1778,70802908,하이골드오션투자신탁C-F,KOSPI,수익증권,보통주,2010/10/11,2015/08/28,수익증권 신탁기간의 만료 또는 전액 중도 환수,,,,1000,500000,40690.0,브이아이자산운용
1779,00620212,한국전자홀딩스 2WR,KOSPI,신주인수권증권,보통주,2012/10/17,2015/08/28,신주인수권증권 행사기간 및 행사의 만료,,,,0,2117586,6200.0,한국전자홀딩스
1780,003600,SK,KOSPI,주권,보통주,1984/11/12,2015/08/17,해산 사유 발생,,,일반서비스,5000,46961812,,
1781,003605,SK우,KOSPI,주권,구형우선주,1990/04/24,2015/08/17,해산 사유 발생,,,일반서비스,5000,509920,,
1782,702037T8,하나UBSC1특별3C1,KOSPI,수익증권,보통주,2009/03/26,2015/08/13,수익증권 신탁기간의 만료 또는 전액 중도 환수,,,,5000,20040729,47150.0,하나자산운용
1783,702047T8,하나UBSC1특별3C2,KOSPI,수익증권,보통주,2009/03/26,2015/08/13,수익증권 신탁기간의 만료 또는 전액 중도 환수,,,,5000,54351317,47150.0,하나자산운용
1784,05229212,트레이스1WR,KOSDAQ,신주인수권증권,보통주,2012/09/14,2015/08/04,신주인수권 행사기간 만료,,,,0,771623,,
1785,00102212,페이퍼코리아1WR,KOSPI,신주인수권증권,보통주,2012/09/14,2015/07/30,신주인수권증권 행사기간 및 행사의 만료,,,,0,3205768,1020.0,페이퍼코리아
1786,074130,디아이디,KOSDAQ,주권,보통주,2005/07/27,2015/07/23,"기업의 계속성, 경영의 투명성 또는 그 밖에 코스닥시장의 건전성 등을 종합적으로 고려하여 상장폐지 기준에 해당한다고 결정",2015/07/14,2015/07/22,IT부품,500,18830000,,
1787,013450,동성하이켐,KOSDAQ,주권,보통주,1999/06/11,2015/07/20,피흡수합병,,,화학,500,16249822,,
1788,040670,와이즈파워,KOSDAQ,주권,보통주,2000/08/18,2015/07/16,자본전액잠식 등,2015/07/07,2015/07/15,IT부품,100,97769579,,
1789,000997,동부하이텍2우B,KOSPI,주권,신형우선주,2007/05/21,2015/07/15,종류주식 상장주식수 미달 2반기 계속,,,전기·전자,5000,31019,990.0,DB하이텍
1790,000895,보해양조우,KOSPI,주권,구형우선주,1994/11/22,2015/07/15,종류주식 상장주식수 미달 2반기 계속,,,음식료·담배,500,25510,890.0,보해양조
1791,008705,아남전자우,KOSPI,주권,구형우선주,1989/07/24,2015/07/15,종류주식 상장주식수 미달 2반기 계속,,,전기·전자,500,27690,8700.0,아남전자
1792,010520,현대하이스코,KOSPI,주권,보통주,1989/09/29,2015/07/15,해산 사유 발생,,,금속,5000,22807950,,
1793,053595,한국테크놀로지우,KOSDAQ,주권,신형우선주,2003/06/04,2015/07/13,종류주식 상장주식수 미달(5만주 미만) 2반기 계속,2015/07/02,2015/07/10,기계·장비,500,38666,,
1794,05670212,신화인터텍 16WR,KOSDAQ,신주인수권증권,보통주,2012/08/24,2015/07/10,신주인수권 행사기간 만료,,,,0,3442509,56700.0,신화인터텍
1795,071930,에이스하이텍,KOSDAQ,주권,보통주,2004/01/16,2015/07/10,감사의견거절(감사범위 제한),2015/07/01,2015/07/09,반도체,500,42932794,,
1796,01870222,바른손 26WR,KOSDAQ,신주인수권증권,보통주,2012/10/11,2015/07/02,기초주권의 관리종목지정,2015/06/23,2015/07/01,,0,2835025,18700.0,졸스
1797,033630,SK브로드밴드,KOSDAQ,주권,보통주,1998/11/12,2015/07/01,상장폐지신청('15.6.11),,,통신서비스,5000,295959087,,
1798,192520,경남은행,KOSPI,주권,보통주,2014/05/22,2015/06/23,지주회사(최대주주등)의 완전자회사화 등,,,은행,5000,78420912,,
1799,066350,티에스엠텍,KOSDAQ,주권,보통주,2003/01/21,2015/05/20,발행한 어음 또는 수표가 주거래은행에 의하여 최종부도로 결정되거나 거래은행에 의한 거래정지,2015/05/11,2015/05/19,기계·장비,500,10837669,,
1800,039530,씨앤케이인터,KOSDAQ,주권,보통주,2000/03/21,2015/05/19,기업의 계속성 및 경영의 투명성 등을 종합적으로 고려하여 상장폐지기준에 해당한다고 결정,2015/05/08,2015/05/18,금속,500,56451442,,
1801,039850,태창파로스,KOSDAQ,주권,보통주,2000/07/11,2015/05/19,기업의 계속성 및 경영의 투명성 등을 종합적으로 고려하여 상장폐지기준에 해당한다고 결정,2015/05/08,2015/05/18,유통,500,29584271,,
1802,03654212,STS반도체 1WR,KOSDAQ,신주인수권증권,보통주,2012/06/29,2015/05/15,신주인수권 행사기간 만료,,,,0,12068069,36540.0,SFA반도체
1803,090120,잘만테크,KOSDAQ,주권,보통주,2007/05/22,2015/05/13,감사의견 거절(계속기업 존속능력에 대한 불확실성 및 감사범위 제한),2015/04/30,2015/05/12,IT부품,500,32208457,,
1804,065180,해피드림,KOSDAQ,주권,보통주,2002/06/18,2015/05/04,감사범위제한으로 인한 한정의견,2015/04/22,2015/04/30,유통,500,40870235,,
1805,179280,스탠다드펌,KONEX,주권,보통주,2013/07/01,2015/04/30,감사의견 거절(감사범위 제한 및 계속기업 존속능력에 대한 불확실성),2015/04/21,2015/04/29,-,500,6600000,,
1806,160350,웹솔루스,KONEX,주권,보통주,2013/07/01,2015/04/30,감사의견 거절(감사범위 제한 및 계속기업 존속능력에 대한 불확실성),2015/04/21,2015/04/29,-,500,6014000,,
1807,053330,영진코퍼레이션,KOSDAQ,주권,보통주,2001/11/01,2015/04/23,자본전액잠식,2015/04/14,2015/04/22,기계·장비,500,23344810,,
1808,000800,경남기업,KOSPI,주권,보통주,1973/02/12,2015/04/15,자본전액잠식,2015/04/06,2015/04/14,건설,5000,35803128,,
1809,000360,삼환기업,KOSPI,주권,보통주,1973/09/03,2015/04/15,자본전액잠식,2015/04/06,2015/04/14,건설,5000,8868035,,
1810,000365,삼환기업우,KOSPI,주권,구형우선주,1989/10/27,2015/04/15,자본전액잠식,2015/04/06,2015/04/14,건설,5000,1087434,,
1811,004367,세방2우B,KOSPI,주권,신형우선주,2005/03/31,2015/04/15,존속기간 만료,,,운송·창고,500,2508690,4360.0,세방
1812,014350,신일건업,KOSPI,주권,보통주,1989/11/11,2015/04/15,자본전액잠식,2015/04/06,2015/04/14,건설,5000,1474575,,
1813,181980,힘스인터내셔널,KONEX,주권,보통주,2013/08/14,2015/04/15,상장폐지 신청('15.03.23),,,-,500,1600000,,
1814,004320,울트라건설,KOSDAQ,주권,보통주,1991/12/06,2015/04/13,자본전액잠식,2015/04/02,2015/04/10,건설,5000,6681631,,
1815,004325,울트라건설우,KOSDAQ,주권,신형우선주,2001/01/22,2015/04/13,자본전액잠식,2015/04/02,2015/04/10,건설,5000,1400000,,
1816,01638212,동부제철4WR,KOSPI,신주인수권증권,보통주,2012/11/09,2015/04/03,주권의 상장폐지 또는 관리종목지정기준에 해당(신주인수권증권),2015/03/25,2015/04/02,,0,20000000,16380.0,KG스틸
1817,01638213,동부제철5WR,KOSPI,신주인수권증권,보통주,2013/09/30,2015/04/03,주권의 상장폐지 또는 관리종목지정기준에 해당(신주인수권증권),2015/03/25,2015/04/02,,0,6000000,16380.0,KG스틸
1818,09222212,KEC 3WR,KOSPI,신주인수권증권,보통주,2012/05/04,2015/03/20,신주인수권증권 행사기간 및 행사의 만료,,,,0,32485636,92220.0,KEC
1819,09486212,코닉글로리 1WR,KOSDAQ,신주인수권증권,보통주,2012/05/24,2015/03/18,기초주권의 관리종목지정,2015/03/09,2015/03/17,,0,1549306,94860.0,네오리진
1820,082240,아시아5호,KOSPI,선박투자회사,보통주,2005/03/16,2015/03/13,신청에 의한 상장폐지,,,일반서비스,5000,3119040,,
1821,082250,아시아6호,KOSPI,선박투자회사,보통주,2005/03/16,2015/03/13,신청에 의한 상장폐지,,,일반서비스,5000,3119040,,
1822,082260,아시아7호,KOSPI,선박투자회사,보통주,2005/03/16,2015/03/13,신청에 의한 상장폐지,,,일반서비스,5000,3119040,,
1823,149130,케이비부국위탁리츠,KOSPI,부동산투자회사,보통주,2012/06/12,2015/03/02,감사의견 부적정,2015/02/16,2015/02/27,일반서비스,5000,3200000,,
1824,000420,로케트전기,KOSPI,주권,보통주,1988/08/05,2015/02/24,감사의견 의견거절,2015/02/10,2015/02/23,전기·전자,500,59119277,,
1825,000425,로케트전우,KOSPI,주권,구형우선주,1989/09/23,2015/02/24,감사의견 의견거절,2015/02/10,2015/02/23,전기·전자,500,1063770,,
1826,00144211,대한전선 2WR,KOSPI,신주인수권증권,보통주,2011/04/01,2015/02/23,신주인수권증권 행사기간 및 행사의 만료,,,,0,44023391,1440.0,대한전선
1827,081930,아시아8호,KOSPI,선박투자회사,보통주,2005/02/15,2015/02/17,신청에 의한 상장폐지,,,일반서비스,5000,2431640,,
1828,053740,국제엘렉트릭,KOSDAQ,주권,보통주,2003/03/21,2015/02/10,상장폐지 신청('15.01.15),2015/01/30,2015/02/09,반도체,500,9852000,,
1829,032420,터보테크,KOSDAQ,주권,보통주,1997/04/22,2015/01/27,기업의 계속성 및 경영의 투명성 등을 종합적으로 고려하여 상장폐지기준에 해당한다고 결정,2015/01/16,2015/01/26,유통,500,8493635,,
1830,091690,디지텍시스템,KOSDAQ,주권,보통주,2007/07/04,2015/01/21,감사의견 거절(감사범위 제한 및 계속기업 존속능력에 대한 불확실성),2015/01/12,2015/01/20,IT부품,500,15018476,,
1831,016420,NH농협증권,KOSPI,주권,보통주,1988/03/28,2015/01/20,해산 사유 발생,,,증권,5000,120125029,,
1832,081210,아시아4호,KOSPI,선박투자회사,보통주,2005/01/28,2015/01/20,존속기간 만료,,,일반서비스,5000,1320900,,
1833,00596212,동부건설 2WR,KOSPI,신주인수권증권,보통주,2012/07/12,2015/01/16,주권의 상장폐지 또는 관리종목지정기준에 해당(신주인수권증권),2015/01/07,2015/01/15,,0,16000000,5960.0,동부건설
1834,00596213,동부건설 3WR,KOSPI,신주인수권증권,보통주,2013/05/22,2015/01/16,주권의 상장폐지 또는 관리종목지정기준에 해당(신주인수권증권),2015/01/07,2015/01/15,,0,10000000,5960.0,동부건설
1835,003640,유니온스틸,KOSPI,주권,보통주,1973/06/30,2015/01/16,해산 사유 발생,,,금속,5000,10355482,,
1836,090540,코크렙8호,KOSPI,부동산투자회사,보통주,2006/06/15,2015/01/16,해산 사유 발생,,,일반서비스,5000,9200000,,
1837,012335,현대모비스우,KOSPI,주권,구형우선주,1994/11/21,2015/01/16,종류주식 상장주식수 미달 2반기 계속 및 종류주식 거래량요건 미충족(월평균거래량 1만주 미만) 2반기 계속,,,운송장비·부품,5000,3974,12330.0,현대모비스
1838,003457,현대증권2우B,KOSPI,주권,신형우선주,2012/01/11,2015/01/13,존속기간 만료,,,증권,5000,66612530,,
1839,081940,아시아9호,KOSPI,선박투자회사,보통주,2005/03/16,2015/01/08,존속기간 만료,,,일반서비스,5000,2671730,,
1840,950100,SBI모기지,KOSPI,주식예탁증권,보통주,2012/04/30,2015/01/07,신청에 의한 상장폐지,2014/12/24,2015/01/06,기타금융,무액면,23741000,,
1841,00136212,삼성제약 1WR,KOSPI,신주인수권증권,보통주,2012/02/21,2015/01/05,신주인수권증권 행사기간 및 행사의 만료,,,,0,390200,1360.0,삼성제약
1842,008720,삼양엔텍,KOSPI,주권,보통주,1976/06/26,2014/12/30,해산 사유 발생,,,기계·장비,5000,1235520,,
1843,081200,아시아3호,KOSPI,선박투자회사,보통주,2005/01/04,2014/12/22,존속기간 만료,,,일반서비스,5000,1879635,,
1844,081190,아시아2호,KOSPI,선박투자회사,보통주,2004/12/27,2014/12/18,존속기간 만료,,,일반서비스,5000,1879635,,
1845,053000,우리금융,KOSPI,주권,보통주,2002/06/24,2014/11/19,해산 사유 발생,,,기타금융,5000,676278371,,
1846,187770,판타지오,KONEX,주권,보통주,2013/12/12,2014/11/10,피흡수합병,,,-,500,2606839,,
1847,182690,테라셈,KOSDAQ,주권,보통주,2013/10/11,2014/10/30,코스닥시장 상장,,,유통,500,12112340,,
1848,139170,퓨얼셀,KONEX,주권,보통주,2013/07/01,2014/10/30,피흡수합병,,,-,500,3333330,,
1849,02797211,세하1WR,KOSPI,신주인수권증권,보통주,2011/12/07,2014/10/29,신주인수권증권 행사기간 및 행사의 만료,,,,0,2234948,27970.0,한국제지
1850,119250,에프지엔개발리츠,KOSPI,부동산투자회사,보통주,2010/05/03,2014/10/29,"기업의 계속성, 경영의 투명성 및 기타 공익과 투자자 보호 등을 종합적으로 고려하여 상장폐지 기준에 해당한다고 결정",2014/10/20,2014/10/28,일반서비스,500,53624900,,
1851,00596211,동부건설 1WR,KOSPI,신주인수권증권,보통주,2011/11/21,2014/10/06,신주인수권증권 행사기간 및 행사의 만료,,,,0,17235296,5960.0,동부건설
1852,00080211,경남기업 1WR,KOSPI,신주인수권증권,보통주,2011/11/16,2014/10/01,신주인수권증권 행사기간 및 행사의 만료,,,,0,5645332,,
1853,013340,AJS,KOSDAQ,주권,보통주,1989/09/06,2014/09/02,감사의견거절(감사범위 제한 및 계속기업 존속능력에 대한 불확실성),2014/08/22,2014/09/01,금속,500,40247452,,
1854,046400,디브이에스,KOSDAQ,주권,보통주,2002/10/01,2014/09/02,감사의견거절(감사범위제한),2014/08/22,2014/09/01,정보기기,500,18534414,,
1855,110500,유니드코리아,KOSDAQ,주권,보통주,2011/06/17,2014/09/02,감사의견 거절(계속기업 존속능력에 대한 불확실성),2014/08/22,2014/09/01,기계·장비,500,9027000,,
1856,00306211,슈넬생명과학 8WR,KOSPI,신주인수권증권,보통주,2011/10/12,2014/09/01,신주인수권증권 행사기간 및 행사의 만료,,,,0,2959147,3060.0,에이프로젠바이오로직스
1857,002797,아모레G2우B,KOSPI,주권,신형우선주,2006/12/27,2014/08/19,종류주식 거래량요건 미충족(월평균거래량 1만주 미만) 2반기 계속,,,일반서비스,5000,266720,2790.0,아모레퍼시픽홀딩스
1858,10294211,코오롱생명과학 1WR,KOSDAQ,신주인수권증권,보통주,2011/09/09,2014/07/24,신주인수권 행사기간 만료,,,,0,240203,102940.0,코오롱생명과학
1859,070480,에버테크노,KOSDAQ,주권,보통주,2007/05/22,2014/07/17,감사의견 거절(감사범위 제한 및 계속기업 존속능력에 대한 불확실성,2014/07/08,2014/07/16,기계·장비,500,2625317,,
1860,000685,LS네트웍스우,KOSPI,주권,구형우선주,1994/09/22,2014/07/15,종류주식 상장주식수 미달 2반기 계속,,,유통,5000,15284,680.0,LS네트웍스
1861,002365,SH에너지화학우,KOSPI,주권,구형우선주,1990/02/21,2014/07/15,종류주식 상장주식수 미달 2반기 계속,,,화학,500,6220,2360.0,SH에너지화학
1862,006375,대구백화우,KOSPI,주권,구형우선주,1995/01/21,2014/07/15,종류주식 상장주식수 미달 2반기 계속,,,유통,5000,4282,6370.0,대구백화점
1863,008975,동양철관우,KOSPI,주권,구형우선주,1994/11/22,2014/07/15,종류주식 상장주식수 미달 2반기 계속,,,금속,500,23190,8970.0,KBI동양철관
1864,003965,사조대림우,KOSPI,주권,구형우선주,1995/02/21,2014/07/15,종류주식 상장주식수 미달 2반기 계속,,,음식료·담배,5000,3780,3960.0,사조대림
1865,013005,세우글로벌우,KOSPI,주권,구형우선주,1995/02/21,2014/07/15,종류주식 상장주식수 미달 2반기 계속,,,유통,500,4634,13000.0,세우글로벌
1866,001300,제일모직,KOSPI,주권,보통주,1975/05/15,2014/07/15,해산 사유 발생,,,화학,5000,52437651,,
1867,007195,한솔아트원제지우,KOSPI,주권,구형우선주,1988/08/20,2014/07/15,종류주식 상장주식수 미달 2반기 계속,,,종이·목재,1000,22505,,
1868,004965,한신공영우,KOSPI,주권,구형우선주,1989/12/22,2014/07/15,종류주식 상장주식수 미달 2반기 계속,,,건설,5000,3572,4960.0,한신공영
1869,080180,아시아1호,KOSPI,선박투자회사,보통주,2004/10/15,2014/07/10,신청에 의한 상장폐지,,,일반서비스,5000,4564950,,
1870,082930,실리콘화일,KOSDAQ,주권,보통주,2008/04/25,2014/05/23,상장폐지신청('14.04.22),,,반도체,500,8444276,,
1871,056340,CU전자,KOSDAQ,주권,보통주,2002/11/08,2014/05/21,최종부도 발생,2014/05/12,2014/05/20,IT부품,500,52536146,,
1872,101990,파브코,KOSPI,주권,보통주,2008/06/09,2014/05/21,해산 사유 발생,,,운송장비·부품,500,21000000,,
1873,00825211,이건산업 2WR,KOSPI,신주인수권증권,보통주,2011/06/24,2014/05/12,신주인수권증권 행사기간 및 행사의 만료,,,,0,155479,8250.0,이건산업
1874,041060,아라온테크,KOSDAQ,주권,보통주,2000/06/07,2014/05/08,감사의견 거절(감사범위 제한 및 계속기업 존속능력에 대한 불확실성),2014/04/24,2014/05/07,기계·장비,500,22527322,,
1875,080980,동북아5호,KOSPI,선박투자회사,보통주,2004/12/29,2014/04/25,신청에 의한 상장폐지,,,일반서비스,5000,4102600,,
1876,005900,동양건설,KOSPI,주권,보통주,1974/08/26,2014/04/25,자본전액잠식,2014/04/16,2014/04/24,건설,5000,12449333,,
1877,01116211,두산건설 1WR,KOSPI,신주인수권증권,보통주,2011/06/09,2014/04/25,신주인수권증권 행사기간 및 행사의 만료,,,,0,19999860,,
1878,002530,벽산건설,KOSPI,주권,보통주,1975/06/30,2014/04/25,공시서류 미제출(사업보고서) 후 10일이내 미제출,2014/04/16,2014/04/24,건설,5000,13627816,,
1879,002535,벽산건설우,KOSPI,주권,구형우선주,1989/12/23,2014/04/25,공시서류 미제출(사업보고서) 후 10일이내 미제출,2014/04/16,2014/04/24,건설,5000,3192,,
1880,067250,STX조선해양,KOSPI,주권,보통주,2003/10/27,2014/04/15,자본전액잠식,2014/04/04,2014/04/14,운송장비·부품,2500,696775595,,
1881,010460,화인자산관리,KOSPI,주권,보통주,1988/09/15,2014/04/15,보통주 주식분포요건 미충족 2년 계속,2014/04/04,2014/04/14,기타금융,5000,9523214,,
1882,01638210,동부제철 3WR,KOSPI,신주인수권증권,보통주,2010/05/26,2014/04/14,신주인수권증권 행사기간 및 행사의 만료,,,,0,2295804,16380.0,KG스틸
1883,010670,나노트로닉스,KOSDAQ,주권,보통주,1996/05/14,2014/04/11,기업의 계속성 및 경영의 투명성 등을 종합적으로 고려하여 상장폐지기준에 해당,2014/04/02,2014/04/10,의료·정밀기기,500,18461530,,
1884,110310,모린스,KOSDAQ,주권,보통주,2009/09/25,2014/04/11,자본전액잠식 등,2014/04/02,2014/04/10,IT부품,500,14122162,,
1885,012650,쌍용건설,KOSDAQ,주권,보통주,1993/01/28,2014/04/11,자본전액잠식 등,2014/04/02,2014/04/10,건설,5000,14609060,,
1886,036210,태산엘시디,KOSDAQ,주권,보통주,1999/11/16,2014/04/11,자본전액잠식등,2014/04/02,2014/04/10,IT부품,500,21405999,,
1887,005560,JS전선,KOSPI,주권,보통주,2007/11/12,2014/04/10,신청에 의한 상장폐지,2014/04/01,2014/04/09,전기·전자,5000,11378640,,
1888,03589211,서희건설 12WR,KOSDAQ,신주인수권증권,보통주,2011/05/24,2014/04/08,신주인수권 행사기간 만료,,,,0,9212861,35890.0,서희건설
1889,01181212,STX 1WR,KOSPI,신주인수권증권,보통주,2013/09/25,2014/04/07,주권의 상장폐지 또는 관리종목지정기준에 해당(신주인수권증권),2014/03/27,2014/04/04,,0,9913334,11810.0,STX
1890,05242212,오성엘에스티 15WR,KOSDAQ,신주인수권증권,보통주,2012/11/12,2014/04/03,기초주권의 관리종목지정,2014/03/25,2014/04/02,,0,1675074,52420.0,오성첨단소재
1891,00890212,티이씨앤코 1WR,KOSPI,신주인수권증권,보통주,2012/08/28,2014/03/28,주권의 상장폐지 또는 관리종목지정기준에 해당(신주인수권증권),2014/03/19,2014/03/27,,0,17138875,,
1892,074000,엠텍비젼,KOSDAQ,주권,보통주,2004/01/06,2014/03/27,최근 5사업연도 연속 영업손실 발생 등,2014/03/18,2014/03/26,반도체,500,7596566,,
1893,09663211,에스코넥 4WR,KOSDAQ,신주인수권증권,보통주,2011/04/27,2014/03/17,신주인수권 행사기간 만료,,,,0,148019,96630.0,에스코넥
1894,004790,렉스엘이앤지,KOSDAQ,주권,보통주,1995/12/23,2014/03/04,"기업의 계속성, 경영의 투명성 또는 기타 코스닥시장의 건전성 등을 종합적으로 고려하여 상장폐지가 필요하다고 인정",2014/02/21,2014/03/03,통신장비,500,2577029,,
1895,081220,세미텍,KOSDAQ,주권,보통주,2008/05/23,2014/03/03,피흡수합병,,,반도체,500,10295703,,
1896,080970,동북아4호,KOSPI,선박투자회사,보통주,2004/12/29,2014/02/18,신청에 의한 상장폐지,,,일반서비스,5000,4102600,,
1897,080960,동북아3호,KOSPI,선박투자회사,보통주,2004/12/29,2014/02/11,신청에 의한 상장폐지,,,일반서비스,5000,4102600,,
1898,053320,테라리소스,KOSDAQ,주권,보통주,2002/01/04,2014/02/07,기업의 계속성 및 경영의 투명성 등을 종합적으로 고려하여 상장폐지기준에 해당,2014/01/27,2014/02/06,유통,100,241135466,,
1899,01017231,대한광통신5WR,KOSDAQ,신주인수권증권,보통주,2011/03/02,2014/01/21,신주인수권행사기간 만료,,,,0,7834807,10170.0,대한광통신
1900,003417,쌍용양회2우B,KOSPI,주권,신형우선주,1998/04/16,2014/01/14,종류주식 시가총액 미달,,,비금속,5000,15124,,
1901,012805,대창우,KOSPI,주권,구형우선주,1995/01/21,2014/01/13,종류주식 시가총액 미달,,,금속,500,2140,12800.0,대창
1902,00341A,쌍용양회4우B,KOSPI,주권,신형우선주,2000/01/12,2014/01/13,"기업의 계속성, 경영의 투명성 및 기타 공익과 투자자 보호 등을 종합적으로 고려하여 상장폐지 기준에 해당한다고 결정",,,비금속,5000,1250000,,
1903,00341D,쌍용양회5우B,KOSPI,주권,신형우선주,2000/11/15,2014/01/13,"기업의 계속성, 경영의 투명성 및 기타 공익과 투자자 보호 등을 종합적으로 고려하여 상장폐지 기준에 해당한다고 결정",,,비금속,5000,3910050,,
1904,028305,에이치엘비우,KOSDAQ,주권,신형우선주,2002/10/10,2014/01/07,종류주식 시가총액 미달,2013/12/24,2014/01/06,전기·전자,500,3333,28300.0,HLB
1905,017555,수산중공우,KOSPI,주권,구형우선주,1992/02/21,2014/01/02,종류주식 시가총액 미달,,,기계·장비,500,1020,17550.0,수산세보틱스
1906,00498211,성신양회 3WR,KOSPI,신주인수권증권,보통주,2011/02/14,2013/12/30,신주인수권증권 행사기간 및 행사의 만료,,,,0,5384595,4980.0,성신양회
1907,11800211,우리들생명과학 2WR,KOSPI,신주인수권증권,보통주,2011/02/16,2013/12/30,신주인수권증권 행사기간 및 행사의 만료,,,,0,35712,118000.0,메타케어
1908,007595,동방아그우,KOSPI,주권,구형우선주,1995/03/21,2013/12/12,종류주식 시가총액 미달,,,화학,500,250,7590.0,동방아그로
1909,009815,고려포리머우,KOSPI,주권,구형우선주,1990/01/22,2013/12/10,종류주식 시가총액 미달,,,유통,500,173,9810.0,MDS스피어
1910,001385,SG충남방적우,KOSPI,주권,구형우선주,1995/03/21,2013/12/09,종류주식 시가총액 미달,,,섬유·의류,500,110,1380.0,SG글로벌
1911,00919210,대양금속 3WR,KOSPI,신주인수권증권,보통주,2010/12/01,2013/10/21,신주인수권증권 행사기간 및 행사의 만료,,,,0,13305726,9190.0,대양금속
1912,900060,중국식품포장,KOSDAQ,외국주권,보통주,2009/03/27,2013/10/11,상장폐지신청('13.09.06),2013/09/30,2013/10/10,일반서비스,2,23615669,,
1913,950070,중국고섬,KOSPI,주식예탁증권,보통주,2011/01/25,2013/10/04,감사의견 의견거절,2013/09/24,2013/10/02,일반서비스,무액면,30000000,,
1914,008080,에스와이코퍼레이션,KOSPI,주권,보통주,1987/12/21,2013/09/25,신청에 의한 상장폐지,2013/09/11,2013/09/24,의료·정밀기기,500,100000,,
1915,01181212,STX 1WR,KOSPI,신주인수권증권,보통주,2012/08/29,2013/09/13,주권의 상장폐지 또는 관리종목지정기준에 해당(신주인수권증권),2013/09/04,2013/09/12,,0,10672299,11810.0,STX
1916,049000,예당,KOSDAQ,주권,보통주,2001/01/03,2013/09/10,기업의 계속성 및 경영의 투명성 등을 종합적으로 고려하여 상장폐지기준에 해당,2013/08/30,2013/09/09,오락·문화,100,91794837,,
1917,056810,위다스,KOSDAQ,주권,보통주,2002/01/15,2013/09/10,의견거절(감사범위 제한),2013/08/30,2013/09/09,통신장비,500,7131053,,
1918,06725211,STX조선해양 2WR,KOSPI,신주인수권증권,보통주,2012/01/09,2013/08/30,주권의 상장폐지 또는 관리종목지정기준에 해당(신주인수권증권),2013/08/21,2013/08/29,,0,7064870,,
1919,06725212,STX조선해양 3WR,KOSPI,신주인수권증권,보통주,2012/09/26,2013/08/30,주권의 상장폐지 또는 관리종목지정기준에 해당(신주인수권증권),2013/08/21,2013/08/29,,0,15641931,,
1920,080030,동북아2호,KOSPI,선박투자회사,보통주,2004/10/22,2013/08/19,신청에 의한 상장폐지,,,일반서비스,5000,3162200,,
1921,00307210,코오롱글로벌 2WR,KOSPI,신주인수권증권,보통주,2010/10/06,2013/08/19,신주인수권증권 행사기간 및 행사의 만료,,,,0,15032442,3070.0,코오롱글로벌
1922,04391220,자연과환경 6WR,KOSDAQ,신주인수권증권,보통주,2010/10/06,2013/08/16,신주인수권 행사기간 만료,,,,0,2992108,43910.0,자연과환경
1923,035450,지아이바이오,KOSDAQ,주권,보통주,1999/11/11,2013/08/07,감사의견거절(감사범위 제한 및 계속기업으로서의 존속능력에 대한 불확실성),2013/07/29,2013/08/06,컴퓨터서비스,500,25902663,,
1924,00306210,슈넬생명과학 7WR,KOSPI,신주인수권증권,보통주,2010/09/08,2013/08/01,신주인수권증권 행사기간 및 행사의 만료,,,,0,2471441,3060.0,에이프로젠바이오로직스
1925,126680,IBKS스팩1호,KOSDAQ,주권,보통주,2010/12/22,2013/07/29,상장예비심사 청구서 미제출로 관리종목 지정 후 1개월 이내 동 사유 미해소,2013/07/18,2013/07/26,금융,500,20880000,,
1926,037630,에스비엠,KOSDAQ,주권,보통주,1999/12/24,2013/07/24,감사의견거절(감사범위 제한 및 계속기업으로서의 존속능력에 대한 불확실성),2013/07/15,2013/07/23,정보기기,500,14840339,,
1927,006350,전북은행,KOSPI,주권,보통주,1972/03/22,2013/07/18,지주회사의 완전자회사화(지주회사 신규상장),,,은행,5000,66824362,,
1928,128910,동부티에스블랙펄스팩,KOSDAQ,주권,보통주,2010/12/08,2013/07/15,상장예비심사 청구서 미제출로 관리종목 지정 후 1개월 이내 동 사유 미해소,2013/07/04,2013/07/12,금융,100,12300000,,
1929,073930,제너시스템즈,KOSDAQ,주권,보통주,2008/03/26,2013/07/12,자본전액잠식,2013/07/03,2013/07/11,소프트웨어,500,12770974,,
1930,025920,우경,KOSDAQ,주권,보통주,1995/08/07,2013/07/10,감사의견거절(감사범위 제한),2013/07/01,2013/07/09,금속,500,20052060,,
1931,01966222,SBI글로벌2WR,KOSDAQ,신주인수권증권,보통주,2012/09/28,2013/07/03,기초주권의 관리종목지정,2013/06/24,2013/07/02,,0,14141805,19660.0,글로본
1932,07393211,제너시스템즈 5WR,KOSDAQ,신주인수권증권,보통주,2011/07/27,2013/07/03,기초주권의 관리종목지정,2013/06/24,2013/07/02,,0,362306,,
1933,02867222,STX팬오션 1WR,KOSPI,신주인수권증권,보통주,2012/03/21,2013/06/24,주권의 상장폐지 또는 관리종목지정기준에 해당(신주인수권증권),2013/06/13,2013/06/21,,0,35812635,28670.0,팬오션
1934,036585,팜스코우B,KOSPI,주권,신형우선주,1999/10/25,2013/06/14,존속기간 만료,,,음식료·담배,500,1121763,36580.0,팜스코
1935,900010,3노드디지탈,KOSDAQ,외국주권,보통주,2007/08/17,2013/06/05,상장폐지 신청('13.05.08),2013/05/27,2013/06/04,일반서비스,0.1,60190178,,
1936,012410,글로스텍,KOSPI,주권,보통주,1989/09/29,2013/06/04,감사의견 의견거절,2013/05/24,2013/06/03,유통,500,15360536,,
1937,123300,부국퓨쳐스타즈스팩,KOSDAQ,주권,보통주,2010/10/29,2013/06/03,상장예비심사 청구서 미제출로 관리종목 지정 후 1개월 이내 동 사유 미해소,2013/05/23,2013/05/31,금융,500,6670000,,
1938,013365,일성건설우B,KOSPI,주권,신형우선주,2003/01/07,2013/05/15,존속기간 만료,,,건설,5000,581676,13360.0,일성건설
1939,033550,룩손에너지,KOSDAQ,주권,보통주,1998/01/13,2013/05/07,감사의견거절(감사범위 제한 및 계속기업으로서의 존속능력에 대한 불확실성),2013/04/25,2013/05/06,유통,500,17310645,,
1940,036920,지앤에스티,KOSDAQ,주권,보통주,1999/12/21,2013/05/07,감사의견거절(감사범위 제한),2013/04/25,2013/05/06,유통,500,13322977,,
1941,088700,마이스코,KOSDAQ,주권,보통주,2008/01/25,2013/05/04,감사의견거절(계속기업으로서의 존속능력에 대한 불확실성),2013/04/24,2013/05/03,금속,500,12583608,,
1942,028090,네오퍼플,KOSDAQ,주권,보통주,1996/11/29,2013/05/03,감사의견거절(감사범위 제한 및 계속기업으로서의 존속능력에 대한 불확실성),2013/04/23,2013/05/02,유통,500,21896328,,
1943,003190,알앤엘바이오,KOSPI,주권,보통주,1976/06/30,2013/05/03,감사의견 의견거절,2013/04/23,2013/05/02,제약,500,102002775,,
1944,051710,디에스,KOSDAQ,주권,보통주,2004/06/18,2013/05/01,감사의견거절(감사범위 제한 및 계속기업으로서의 존속능력에 대한 불확실성),2013/04/22,2013/04/30,IT부품,500,22216600,,
1945,009010,에듀언스,KOSDAQ,주권,보통주,1993/12/29,2013/05/01,감사의견거절(감사범위 제한 및 계속기업으로서의 존속능력에 대한 불확실성),2013/04/22,2013/04/30,일반서비스,500,2416942,,
1946,038720,유일엔시스,KOSDAQ,주권,보통주,2001/01/18,2013/05/01,감사의견 부적정,2013/04/22,2013/04/30,IT부품,500,19538631,,
1947,046840,자유투어,KOSDAQ,주권,보통주,2001/07/10,2013/05/01,감사의견거절(감사범위 제한) ,2013/04/22,2013/04/30,일반서비스,500,66759374,,
1948,004940,외환은행,KOSPI,주권,보통주,1994/04/04,2013/04/26,신청에 의한 상장폐지,,,은행,5000,644906826,,
1949,013780,아큐텍,KOSDAQ,주권,보통주,1997/08/18,2013/04/23,"기업의 계속성, 경영의 투명성 또는 기타 코스닥시장의 건전성 등을 종합적으로 고려하여 상장폐지가 필요하다고 인정",2013/04/12,2013/04/22,반도체,500,12073964,,
1950,071530,유에이블,KOSDAQ,주권,보통주,2004/02/17,2013/04/23,"기업의 계속성, 경영의 투명성 또는 기타 코스닥시장의 건전성 등을 종합적으로 고려하여 상장폐지가 필요하다고 인정",2013/04/12,2013/04/22,유통,500,23975047,,
1951,009280,다함이텍,KOSPI,주권,보통주,1988/09/27,2013/04/16,매출액 미달 2년 계속,2013/04/05,2013/04/15,일반서비스,5000,3986493,,
1952,006440,한일건설,KOSPI,주권,보통주,1993/01/30,2013/04/16,자본전액잠식,2013/04/05,2013/04/15,건설,5000,34422966,,
1953,026250,삼우이엠씨,KOSDAQ,주권,보통주,1995/11/04,2013/04/12,자본전액잠식,2013/04/03,2013/04/11,금속,500,33715545,,
1954,04067210,와이즈파워 4WR,KOSDAQ,신주인수권증권,보통주,2010/11/29,2013/04/12,기초주권의 관리종목지정,2013/04/03,2013/04/11,,0,1242450,,
1955,052650,이디디컴퍼니,KOSDAQ,주권,보통주,2001/12/18,2013/04/12,반기 재무제표에 대한 검토의견거절로 관리종목 지정후 자본잠식률 50% 이상,2013/04/03,2013/04/11,통신장비,500,12472000,,
1956,066060,휴먼텍코리아,KOSDAQ,주권,보통주,2002/08/16,2013/04/12,자본전액잠식,2013/04/03,2013/04/11,일반서비스,500,30000000,,
1957,093400,코리아05호,KOSPI,선박투자회사,보통주,2007/01/22,2013/04/10,감사의견 의견거절,2013/04/01,2013/04/09,일반서비스,5000,1502368,,
1958,093410,코리아06호,KOSPI,선박투자회사,보통주,2007/01/22,2013/04/10,감사의견 의견거절,2013/04/01,2013/04/09,일반서비스,5000,3331448,,
1959,099210,코리아07호,KOSPI,선박투자회사,보통주,2008/01/07,2013/04/10,감사의견 의견거절,2013/04/01,2013/04/09,일반서비스,5000,5042916,,
1960,068420,엔터기술,KOSDAQ,주권,보통주,2003/07/01,2013/04/06,"기업의 계속성, 경영의 투명성 또는 기타 코스닥시장의 건전성 등을 종합적으로 고려하여 상장폐지가 필요하다고 인정",2013/03/28,2013/04/05,전기·전자,500,16297923,,
1961,03355212,룩손에너지 1WR,KOSDAQ,신주인수권증권,보통주,2012/05/10,2013/04/05,기초주권의 관리종목지정,2013/03/27,2013/04/04,,0,167747,,
1962,123550,대신증권그로쓰스팩,KOSDAQ,주권,보통주,2010/08/24,2013/03/29,상장예비심사 청구서 미제출로 관리종목 지정 후 1개월 이내 동 사유 미해소,2013/03/20,2013/03/28,금융,1000,10960000,,
1963,123910,에스비아이앤솔로몬스팩,KOSDAQ,주권,보통주,2010/08/24,2013/03/29,상장예비심사 청구서 미제출로 관리종목 지정 후 1개월 이내 동 사유 미해소,2013/03/20,2013/03/28,금융,500,17000000,,
1964,123290,한국스팩1호,KOSDAQ,주권,보통주,2010/08/24,2013/03/29,상장예비심사 청구서 미제출로 관리종목 지정 후 1개월 이내 동 사유 미해소,2013/03/20,2013/03/28,금융,200,11290000,,
1965,08870212,마이스코 2WR,KOSDAQ,신주인수권증권,보통주,2012/02/03,2013/03/28,기초주권의 관리종목지정,2013/03/19,2013/03/27,,0,1928936,,
1966,016570,태평양제약,KOSPI,주권,보통주,1988/09/22,2013/03/15,신청에 의한 상장폐지,,,제약,5000,2108947,,
1967,016575,태평양제우,KOSPI,주권,구형우선주,1989/10/13,2013/03/15,신청에 의한 상장폐지,,,제약,5000,220000,,
1968,05853210,이큐스앤자루 1WR,KOSDAQ,신주인수권증권,보통주,2010/04/28,2013/03/14,신주인수권 행사기간 만료,,,,0,72177,,
1969,031920,신민저축은행,KOSDAQ,주권,보통주,1996/12/23,2013/02/27,2반기 연속 자본잠식률 50%이상,2013/02/18,2013/02/26,금융,5000,2436000,,
1970,034010,트라이써클,KOSDAQ,주권,보통주,2000/04/27,2013/02/21,"기업의 계속성, 경영의 투명성 또는 기타 코스닥시장의 건전성 등을 종합적으로 고려하여 상장폐지가 필요하다고 인정",2013/02/12,2013/02/20,일반서비스,500,16146288,,
1971,124050,한화SV스팩1호,KOSDAQ,주권,보통주,2010/07/09,2013/02/15,상장예비심사 청구서 미제출로 관리종목 지정후 1개월 이내 동 사유 미해소,2013/02/05,2013/02/14,금융,100,4200000,,
1972,07400210,엠텍비젼 3WR,KOSDAQ,신주인수권증권,보통주,2010/10/08,2013/02/13,기초주권의 관리종목지정,2013/02/01,2013/02/12,,0,2903070,,
1973,038120,AD모터스,KOSDAQ,주권,보통주,2000/08/24,2013/01/30,"기업의 계속성, 경영의 투명성 또는 기타 코스닥시장의 건전성 등을 종합적으로 고려하여 상장폐지가 필요하다고 인정",2013/01/21,2013/01/29,운송장비·부품,100,92937260,,
1974,007480,대한은박지,KOSPI,주권,보통주,1991/08/30,2013/01/28,해산 사유 발생,,,금속,500,61895859,,
1975,009385,아세아페우B,KOSPI,주권,신형우선주,2004/03/09,2013/01/23,해산 사유 발생,,,종이·목재,5000,2445531,,
1976,009380,아세아페이퍼텍,KOSPI,주권,보통주,1995/08/18,2013/01/23,해산 사유 발생,,,종이·목재,5000,6846807,,
1977,004010,롯데미도파,KOSPI,주권,보통주,1975/12/12,2013/01/22,해산 사유 발생,,,유통,5000,65148322,,
1978,014300,선진지주,KOSPI,주권,보통주,1994/01/14,2013/01/18,해산 사유 발생,,,음식료·담배,5000,1386000,,
1979,123160,히든챔피언스팩1호,KOSDAQ,주권,보통주,2010/06/11,2013/01/18,상장예비심사 청구서 미제출로 관리종목 지정후 1개월 이내 동 사유 미해소,2013/01/09,2013/01/17,금융,1000,16100000,,
1980,739012V1,러브코리아 1 A-e,KOSPI,수익증권,보통주,2008/04/15,2013/01/15,수익증권 기타(공익과 투자자 보호),,,,5000,1868168,71620.0,에이치디씨자산운용
1981,064420,케이피케미칼,KOSPI,주권,보통주,2002/06/21,2013/01/15,해산 사유 발생,,,화학,5000,98337782,,
1982,07815210,HB테크놀러지 1WR,KOSDAQ,신주인수권증권,보통주,2010/02/16,2013/01/07,신주인수권 행사기간 만료,,,,0,112487,78150.0,HB테크놀러지
1983,01800210,유니슨 1WR,KOSDAQ,신주인수권증권,보통주,2010/02/10,2012/12/29,신주인수권 행사기간 만료,,,,0,2975900,18000.0,유니슨
1984,122750,우리스팩1호,KOSPI,주권,보통주,2010/05/11,2012/12/21,SPAC 상장예비심사청구서 미제출 등,2012/12/11,2012/12/20,기타금융,5000,3980000,,
1985,0524221W,오성엘에스티1WR,KOSDAQ,신주인수권증권,보통주,2010/01/06,2012/12/14,신주인수권행사기간만료,,,,0,490390,52420.0,오성첨단소재
1986,015110,중앙건설,KOSPI,주권,보통주,1994/11/05,2012/12/11,보통주 주가수준미달,2012/11/30,2012/12/10,건설,5000,6589747,,
1987,046430,알에스넷,KOSDAQ,주권,보통주,2002/05/23,2012/12/05,"기업의 계속성, 경영의 투명성 또는 기타 코스닥시장의 건전성 등을 종합적으로 고려하여 상장폐지가 필요하다고 인정",2012/11/26,2012/12/04,유통,500,29971492,,
1988,045050,큐리어스,KOSDAQ,주권,보통주,2001/08/02,2012/11/27,"기업의 계속성, 경영의 투명성 또는 기타 코스닥시장의 건전성 등을 종합적으로 고려하여 상장폐지가 필요하다고 인정",2012/11/16,2012/11/26,정보기기,500,29520523,,
1989,0485521W,SM C&C 1WR,KOSDAQ,신주인수권증권,보통주,2010/01/22,2012/11/19,신주인수권 행사기간 만료,,,,0,76244,48550.0,SM C&C
1990,0027021W,신일산업 1WR,KOSPI,신주인수권증권,보통주,2010/01/05,2012/11/19,신주인수권증권 행사기간 및 행사의 만료,,,,0,427478,2700.0,신일전자
1991,047730,넷웨이브,KOSDAQ,주권,보통주,2001/05/10,2012/11/17,기업의 계속성 및 경영의 투명성 등을 종합적으로 고려하여 상장폐지 기준에 해당한다고 결정,2012/11/08,2012/11/16,통신장비,500,17279461,,
1992,042820,어울림 네트,KOSDAQ,주권,보통주,2000/07/11,2012/11/17,기업의 계속성 및 경영의 투명성 등을 종합적으로 고려하여 상장폐지 기준에 해당한다고 결정,2012/11/08,2012/11/16,통신장비,100,34396517,,
1993,048460,엑큐리스,KOSDAQ,주권,보통주,2000/12/14,2012/11/16,피흡수합병,,,IT부품,500,43582976,,
1994,026870,코원에너지서비스,KOSPI,주권,보통주,1995/12/21,2012/11/15,신청에 의한 상장폐지,2012/11/06,2012/11/14,전기·가스,5000,9700000,,
1995,707016TB,동양베트남2,KOSPI,수익증권,보통주,2008/01/31,2012/11/09,수익증권 기타(공익과 투자자 보호),,,,5000,2425820,47160.0,우리자산운용
1996,122290,동양밸류스팩,KOSPI,주권,보통주,2010/03/25,2012/11/07,SPAC 상장예비심사청구서 미제출 등,2012/10/29,2012/11/06,기타금융,500,4940000,,
1997,0234121W,유진기업 2WR,KOSDAQ,신주인수권증권,보통주,2010/01/06,2012/11/02,신주인수권 행사기간 만료,,,,0,5577855,23410.0,유진기업
1998,038990,넥스콘테크,KOSDAQ,주권,보통주,2000/05/23,2012/11/01,상장폐지신청('12.10.09),2012/10/23,2012/10/31,IT부품,500,17495128,,
1999,035210,티브로드도봉강북방송,KOSDAQ,주권,보통주,1999/08/27,2012/11/01,상장폐지신청('12.09.26),2012/10/23,2012/10/31,방송서비스,500,21382500,,
2000,043890,한빛방송,KOSDAQ,주권,보통주,2000/08/10,2012/11/01,상장폐지 신청('12.09.26),2012/10/23,2012/10/31,방송서비스,5000,14034252,,
2001,121950,미래에셋스팩1호,KOSDAQ,주권,보통주,2010/03/12,2012/10/23,상장예비심사 청구서 미제출로 관리종목 지정후 1개월 이내 동 사유 미해소,2012/10/12,2012/10/22,금융,500,13933334,,
2002,016560,서울저축은행,KOSPI,주권,보통주,1996/11/19,2012/10/17,자본잠식(자본금의 50/100이상 잠식) 2년 계속,2012/10/08,2012/10/16,기타금융,5000,76536000,,
2003,007200,진흥저축은행,KOSPI,주권,보통주,1985/04/09,2012/10/17,자본전액잠식,2012/10/08,2012/10/16,기타금융,5000,35000000,,
2004,121910,대우증권스팩,KOSPI,주권,보통주,2010/03/03,2012/10/15,SPAC 상장예비심사청구서 미제출 등,2012/10/04,2012/10/12,기타금융,1000,27007000,,
2005,016140,웨스테이트,KOSDAQ,주권,보통주,1994/03/18,2012/10/12,상장폐지신청('12.09.12),2012/10/02,2012/10/11,,1000,5000000,,
2006,073130,인스프리트,KOSDAQ,주권,보통주,2005/01/19,2012/10/12,자본잠식률 50% 이상으로 관리종목 지정 이후 최근 반기의 재무제표에 대한 감사인의 감사의견거절 등,2012/10/02,2012/10/11,소프트웨어,500,39085276,,
2007,071660,SSCP,KOSDAQ,주권,보통주,2005/10/18,2012/09/29,최종부도 발생,2012/09/20,2012/09/28,화학,500,40781382,,
2008,900150,성융광전투자,KOSDAQ,외국주권,보통주,2010/09/15,2012/09/26,감사의견거절(감사범위 제한 및 계속기업존속능력 불확실성),2012/09/17,2012/09/25,일반서비스,1,80290358,,
2009,050050,유아이에너지,KOSDAQ,주권,보통주,2000/12/21,2012/09/26,자본전액잠식,2012/09/17,2012/09/25,컴퓨터서비스,500,41562219,,
2010,034510,무한투자,KOSDAQ,주권,보통주,2000/04/14,2012/09/25,시가총액 40억원 미달,2012/09/14,2012/09/24,금융,500,10104638,,
2011,900030,연합과기,KOSPI,외국주권,보통주,2008/12/04,2012/09/14,감사의견 의견거절,2012/09/05,2012/09/13,일반서비스,5,20000000,,
2012,007150,동양텔레콤,KOSDAQ,주권,보통주,2000/07/25,2012/09/11,2회 연속 자본잠식률 50%이상,2012/08/31,2012/09/10,통신장비,500,89305510,,
2013,033280,어울림엘시스,KOSDAQ,주권,보통주,1997/11/10,2012/09/11,2반기 연속 자본잠식률 50%이상,2012/08/31,2012/09/10,소프트웨어,100,24632684,,
2014,038320,어울림정보,KOSDAQ,주권,보통주,2002/04/23,2012/09/08,2반기 연속 자본잠식률 50%이상,2012/08/30,2012/09/07,소프트웨어,100,23488731,,
2015,019260,엔케이바이오,KOSDAQ,주권,보통주,1996/01/04,2012/09/05,"기업의 계속성, 경영의 투명성 또는 기타 코스닥시장의 건전성 등을 종합적으로 고려하여 상장폐지 기준에 해당한다고 결정",2012/08/27,2012/09/04,제약,1000,68637280,,
2016,011800,배명금속,KOSPI,주권,보통주,1990/07/14,2012/09/03,최종부도발생,2012/08/23,2012/08/31,금속,500,103594415,,
2017,0010621W,JW중외제약 1WR,KOSPI,신주인수권증권,보통주,2009/10/13,2012/08/29,신주인수권증권 행사기간 및 행사의 만료,,,,0,1252394,1060.0,JW중외제약
2018,0091921W,대양금속 2WR,KOSPI,신주인수권증권,보통주,2009/10/09,2012/08/27,신주인수권증권 행사기간 및 행사의 만료,,,,0,7208601,9190.0,대양금속
2019,0012621W,남광토건 1WR,KOSPI,신주인수권증권,보통주,2009/11/06,2012/08/17,주권의 상장폐지 또는 관리종목지정기준에 해당(신주인수권증권),2012/08/07,2012/08/16,,0,10019334,1260.0,남광토건
2020,105070,금강제강,KOSDAQ,주권,보통주,2010/02/02,2012/08/14,최종부도 발생,2012/08/03,2012/08/13,금속,500,6792000,,
2021,0030621W,슈넬생명과학 6WR,KOSPI,신주인수권증권,보통주,2009/09/18,2012/08/03,신주인수권증권 행사기간 및 행사의 만료,,,,0,676713,3060.0,에이프로젠바이오로직스
2022,045260,디에이치패션,KOSDAQ,주권,보통주,2001/11/08,2012/08/01,"기업의 계속성, 경영의 투명성 또는 기타 코스닥시장의 건전성 등을 종합적으로 고려하여 상장폐지가 필요하다고 인정",2012/07/23,2012/07/31,유통,500,56463998,,
2023,007800,솔로몬저축은행,KOSPI,주권,보통주,1996/11/19,2012/07/25,"기업의 계속성, 경영의 투명성 및 기타 공익과 투자자 보호 등을 종합적으로 고려하여 상장폐지 기준에 해당한다고 결정",2012/07/16,2012/07/24,기타금융,5000,22802040,,
2024,025610,한국저축은행,KOSPI,주권,보통주,1995/03/17,2012/07/25,"기업의 계속성, 경영의 투명성 및 기타 공익과 투자자 보호 등을 종합적으로 고려하여 상장폐지 기준에 해당한다고 결정",2012/07/16,2012/07/24,기타금융,5000,16000000,,
2025,098400,엔스퍼트,KOSDAQ,주권,보통주,2008/01/30,2012/07/24,"기업의계속성, 경영의 투명성 또는 기타 코스닥시장의 건전성 등을 종합적으로 고려하여 상장폐지 기준에 해당한다고 결정",2012/07/13,2012/07/23,통신장비,100,13113705,,
2026,000470,그린손해보험,KOSPI,주권,보통주,1975/06/30,2012/07/16,자본전액잠식,2012/07/05,2012/07/13,보험,5000,26588686,,
2027,0110721W,LG이노텍 1WR,KOSPI,신주인수권증권,보통주,2009/08/24,2012/07/12,신주인수권증권 행사기간 및 행사의 만료,,,,0,322166,11070.0,LG이노텍
2028,733017R7,미래KTB2,KOSPI,수익증권,보통주,2005/09/15,2012/06/28,수익증권 신탁기간의 만료 또는 전액 중도 환수,,,,5000,3400000,47220.0,다올자산운용
2029,021060,한림창투,KOSDAQ,주권,보통주,2000/06/15,2012/06/27,"기업의계속성, 경영의 투명성 또는 기타 코스닥시장의 건전성 등을 종합적으로 고려하여 상장폐지 기준에 해당한다고 결정",2012/06/18,2012/06/26,금융,500,10025553,,
2030,004550,대우송도개발,KOSPI,주권,보통주,1978/07/31,2012/06/22,"기업의 계속성, 경영의 투명성 및 기타 공익과 투자자 보호 등을 종합적으로 고려하여 상장폐지 기준에 해당한다고 결정",2012/06/13,2012/06/21,유통,5000,46135450,,
2031,004555,대우송도개발1우,KOSPI,주권,구형우선주,1987/11/13,2012/06/22,"기업의 계속성, 경영의 투명성 및 기타 공익과 투자자 보호 등을 종합적으로 고려하여 상장폐지 기준에 해당한다고 결정",2012/06/13,2012/06/21,유통,5000,143386,,
2032,0672521W,STX조선해양 1WR,KOSPI,신주인수권증권,보통주,2009/07/30,2012/06/21,신주인수권증권 행사기간 및 행사의 만료,,,,0,4938884,,
2033,012400,허메스홀딩스,KOSPI,주권,보통주,1988/06/15,2012/06/12,감사의견 의견거절,2012/05/31,2012/06/11,전기·전자,500,5740349,,
2034,012405,허메스홀딩스우,KOSPI,주권,구형우선주,1989/11/07,2012/06/12,감사의견 의견거절,2012/05/31,2012/06/11,전기·전자,500,800,,
2035,008540,케이비물산,KOSPI,주권,보통주,1990/01/16,2012/06/08,감사의견 의견거절,2012/05/29,2012/06/07,유통,500,16974857,,
2036,067130,클루넷,KOSDAQ,주권,보통주,2002/06/17,2012/06/08,"기업의 계속성, 경영의 투명성 또는 기타 코스닥시장의 건전성 등을 종합적으로 고려하여 상장폐지 기준에 해당한다고 결정",2012/05/29,2012/06/07,컴퓨터서비스,500,5040873,,
2037,037240,평안물산,KOSDAQ,주권,보통주,1999/12/14,2012/06/01,감사의견거절(감사범위제한),2012/05/22,2012/05/31,IT부품,500,1714200,,
2038,065310,JH코오스,KOSDAQ,주권,보통주,2002/07/19,2012/05/31,기업의 계속성 및 경영의 투명성 등을 종합적으로 고려하여 상장폐지 기준에 해당한다고 결정,2012/05/21,2012/05/30,섬유·의류,500,38377223,,
2039,0366321W,온세텔레콤 3WR,KOSDAQ,신주인수권증권,보통주,2010/03/10,2012/05/29,신주인수권 행사기간 만료,,,,0,39246200,36630.0,세종텔레콤
2040,108890,거북선4호,KOSPI,선박투자회사,보통주,2009/03/06,2012/05/24,신청에 의한 상장폐지,,,일반서비스,5000,3042710,,
2041,001310,풍림산업,KOSPI,주권,보통주,1978/11/30,2012/05/18,최종부도발생,2012/05/09,2012/05/17,건설,5000,21520000,,
2042,053040,블루젬디앤씨,KOSDAQ,주권,보통주,2001/08/09,2012/05/17,감사의견거절(감사범위 제한 및 계속기업존속 불확실성),2012/05/08,2012/05/16,화학,500,12289414,,
2043,0014421W,대한전선 1WR,KOSPI,신주인수권증권,보통주,2009/06/23,2012/05/07,신주인수권증권 행사기간 및 행사의 만료,,,,0,15172492,1440.0,대한전선
2044,050470,CT&T,KOSDAQ,주권,보통주,2002/04/23,2012/05/01,감사 의견거절(감사범위 제한),2012/04/20,2012/04/30,운송장비·부품,500,27403947,,
2045,066690,보광티에스,KOSDAQ,주권,보통주,2008/10/06,2012/05/01,감사의견 거절(감사범위 제한 및 계속기업존속불확실성),2012/04/20,2012/04/30,금속,500,37833749,,
2046,015200,비앤비성원,KOSDAQ,주권,보통주,1997/01/17,2012/05/01,감사의견거절(감사범위제한),2012/04/20,2012/04/30,금속,500,153649804,,
2047,040740,아인스M&M,KOSDAQ,주권,보통주,2004/01/28,2012/05/01,감사의견거절(감사범위 제한 및 계속기업존속 불확실성),2012/04/20,2012/04/30,유통,100,29217403,,
2048,065610,폴리플러스,KOSDAQ,주권,보통주,2002/12/06,2012/05/01,감사의견거절(감사범위제한),2012/04/20,2012/04/30,화학,500,39540291,,
2049,0029921W,금호산업 2WR,KOSPI,신주인수권증권,보통주,2009/06/12,2012/04/30,신주인수권증권 행사기간 및 행사의 만료,,,,0,4503070,2990.0,금호건설
2050,0168821W,웅진홀딩스 1WR,KOSPI,신주인수권증권,보통주,2009/06/05,2012/04/30,신주인수권증권 행사기간 및 행사의 만료,,,,0,11039187,16880.0,웅진
2051,045470,에이프로테크놀로지,KOSDAQ,주권,보통주,2000/07/27,2012/04/24,사업보고서 법정제출기한 익일부터 10일 이내 미제출 등,2012/04/13,2012/04/23,의료·정밀기기,500,5162723,,
2052,068630,에피밸리,KOSDAQ,주권,보통주,2005/10/27,2012/04/24,사업보고서 법정제출기한 익일부터 10일 이내 미제출,2012/04/13,2012/04/23,IT부품,500,4264236,,
2053,0163821W,동부제철 1WR,KOSPI,신주인수권증권,보통주,2009/06/01,2012/04/23,신주인수권증권 행사기간 및 행사의 만료,,,,0,3580094,16380.0,KG스틸
2054,0163822W,동부제철 2WR,KOSPI,신주인수권증권,보통주,2010/08/16,2012/04/23,신주인수권증권 행사기간 및 행사의 만료,,,,0,1872647,16380.0,KG스틸
2055,098150,한국아태특별,KOSPI,투자회사,보통주,2007/09/05,2012/04/23,해산 사유 발생,,,기타금융,무액면,7328373,,
2056,002670,미주제강,KOSDAQ,주권,보통주,1995/01/04,2012/04/17,발행한 어음 또는 수표가 주거래은행에 의하여 최종부도로 결정되거나 거래은행에 의한 거래 정지,2012/04/05,2012/04/16,금속,500,44179882,,
2057,101790,케이알제2호,KOSPI,부동산투자회사,보통주,2008/05/08,2012/04/17,자본잠식(자본금의 50/100이상 잠식) 2년 계속,2012/04/05,2012/04/16,일반서비스,5000,5000000,,
2058,052350,코아에스앤아이,KOSDAQ,주권,보통주,2001/07/20,2012/04/17,감사의견거절(감사범위 제한),2012/04/05,2012/04/16,컴퓨터서비스,500,6952005,,
2059,042340,대국,KOSDAQ,주권,보통주,2000/06/22,2012/04/13,최근3사업연도중2사업연도자기자본 50%초과법인세비용차감전손실발생,2012/04/03,2012/04/12,유통,500,13681787,,
2060,056710,미리넷,KOSDAQ,주권,보통주,2002/01/10,2012/04/13,자본전액잠식,2012/04/03,2012/04/12,통신장비,500,55592019,,
2061,094700,미성포리테크,KOSDAQ,주권,보통주,2007/12/20,2012/04/13,자본전액잠식,2012/04/03,2012/04/12,IT부품,500,12544054,,
2062,056010,아이스테이션,KOSDAQ,주권,보통주,2002/08/13,2012/04/13,자본전액잠식 등,2012/04/03,2012/04/12,정보기기,500,23507337,,
2063,015390,엘앤씨피,KOSDAQ,주권,보통주,2001/08/09,2012/04/13,감사의견거절(감사범위제한),2012/04/03,2012/04/12,화학,100,34810061,,
2064,089480,평산,KOSDAQ,주권,보통주,2006/08/22,2012/04/13,감사의견거절(감사범위제한),2012/04/03,2012/04/12,금속,500,21419242,,
2065,0732421W,금호타이어 1WR,KOSPI,신주인수권증권,보통주,2011/04/12,2012/04/12,신주인수권증권 행사기간 및 행사의 만료,,,,0,3998389,73240.0,금호타이어
2066,01520211,비앤비성원 6WR,KOSDAQ,신주인수권증권,보통주,2011/04/28,2012/04/04,기초주권의 관리종목 지정,2012/03/26,2012/04/03,,0,6750082,,
2067,707016T4,동양베트남1,KOSPI,수익증권,보통주,2007/06/29,2012/03/30,수익증권 기타(공익과 투자자 보호),,,,5000,29076145,47160.0,우리자산운용
2068,037320,시노펙스그린테크,KOSDAQ,주권,보통주,2002/09/17,2012/03/19,피흡수합병,,,유통,500,75710749,,
2069,114130,거북선5호,KOSPI,선박투자회사,보통주,2009/10/01,2012/03/02,신청에 의한 상장폐지,,,일반서비스,5000,1610000,,
2070,114140,거북선6호,KOSPI,선박투자회사,보통주,2009/10/01,2012/03/02,신청에 의한 상장폐지,,,일반서비스,5000,1190000,,
2071,134000,거북선7호,KOSPI,선박투자회사,보통주,2010/11/10,2012/03/02,신청에 의한 상장폐지,,,일반서비스,5000,2000006,,
2072,0205621W,아시아나항공 1 WR,KOSPI,신주인수권증권,보통주,2009/04/10,2012/03/02,신주인수권증권 행사기간 및 행사의 만료,,,,0,6669397,20560.0,아시아나항공
2073,0002721W,기아자동차 1 WR,KOSPI,신주인수권증권,보통주,2009/04/01,2012/02/20,신주인수권증권 행사기간 및 행사의 만료,,,,0,757522,270.0,기아
2074,088960,씨티엘테크,KOSDAQ,주권,보통주,2006/06/30,2012/02/08,기업의 계속성 및 경영의 투명성 등을 종합적으로 고려하여 상장폐지 기준에 해당한다고 결정,2012/01/30,2012/02/07,IT부품,500,21239310,,
2075,037380,에이원마이크로,KOSDAQ,주권,보통주,2000/01/27,2012/02/01,기업의 계속성 및 경영의 투명성 등을 종합적으로 고려하여 상장폐지 기준에 해당한다고 결정,2012/01/19,2012/01/31,전기·전자,500,22142787,,
2076,046720,엔하이테크,KOSDAQ,주권,보통주,2002/10/10,2012/02/01,기업의 계속성 및 경영의 투명성 등을 종합적으로 고려하여 상장폐지 기준에 해당한다고 결정,2012/01/19,2012/01/31,IT부품,500,15936242,,
2077,093820,한국유전15-1,KOSPI,투자회사,보통주,2007/01/02,2012/02/01,해산 사유 발생,,,기타금융,무액면,40820000,,
2078,0020221W,코오롱 4WR,KOSPI,신주인수권증권,보통주,2009/03/04,2012/01/27,신주인수권증권 행사기간 및 행사의 만료,,,,0,185254,2020.0,코오롱
2079,12011210,코오롱인더스트리 2WR,KOSPI,신주인수권증권,보통주,2010/02/01,2012/01/27,신주인수권증권 행사기간 및 행사의 만료,,,,0,5872,120110.0,코오롱인더
2080,061050,지앤디윈텍,KOSDAQ,주권,보통주,2003/01/06,2012/01/20,기업의 계속성 및 경영의 투명성 등을 종합적으로 고려하여 상장폐지 기준에 해당한다고 결정,2012/01/11,2012/01/19,전기·전자,500,13386115,,
2081,032930,에이스앤파트너스,KOSDAQ,주권,보통주,1997/07/14,2012/01/18,피흡수합병,,,통신장비,500,16893659,,
2082,022520,코오롱아이넷,KOSPI,주권,보통주,2011/07/19,2012/01/11,해산 사유 발생,,,유통,500,81481540,,
2083,025340,그린기술투자,KOSDAQ,주권,보통주,2000/05/04,2011/12/28,기업의 계속성 및 경영의 투명성 등을 종합적으로 고려하여 상장폐지 기준에 해당한다고 결정,2011/12/19,2011/12/27,금융,500,19784978,,
2084,061140,엘앤피아너스,KOSDAQ,주권,보통주,2004/10/29,2011/12/28,"기업의 계속성, 경영의 투명성 또는 기타 코스닥시장의 건전성 등을 종합적으로 고려하여 상장폐지가 필요하다고 결정",2011/12/19,2011/12/27,통신장비,500,53203854,,
2085,025970,알덱스,KOSDAQ,주권,보통주,1995/09/07,2011/12/20,피흡수합병,,,금속,500,122666326,,
2086,054120,더체인지,KOSDAQ,주권,보통주,2002/06/18,2011/12/15,피흡수합병,,,오락·문화,500,114780987,,
2087,090090,디앤샵,KOSDAQ,주권,보통주,2006/06/12,2011/12/15,피흡수합병,,,인터넷,500,10849178,,
2088,09470210,미성포리테크 3WR,KOSDAQ,신주인수권증권,보통주,2010/12/17,2011/12/13,기초주권의 관리종목지정,2011/12/02,2011/12/12,,0,3778982,,
2089,026220,에스티씨라이프,KOSDAQ,주권,보통주,1995/10/06,2011/11/29,기업의 계속성 및 경영의 투명성 등을 종합적으로 고려하여 상장폐지 기준에 해당한다고 결정,2011/11/18,2011/11/28,유통,500,50503201,,
2090,701016SB,한국베트남혼합2,KOSPI,수익증권,보통주,2007/02/28,2011/11/29,수익증권 기타(공익과 투자자 보호),,,,5000,24830090,47240.0,한국투자신탁운용
2091,037540,네스테크,KOSDAQ,주권,보통주,1999/12/21,2011/11/26,"기업의 계속성, 경영의 투명성 또는 기타 코스닥시장의 건전성 등을 종합적으로 고려하여 상장폐지 기준에 해당한다고 결정",2011/11/17,2011/11/25,의료·정밀기기,500,63702412,,
2092,900020,코웰이홀딩스,KOSDAQ,외국주권,보통주,2008/01/29,2011/11/26,상장폐지신청('11.10.27),2011/11/17,2011/11/25,일반서비스,0.1,30000000,,
2093,094520,맵스베트남1,KOSPI,투자회사,보통주,2007/02/01,2011/11/24,신청에 의한 상장폐지,,,기타금융,무액면,24360821,,
2094,052810,아시아미디어홀딩스,KOSDAQ,주권,보통주,2001/12/13,2011/11/22,"기업의 계속성, 경영의 투명성 또는 기타 코스닥시장의 건전성 등을 종합적으로 고려하여 상장폐지 기준에 해당한다고 결정",2011/11/11,2011/11/21,소프트웨어,500,32287232,,
2095,74001AV5,도이치 와인펀드,KOSPI,수익증권,보통주,2008/07/16,2011/11/21,수익증권 신탁기간의 만료 또는 전액 중도 환수,,,,5000,627406,71750.0,도이치투자신탁운용
2096,0085421W,케이비물산 1WR,KOSPI,신주인수권증권,보통주,2009/09/21,2011/11/08,주권의 상장폐지 또는 관리종목지정기준에 해당(신주인수권증권),,,,0,2545779,,
2097,950030,네프로아이티,KOSDAQ,주식예탁증권,보통주,2009/04/24,2011/11/05,기업의 계속성 및 경영의 투명성 등을 종합적으로 고려하여 상장폐지 기준에 해당한다고 결정,2011/10/27,2011/11/04,,무액면,6600000,,
2098,00241210,범양건영 2WR,KOSPI,신주인수권증권,보통주,2010/11/16,2011/11/04,회생절차법인의 상장적격성 불인정,,,,0,4985640,2410.0,범양건영
2099,037550,클라스타,KOSDAQ,주권,보통주,2002/01/17,2011/10/26,"자본잠식률 50% 이상으로 관리종목 지정 후, 최근 반기의 재무제표에 대한 감사인의 감사의견 거절",2011/10/17,2011/10/25,정보기기,500,1645185,,
2100,040180,대양글로벌,KOSDAQ,주권,보통주,2000/07/20,2011/10/25,감사의견거절(감사범위 제한),2011/10/17,2011/10/24,컴퓨터서비스,500,29348084,,
2101,024100,제일저축은행,KOSPI,주권,보통주,1997/02/12,2011/10/14,자본전액잠식,2011/10/05,2011/10/13,기타금융,5000,12860000,,
2102,026540,제일창투,KOSDAQ,주권,보통주,2000/06/20,2011/10/14,감사의견거절(감사범위제한),2011/10/06,2011/10/13,금융,500,68000000,,
2103,037700,토자이홀딩스,KOSDAQ,주권,보통주,1999/12/24,2011/10/12,기업의 계속성 및 경영의 투명성 등을 종합적으로 고려하여 상장폐지 기준에 해당한다고 결정,2011/09/30,2011/10/11,유통,500,49347660,,
2104,054010,선팩테크,KOSDAQ,주권,보통주,2001/10/23,2011/10/06,감사의견거절(감사범위 제한 및 계속기업으로서의 존속능력에 대한 불확실성),2011/09/26,2011/10/05,IT부품,500,28612751,,
2105,042870,에코페트로시스템,KOSDAQ,주권,보통주,2000/06/27,2011/10/06,감사의견거절(감사범위 제한 및 계속기업으로서의 존속능력에 대한 불확실성),2011/09/26,2011/10/05,유통,500,8533338,,
2106,103150,하이트맥주,KOSPI,주권,보통주,2008/07/30,2011/09/26,해산 사유 발생,,,음식료·담배,5000,9563918,,
2107,103155,하이트맥주우,KOSPI,주권,구형우선주,2008/07/30,2011/09/26,해산 사유 발생,,,음식료·담배,5000,372935,,
2108,081090,씨모텍,KOSDAQ,주권,보통주,2007/11/14,2011/09/23,감사의견거절(감사범위 제한 및 계속기업으로서의 존속능력에 대한 불확실성) 등,2011/09/14,2011/09/22,통신장비,500,26500184,,
2109,052880,큐앤에스,KOSDAQ,주권,보통주,2001/07/24,2011/09/23,상장폐지사유 발생,2011/09/14,2011/09/22,일반서비스,500,49313688,,
2110,036840,히스토스템,KOSDAQ,주권,보통주,1999/12/24,2011/09/15,"기업의 계속성, 경영의 투명성 또는 기타 코스닥시장의 건전성등을 종합적으로 고려하여 상장폐지가  필요하다고 인정",2011/09/02,2011/09/14,일반서비스,500,29675245,,
2111,023020,동양매직,KOSDAQ,주권,보통주,2000/07/20,2011/09/14,피흡수합병,,,전기·전자,5000,8400000,,
2112,047600,세계투어,KOSDAQ,주권,보통주,2001/01/11,2011/09/09,자본잠식률 50% 이상으로 관리종목 지정 후 반기보고서 법정제출기한 익일부터 10일이내 반기검토(감사)보고서 미제출,2011/08/31,2011/09/08,일반서비스,500,1730357,,
2113,066340,케이에스알,KOSDAQ,주권,보통주,2003/02/07,2011/09/09,자본잠식률 50% 이상으로 관리종목 지정 후 반기보고서 법정제출기한 익일부터 10일 이내 반기 검토(감사)보고서 미제출,2011/08/31,2011/09/08,통신장비,500,72493060,,
2114,036550,에이스디지텍,KOSDAQ,주권,보통주,2003/01/07,2011/08/22,피흡수합병,,,IT부품,500,23206211,,
2115,050640,이룸지엔지,KOSDAQ,주권,보통주,2005/08/05,2011/08/20,"기업의 계속성, 경영의 투명성 또는 기타 코스닥시장의 건전성 등을 종합적으로 고려하여 상장폐지가 필요하다고 인정",2011/08/10,2011/08/19,운송장비·부품,500,45579387,,
2116,0045521W,대우차판매 2WR,KOSPI,신주인수권증권,보통주,2009/05/12,2011/08/16,주권의 상장폐지 또는 관리종목지정기준에 해당(신주인수권증권),,,,0,6575897,,
2117,022520,코오롱아이넷,KOSPI,주권,보통주,2001/09/13,2011/07/19,유가증권시장 상장,,,유통,500,81481540,,
2118,016510,현대DSF,KOSPI,주권,보통주,1994/12/27,2011/07/18,해산 사유 발생,,,유통,5000,9000000,,
2119,701016S6,한국베트남혼합1,KOSPI,수익증권,보통주,2006/09/26,2011/06/30,수익증권 기타(공익과 투자자 보호),,,,5000,14897665,47240.0,한국투자신탁운용
2120,034600,글로웍스,KOSDAQ,주권,보통주,1999/12/07,2011/06/29,자본잠식률 50%이상으로 관리종목 지정 후 반기 재무제표에 대한 감사의견 거절,2011/06/20,2011/06/28,일반서비스,500,17360288,,
2121,105380,다산리츠,KOSPI,부동산투자회사,보통주,2010/09/09,2011/06/24,감사의견 의견거절,2011/06/15,2011/06/23,일반서비스,1000,22000000,,
2122,052510,에코솔루션,KOSDAQ,주권,보통주,2001/12/18,2011/06/16,감사의견거절(감사범위 제한 및 계속기업으로서의 존속능력에 대한 불확실성),2011/06/07,2011/06/15,일반서비스,500,62283910,,
2123,039350,헤파호프,KOSDAQ,주권,보통주,2000/12/07,2011/06/16,기업의 계속성 및 경영의 투명성 등을 종합적으로 고려하여 상장폐지 기준에 해당한다고 결정,2011/06/07,2011/06/15,제약,500,34120221,,
2124,031950,에듀패스,KOSDAQ,주권,보통주,1996/12/23,2011/06/09,"기업의 계속성, 경영의 투명성 또는 기타 코스닥시장의 건전성 등을 종합적으로 고려하여 상장폐지가 필요하다고 인정",2011/05/30,2011/06/08,일반서비스,500,24138093,,
2125,005270,대구은행,KOSPI,주권,보통주,1972/05/12,2011/06/07,지주회사의 완전자회사화(지주회사 신규상장),,,은행,5000,132125000,,
2126,071955,코아스웰1우B,KOSPI,주권,신형우선주,2007/04/20,2011/05/26,종목별 상장폐지신청,,,기타제조,500,2173913,71950.0,코아스
2127,004620,캠브리지코오롱,KOSPI,주권,보통주,1988/05/19,2011/05/17,해산 사유 발생,,,섬유·의류,5000,4867732,,
2128,014590,티엘씨레저,KOSPI,주권,보통주,2000/01/06,2011/05/13,감사의견 의견거절,2011/05/02,2011/05/12,일반서비스,500,77079581,,
2129,017170,훈영,KOSPI,주권,보통주,1995/07/08,2011/05/13,감사의견 의견거절,2011/05/02,2011/05/12,일반서비스,500,2670326,,
2130,038710,BRN사이언스,KOSDAQ,주권,보통주,2002/02/19,2011/05/07,감사의견거절(계속기업으로서의 존속능력에 대한 불확실성),2011/04/27,2011/05/06,제약,500,15226169,,
2131,072530,나이스메탈,KOSDAQ,주권,보통주,2003/12/05,2011/05/07,감사의견거절(감사범위 제한 및 계속기업으로서의 존속능력에 대한 불확실성),2011/04/27,2011/05/06,금속,500,42517906,,
2132,030420,디패션,KOSDAQ,주권,보통주,1997/07/04,2011/05/07,감사의견 부적정,2011/04/27,2011/05/06,디지털컨텐츠,500,4048022,,
2133,033850,지노시스템,KOSDAQ,주권,보통주,1998/05/25,2011/05/07,감사의견거절(감사범위제한),2011/04/27,2011/05/06,기계·장비,500,8541871,,
2134,033855,지노시스템우,KOSDAQ,주권,신형우선주,2001/09/21,2011/05/07,감사의견거절(감사범위제한),2011/04/27,2011/05/06,기계·장비,500,1135,,
2135,019430,넥서스투자,KOSDAQ,주권,보통주,1989/12/08,2011/04/29,감사의견거절(감사범위제한),2011/04/20,2011/04/28,금융,500,80425575,,
2136,054150,뉴젠아이씨티,KOSDAQ,주권,보통주,2001/11/08,2011/04/29,감사의견거절(감사범위제한),2011/04/20,2011/04/28,유통,500,20913717,,
2137,088810,맥스브로,KOSDAQ,주권,보통주,2006/04/17,2011/04/29,감사의견거절(감사범위 제한 및 계속기업으로서의 존속능력에 대한 불확실성),2011/04/20,2011/04/28,화학,1000,7849967,,
2138,017160,세븐코스프,KOSDAQ,주권,보통주,1992/09/07,2011/04/29,감사의견거절(감사범위제한 및 계속기업으로서의 존속능력에 대한 불확실성),2011/04/20,2011/04/28,음식료·담배,500,54021124,,
2139,054170,엔빅스,KOSDAQ,주권,보통주,2001/10/11,2011/04/29,감사의견거절(감사범위 제한),2011/04/20,2011/04/28,컴퓨터서비스,500,20239997,,
2140,039040,유니텍전자,KOSDAQ,주권,보통주,2000/03/21,2011/04/29,감사의견거절(감사범위 제한 및 계속기업으로서의 존속능력에 대한 불확실성),2011/04/20,2011/04/28,유통,500,8034237,,
2141,043630,지앤알,KOSDAQ,주권,보통주,2000/07/04,2011/04/29,감사의견거절(감사범위 제한 및 계속기업으로서의 존속능력에 대한 불확실성),2011/04/20,2011/04/28,IT부품,500,60333797,,
2142,016160,오라바이오틱스,KOSPI,주권,보통주,1989/06/26,2011/04/26,공시서류 미제출(사업보고서) 후 10일이내 미제출,2011/04/15,2011/04/25,전기·전자,100,3894845,,
2143,016167,오라바이오틱스2우B,KOSPI,주권,신형우선주,2008/10/14,2011/04/26,공시서류 미제출(사업보고서) 후 10일이내 미제출,2011/04/15,2011/04/25,전기·전자,100,27376,,
2144,032290,알티전자,KOSDAQ,주권,보통주,1997/03/15,2011/04/23,사업보고서 법정제출기한 익일부터 10일 이내 미제출,2011/04/14,2011/04/22,IT부품,500,23538934,,
2145,049690,포휴먼,KOSDAQ,주권,보통주,2002/01/08,2011/04/23,사업보고서 법정제출기한 익일부터 10일이내 미제출,2011/04/14,2011/04/22,일반서비스,500,17122728,,
2146,037020,한와이어리스,KOSDAQ,주권,보통주,1999/11/16,2011/04/23,사업보고서 법정제출기한 익일부터 10일이내 미제출,2011/04/14,2011/04/22,인터넷,500,16614628,,
2147,060750,제이콤,KOSDAQ,주권,보통주,2002/04/11,2011/04/16,최종부도 발생,2011/04/07,2011/04/15,통신장비,500,42818215,,
2148,005350,봉신,KOSPI,주권,보통주,1988/08/12,2011/04/15,자본전액잠식,2011/04/06,2011/04/14,운송·창고,500,1971889,,
2149,013240,셀런,KOSPI,주권,보통주,1996/07/31,2011/04/15,자본전액잠식,2011/04/06,2011/04/14,전기·전자,500,61436176,,
2150,031990,대선조선,KOSDAQ,주권,보통주,1997/01/07,2011/04/13,자본전액잠식 등,2011/04/04,2011/04/12,운송장비·부품,5000,506000,,
2151,043680,스톰이앤에프,KOSDAQ,주권,보통주,2000/07/27,2011/04/13,자본전액잠식 등,2011/04/04,2011/04/12,오락·문화,500,15750730,,
2152,048640,엠엔에프씨,KOSDAQ,주권,보통주,2001/01/09,2011/04/13,자본전액잠식 등,2011/04/04,2011/04/12,화학,500,3608171,,
2153,030030,중앙디자인,KOSDAQ,주권,보통주,2001/12/04,2011/04/13,자본전액잠식,2011/04/04,2011/04/12,일반서비스,500,61825853,,
2154,019120,경윤하이드로,KOSDAQ,주권,보통주,1992/12/18,2011/04/06,기업의 계속성 및 경영의 투명성 등을 종합적으로 고려하여 상장폐지 기준에 해당한다고 결정,2011/03/28,2011/04/05,기계·장비,500,88519887,,
2155,06863220,에피밸리 4WR,KOSDAQ,신주인수권증권,보통주,2011/01/14,2011/04/02,기초주권의 관리종목지정,2011/03/24,2011/04/01,,0,2141637,,
2156,005280,부산은행,KOSPI,주권,보통주,1972/06/15,2011/03/30,지주회사의 완전자회사화(지주회사 신규상장),,,은행,5000,186683650,,
2157,037150,CJ인터넷,KOSDAQ,주권,보통주,1999/12/24,2011/03/22,씨제이이앤엠(주)에 피흡수합병,,,인터넷,500,22801263,,
2158,056200,엠넷미디어,KOSDAQ,주권,보통주,2002/01/29,2011/03/22,씨제이이앤엠(주)에 피흡수합병,,,방송서비스,500,65170746,,
2159,045710,온미디어,KOSPI,주권,보통주,2006/07/03,2011/03/22,해산 사유 발생,,,일반서비스,500,118097990,,
2160,0727121V,농심홀딩스 2WR,KOSPI,신주인수권증권,보통주,2009/09/28,2011/03/09,신주인수권증권 행사기간 및 행사의 만료,,,,0,958861,72710.0,농심홀딩스
2161,032380,핸디소프트,KOSDAQ,주권,보통주,1999/11/23,2011/03/03,기업의 계속성 및 경영의 투명성 등을 종합적으로 고려하여 상장폐지 기준에 해당한다고 결정,2011/02/21,2011/03/02,소프트웨어,500,52093484,,
2162,009720,전기초자,KOSPI,주권,보통주,1995/12/21,2011/02/16,신청에 의한 상장폐지,2011/02/07,2011/02/15,비금속,5000,8073375,,
2163,046240,에스브이에이치,KOSDAQ,주권,보통주,2000/11/07,2011/02/12,기업의 계속성 및 경영의 투명성 등을 종합적으로 고려하여 상장폐지 기준에 해당한다고 결정,2011/01/31,2011/02/11,인터넷,500,44919523,,
2164,735017S8,GB특별17호,KOSPI,수익증권,보통주,2006/11/07,2011/02/10,수익증권 신탁기간의 만료 또는 전액 중도 환수,,,,5000,13901416,86070.0,골든브릿지자산운용
2165,084450,세실,KOSDAQ,주권,보통주,2007/11/20,2011/02/10,감사의견거절(범위제한 및 계속기업 존속 불확실성),2011/01/27,2011/02/09,제약,500,12299995,,
2166,004149,동방전환상환3우B,KOSPI,주권,신형우선주,2007/09/13,2011/01/21,종목별 상장폐지신청,,,운송·창고,1000,1436780,4140.0,동방
2167,051820,아이피에스,KOSDAQ,주권,보통주,2005/11/11,2011/01/14,피흡수합병,,,반도체,500,16594003,,
2168,088020,네이쳐글로벌,KOSDAQ,주권,보통주,2006/12/19,2011/01/08,"기업의 계속성, 경영의 투명성 또는 기타 코스닥시장의 건전성 등을 종합적으로 고려하여 상장폐지 기준에 해당한다고 결정",2010/12/29,2011/01/07,반도체,500,64777386,,
2169,094950,지비베트남1,KOSPI,투자회사,보통주,2007/05/08,2011/01/05,해산 사유 발생,,,기타금융,무액면,8532512,,
2170,738017T4,칸서스사할린,KOSPI,수익증권,보통주,2007/06/27,2011/01/05,존속기간 만료,,,,5000,8000000,82410.0,칸서스
2171,082110,동북아8호,KOSPI,선박투자회사,보통주,2005/02/22,2011/01/04,종목별 상장폐지신청,,,일반서비스,5000,2381200,,
2172,086720,코크렙7호,KOSPI,부동산투자회사,보통주,2005/11/11,2010/12/29,존속기간 만료,,,일반서비스,5000,12000000,,
2173,088010,동북아21호,KOSPI,선박투자회사,보통주,2006/01/27,2010/12/28,존속기간 만료,,,일반서비스,5000,129996,,
2174,735017R6,골든특별8호,KOSPI,수익증권,보통주,2005/09/15,2010/12/24,수익증권 신탁기간의 만료 또는 전액 중도 환수,,,,5000,13000062,86070.0,골든브릿지자산운용
2175,052210,엠씨티티코어,KOSDAQ,주권,보통주,2002/12/23,2010/12/04,"기업의 계속성, 경영의 투명성 또는 기타 코스닥시장의 건전성 등을 종합적으로 고려하여 상장폐지 기준에 해당한다고 결정",2010/11/25,2010/12/03,통신장비,500,27080420,,
2176,101380,거북선2호,KOSPI,선박투자회사,보통주,2008/04/25,2010/12/03,신청에 의한 상장폐지,,,일반서비스,5000,2757190,,
2177,102000,거북선3호,KOSPI,선박투자회사,보통주,2008/04/25,2010/12/03,신청에 의한 상장폐지,,,일반서비스,5000,1218640,,
2178,047450,이앤텍,KOSDAQ,주권,보통주,2000/11/23,2010/11/30,"기업의 계속성, 경영의 투명성 또는 기타 코스닥시장의 건전성 등을 종합적으로 고려하여 상장폐지 기준에 해당한다고 결정",2010/11/19,2010/11/29,IT부품,500,81581416,,
2179,0300321W,중앙디자인 4WR,KOSDAQ,신주인수권증권,보통주,2010/01/06,2010/11/30,기초주권의 관리종목지정,2010/11/19,2010/11/29,,0,16491848,,
2180,078420,동북아1호,KOSPI,선박투자회사,보통주,2004/09/17,2010/11/29,신청에 의한 상장폐지,,,일반서비스,5000,3222000,,
2181,048140,태광이엔시,KOSDAQ,주권,보통주,2001/04/26,2010/11/25,"기업의 계속성, 경영의 투명성 또는 기타 코스닥시장의 건전성 등을 종합적으로 고려하여 상장폐지 기준에 해당한다고 결정",2010/11/16,2010/11/24,전기·전자,500,39417220,,
2182,044640,동부CNI,KOSDAQ,주권,보통주,2001/01/11,2010/11/22,피흡수합병,,,컴퓨터서비스,500,24921042,,
2183,048510,테스텍,KOSDAQ,주권,보통주,2001/06/14,2010/11/10,최근 사업연도말 기준으로 자본잠식률 100분의 50 이상 및 자기자본 10억원 미만의 사유로 관리종목으로 지정된 후 최근 반기말 외부감사인의 감사보고서상 계속기업 존속능력에 대한 불확실성으로 인한 의견거절 발생,2010/11/01,2010/11/09,반도체,500,14501677,,
2184,070080,하이드로젠파워,KOSDAQ,주권,보통주,2002/12/13,2010/11/06,최종부도,2010/10/28,2010/11/05,운송장비·부품,500,53599355,,
2185,71301ATA,산은협력지원 1,KOSPI,수익증권,보통주,2008/01/04,2010/11/05,수익증권 신탁기간의 만료 또는 전액 중도 환수,,,,5000,2070000,30880.0,멀티에셋자산운용
2186,030790,동양시스템즈,KOSPI,주권,보통주,2000/12/26,2010/11/02,유가증권시장 상장,,,일반서비스,500,27200000,,
2187,080410,동북아6호,KOSPI,선박투자회사,보통주,2004/11/30,2010/10/25,신청에 의한 상장폐지,,,일반서비스,5000,1368164,,
2188,738017T3,부산대특별자산,KOSPI,수익증권,보통주,2007/06/11,2010/10/20,수익증권 신탁기간의 만료 또는 전액 중도 환수,,,,5000,8000000,82410.0,칸서스
2189,052970,올리브나인,KOSDAQ,주권,보통주,2002/07/16,2010/10/20,"기업의 계속성, 경영의 투명성 또는 기타 코스닥시장의 건전성 등을 종합적으로 고려하여 상장폐지 기준에 해당한다고 결정",2010/10/11,2010/10/19,오락·문화,500,9322900,,
2190,013650,데코,KOSDAQ,주권,보통주,1996/01/20,2010/10/19,피흡수합병,,,섬유·의류,500,36064572,,
2191,084160,골든경매일호,KOSPI,투자회사,보통주,2005/07/27,2010/10/15,해산 사유 발생,,,기타금융,무액면,4100378,,
2192,058900,투미비티,KOSDAQ,주권,보통주,2004/10/29,2010/10/12,"기업의 계속성, 경영의 투명성 또는 기타 코스닥시장의 건전성 등을 종합적으로 고려하여 상장폐지 기준에 해당한다고 결정",2010/10/01,2010/10/11,소프트웨어,500,3500938,,
2193,71301ASC,산은 K-Power 1,KOSPI,수익증권,보통주,2007/03/16,2010/10/11,수익증권 신탁기간의 만료 또는 전액 중도 환수,,,,5000,1417681,30880.0,멀티에셋자산운용
2194,055250,다휘,KOSDAQ,주권,보통주,2001/12/06,2010/10/01,"기업의 계속성, 경영의 투명성 또는 기타 코스닥시장의 건전성 등을 종합적으로 고려하여 상장폐지 기준에 해당한다고 결정",2010/09/17,2010/09/30,기계·장비,100,169657735,,
2195,035400,브이에스에스티,KOSDAQ,주권,보통주,1999/08/27,2010/10/01,기업의 계속성 및 경영의 투명성 등을 종합적으로 고려하여 상장폐지가 필요하다고 인정,2010/09/17,2010/09/30,정보기기,500,37492032,,
2196,035405,브이에스에스티우,KOSDAQ,주권,신형우선주,2003/09/23,2010/10/01,기업의 계속성 및 경영의 투명성 등을 종합적으로 고려하여 상장폐지가 필요하다고 인정,2010/09/17,2010/09/30,정보기기,500,26000,,
2197,033030,지오엠씨,KOSDAQ,주권,보통주,1997/08/18,2010/09/25,"기업의 계속성, 경영의 투명성 또는 기타 코스닥시장의 건전성 등을 종합적으로 고려하여 상장폐지 기준에 해당한다고 결정",2010/09/13,2010/09/24,전기·전자,500,68111736,,
2198,041450,인네트,KOSDAQ,주권,보통주,2000/07/20,2010/09/14,최종부도 발생,2010/09/03,2010/09/13,컴퓨터서비스,1000,6593182,,
2199,089240,네오세미테크,KOSDAQ,주권,보통주,2006/12/22,2010/09/03,감사의견거절(감사범위 제한),2010/08/25,2010/09/02,정보기기,500,48031839,,
2200,058690,퓨쳐인포넷,KOSDAQ,주권,보통주,2003/12/29,2010/08/26,기업의 계속성 및 경영의 투명성 등을 종합적으로 고려하여 상장폐지가 필요하다고 인정,2010/08/17,2010/08/25,컴퓨터서비스,500,10764193,,
2201,041550,쎄라텍,KOSDAQ,주권,보통주,2000/07/11,2010/08/25,"기업의 계속성, 경영의 투명성 또는 기타 코스닥시장의 건전성 등을 종합적으로 고려하여 상장폐지 기준에 해당한다고 결정",2010/08/16,2010/08/24,IT부품,500,47961081,,
2202,732017R8,맵스프런티어13호,KOSPI,수익증권,보통주,2005/11/01,2010/08/12,수익증권 신탁기간의 만료 또는 전액 중도 환수,,,,1000,77139797,38860.0,미래에셋맵스자산
2203,012580,톰보이,KOSPI,주권,보통주,1988/09/01,2010/07/30,최종부도발생,2010/07/21,2010/07/29,섬유·의류,500,69623750,,
2204,018890,모라리소스,KOSDAQ,주권,보통주,1992/12/18,2010/07/22,"기업의 계속성, 경영의 투명성 또는 기타 코스닥시장의  건전성 등을 종합적으로 고려하여 상장폐지 기준에 해당한다고 결정",2010/07/13,2010/07/21,화학,500,5131481,,
2205,011050,케드콤,KOSPI,주권,보통주,1988/09/01,2010/07/22,감사의견 의견거절,2010/07/13,2010/07/21,전기·전자,500,7304292,,
2206,047710,액티투오,KOSDAQ,주권,보통주,2001/07/20,2010/07/21,"기업의 계속성, 경영의 투명성 또는 기타 코스닥시장의 건전성 등을 종합적으로 고려하여 상장폐지 기준에 해당한다고 결정",2010/07/12,2010/07/20,통신장비,500,26483756,,
2207,035830,메카포럼,KOSDAQ,주권,보통주,1999/12/03,2010/07/16,"기업의 계속성, 경영의 투명성 또는 기타 코스닥시장의 건전성 등을 종합적으로 고려하여 상장폐지 기준에 해당한다고 결정",2010/07/07,2010/07/15,오락·문화,500,50947079,,
2208,114410,현대푸드,KOSPI,주권,보통주,2009/12/17,2010/07/16,해산 사유 발생,,,일반서비스,500,17144000,,
2209,027840,고덴시,KOSPI,주권,보통주,1997/11/25,2010/07/14,해산 사유 발생,,,전기·전자,500,23065935,,
2210,036850,나리지*온,KOSDAQ,주권,보통주,1999/11/25,2010/07/14,피흡수합병,,,반도체,500,16804203,,
2211,084240,동북아15호,KOSPI,선박투자회사,보통주,2005/08/12,2010/07/13,신청에 의한 상장폐지,,,일반서비스,5000,1909057,,
2212,735017S9,GB특별18호,KOSPI,수익증권,보통주,2006/12/01,2010/07/05,수익증권 신탁기간의 만료 또는 전액 중도 환수,,,,5000,10400000,86070.0,골든브릿지자산운용
2213,004147,동방전환상환2우B,KOSPI,주권,신형우선주,2007/07/13,2010/06/29,종목별 상장폐지신청,,,운송·창고,1000,834720,4140.0,동방
2214,066300,샤인시스템,KOSDAQ,주권,보통주,2002/09/25,2010/06/29,"기업의 계속성, 경영의 투명성 또는 기타 코스닥시장의 건전성 등을 종합적으로 고려하여 상장폐지 기준에 해당한다고 결정",2010/06/18,2010/06/28,화학,500,24532217,,
2215,066930,에스디,KOSDAQ,주권,보통주,2003/01/24,2010/06/29,상장폐지신청('10.06.01),2010/06/18,2010/06/28,제약,500,8000000,,
2216,068770,선우중공업,KOSDAQ,주권,보통주,2005/05/20,2010/06/17,"기업의 계속성, 경영의 투명성 또는 기타 코스닥시장의 건전성 등을 종합적으로 고려하여 상장폐지 기준에 해당한다고 결정",2010/06/08,2010/06/16,기계·장비,500,2369473,,
2217,023670,알이엔,KOSDAQ,주권,보통주,2001/01/11,2010/06/17,"기업의 계속성, 경영의 투명성 또는 기타 코스닥시장의 건전성 등을 종합적으로 고려하여 상장폐지 기준에 해당한다고 결정",2010/06/08,2010/06/16,전기·전자,500,24006119,,
2218,071057,한국금융지주2우B,KOSPI,주권,신형우선주,2003/07/21,2010/06/04,존속기간 만료,,,기타금융,5000,2849787,71050.0,한국금융지주
2219,735017S3,GB13특별,KOSPI,수익증권,보통주,2006/06/15,2010/05/20,수익증권 신탁기간의 만료 또는 전액 중도 환수,,,,5000,2135463,86070.0,골든브릿지자산운용
2220,011400,케이씨오에너지,KOSPI,주권,보통주,1991/02/12,2010/05/20,최종부도발생,2010/05/11,2010/05/19,운송장비·부품,500,150979654,,
2221,067850,바이나믹,KOSDAQ,주권,보통주,2005/10/05,2010/05/19,당해 코스닥시장상장법인의 계속성 및 경영의 투명성 등을 종합적으로 고려한 결과 상장폐지기준에 해당한다고 결정,2010/05/10,2010/05/18,오락·문화,500,50234581,,
2222,007490,태창기업,KOSPI,주권,보통주,1976/12/28,2010/05/13,감사의견 의견거절,2010/05/03,2010/05/12,섬유·의류,500,32896850,,
2223,018410,현대금속,KOSPI,주권,보통주,1989/07/25,2010/05/13,감사의견 의견거절,2010/05/03,2010/05/12,유통,500,49867601,,
2224,018417,현대금속2우B,KOSPI,주권,신형우선주,2002/02/06,2010/05/13,감사의견 의견거절,2010/05/03,2010/05/12,유통,500,159342,,
2225,018415,현대금속우,KOSPI,주권,구형우선주,1989/12/02,2010/05/13,감사의견 의견거절,2010/05/03,2010/05/12,유통,500,1134,,
2226,085990,단성일렉트론,KOSDAQ,주권,보통주,2006/05/23,2010/05/08,감사의견거절(감사범위제한),2010/04/28,2010/05/07,반도체,500,82139027,,
2227,041320,보홍,KOSDAQ,주권,보통주,2000/08/08,2010/05/08,감사의견거절(감사범위제한),2010/04/28,2010/05/07,유통,500,13273123,,
2228,030390,쏠라엔텍,KOSDAQ,주권,보통주,1997/02/12,2010/05/08,감사의견거절(감사범위제한 및 계속기업 존속 불확실),2010/04/28,2010/05/07,유통,500,39517151,,
2229,074140,엑스로드,KOSDAQ,주권,보통주,2006/08/01,2010/05/08,감사범위제한으로 인한 의견거절,2010/04/28,2010/05/07,컴퓨터서비스,500,36602974,,
2230,053470,오페스,KOSDAQ,주권,보통주,2001/07/31,2010/05/08,감사범위제한으로 인한 감사의견 거절,2010/04/28,2010/05/07,통신장비,500,63631801,,
2231,041630,인젠,KOSDAQ,주권,보통주,2002/01/15,2010/05/08,감사범위제한으로 인한 의견거절,2010/04/28,2010/05/07,소프트웨어,500,88389541,,
2232,057100,하이스마텍,KOSDAQ,주권,보통주,2002/11/15,2010/05/08,감사의견거절(감사범위제한),2010/04/28,2010/05/07,소프트웨어,500,35292775,,
2233,058480,해원에스티,KOSDAQ,주권,보통주,2002/01/15,2010/05/08,감사범위제한으로 인한 감사의견거절,2010/04/28,2010/05/07,금속,500,30395889,,
2234,041030,이루넷,KOSDAQ,주권,보통주,2000/05/30,2010/05/05,감사범위제한으로 인한 감사의견 거절,2010/04/26,2010/05/04,일반서비스,500,26562599,,
2235,065410,지엔텍홀딩스,KOSDAQ,주권,보통주,2002/08/01,2010/05/05,감사의견거절(감사범위제한 및 계속기업 존속 불확실),2010/04/26,2010/05/04,기계·장비,500,24010371,,
2236,012090,성원건설,KOSPI,주권,보통주,1991/02/22,2010/05/03,감사의견 의견거절,2010/04/22,2010/04/30,건설,5000,44798281,,
2237,012095,성원건설우,KOSPI,주권,구형우선주,1994/11/22,2010/05/03,감사의견 의견거절,2010/04/22,2010/04/30,건설,5000,661514,,
2238,024870,유성티에스아이,KOSPI,주권,보통주,1997/08/27,2010/05/03,감사의견 의견거절,2010/04/22,2010/04/30,기계·장비,500,16579469,,
2239,069470,제로원인터랙티브,KOSPI,주권,보통주,2002/11/11,2010/05/03,감사의견 의견거절,2010/04/22,2010/04/30,일반서비스,500,13263451,,
2240,035710,CL,KOSDAQ,주권,보통주,1999/11/11,2010/05/01,감사범위제한으로 인한 감사의견거절,2010/04/22,2010/04/30,유통,500,30723831,,
2241,037110,JS,KOSDAQ,주권,보통주,2000/07/11,2010/05/01,감사의견거절(감사범위제한),2010/04/22,2010/04/30,컴퓨터서비스,500,4217054,,
2242,078670,아구스,KOSDAQ,주권,보통주,2007/07/27,2010/05/01,감사의견거절(감사범위제한 및 계속기업 존속 불확실),2010/04/22,2010/04/30,통신장비,500,13907346,,
2243,020070,에버리소스,KOSDAQ,주권,보통주,1994/12/29,2010/05/01,감사범위제한 및 계속기업존속능력에 대한 불확실성으로 인한 감사의견거절,2010/04/22,2010/04/30,유통,100,302694620,,
2244,020075,에버리소스우,KOSDAQ,주권,신형우선주,1994/12/29,2010/05/01,감사범위제한 및 계속기업존속능력에 대한 불확실성으로 인한 감사의견거절,2010/04/22,2010/04/30,유통,100,20000,,
2245,031440,신세계푸드,KOSPI,주권,보통주,2001/07/31,2010/04/29,유가증권시장 상장,,,일반서비스,5000,3428600,,
2246,002540,고제,KOSPI,주권,보통주,1989/10/12,2010/04/23,감사의견 의견거절,2010/04/14,2010/04/22,화학,500,11411390,,
2247,076090,테이크시스템,KOSDAQ,주권,보통주,2005/07/26,2010/04/23,감사의견거절(감사범위제한),2010/04/14,2010/04/22,기계·장비,500,13705681,,
2248,045290,포네이처,KOSDAQ,주권,보통주,2004/01/06,2010/04/23,사업보고서 법정제출기한 익일부터 10일이내 미제출,2010/04/14,2010/04/22,유통,500,30630938,,
2249,033190,폴켐,KOSDAQ,주권,보통주,1997/11/10,2010/04/23,사업보고서 법정제출기한 익일부터 10일이내 미제출,2010/04/14,2010/04/22,화학,500,12926510,,
2250,012420,메리츠종금,KOSPI,주권,보통주,1994/09/16,2010/04/21,해산 사유 발생,,,기타금융,500,122950720,,
2251,053440,성우몰드,KOSDAQ,주권,보통주,2001/08/21,2010/04/21,상장폐지신청('10.3.29),2010/04/12,2010/04/20,운송장비·부품,5000,830000,,
2252,048130,에스피코프,KOSDAQ,주권,보통주,2001/11/22,2010/04/20,최종부도 발생,2010/04/09,2010/04/19,유통,500,44764445,,
2253,704017T4,서울골든립3호,KOSPI,수익증권,보통주,2007/05/29,2010/04/19,수익증권 신탁기간의 만료 또는 전액 중도 환수,,,,5000,5800000,30580.0,유진자산운용
2254,033260,쌈지,KOSDAQ,주권,보통주,2001/02/01,2010/04/17,최종부도 발생,2010/04/08,2010/04/16,섬유·의류,500,55941473,,
2255,038690,에이스일렉,KOSDAQ,주권,보통주,2000/06/29,2010/04/17,감사의견거절(감사범위제한),2010/04/08,2010/04/16,IT부품,500,13456926,,
2256,001600,서광건설,KOSPI,주권,보통주,1989/11/16,2010/04/15,자본전액잠식,2010/04/06,2010/04/14,건설,500,6795730,,
2257,065340,쓰리디월드,KOSDAQ,주권,보통주,2002/09/26,2010/04/15,감사의견거절(감사범위제한),2010/04/06,2010/04/14,정보기기,500,2105962,,
2258,017300,에이치비이에너지,KOSPI,주권,보통주,1995/11/10,2010/04/15,자본전액잠식,2010/04/06,2010/04/14,전기·전자,100,173067672,,
2259,034660,제넥셀,KOSDAQ,주권,보통주,1999/05/14,2010/04/15,감사범위제한으로 인한 감사의견 거절,2010/04/06,2010/04/14,의료·정밀기기,500,79981712,,
2260,004820,조인에너지,KOSPI,주권,보통주,1990/06/04,2010/04/15,자본전액잠식,2010/04/06,2010/04/14,유통,500,20966570,,
2261,0732421W,금호타이어 1WR,KOSPI,신주인수권증권,보통주,2009/05/26,2010/04/14,주권의 상장폐지 또는 관리종목지정기준에 해당(신주인수권증권),,,,0,14146386,73240.0,금호타이어
2262,108070,삼성이미징,KOSPI,주권,보통주,2009/03/10,2010/04/14,해산 사유 발생,,,의료·정밀기기,5000,23870000,,
2263,051810,모보,KOSDAQ,주권,보통주,2001/07/18,2010/04/13,최근 3사업연도 연속 자기자본 50%초과 법인세비용차감전 계속사업손실 등,2010/04/02,2010/04/12,전기·전자,500,11271000,,
2264,079560,모젬,KOSDAQ,주권,보통주,2005/12/27,2010/04/13,최근 3사업연도 연속 자기자본 대비 50% 초과 법인세 비용차감전계속사업손실 발생,2010/04/02,2010/04/12,IT부품,500,15446649,,
2265,064060,사이노젠,KOSDAQ,주권,보통주,2002/07/30,2010/04/13,자본전액잠식,2010/04/02,2010/04/12,기계·장비,500,8194128,,
2266,046350,에듀아크,KOSDAQ,주권,보통주,2000/08/24,2010/04/13,최근 3사업연도 연속 자기자본 대비 50% 초과 법인세 비용차감전계속사업손실 발생,2010/04/02,2010/04/12,IT부품,500,5987544,,
2267,060670,유퍼트,KOSDAQ,주권,보통주,2003/06/17,2010/04/13,자본전액잠식,2010/04/02,2010/04/12,IT부품,500,4028863,,
2268,032030,일공공일안경,KOSDAQ,주권,보통주,1997/01/23,2010/04/13,자본전액잠식,2010/04/02,2010/04/12,유통,500,27772004,,
2269,015170,중앙바이오텍,KOSDAQ,주권,보통주,2000/08/24,2010/04/13,자본전액잠식,2010/04/02,2010/04/12,제약,500,19593169,,
2270,008340,코레스,KOSDAQ,주권,보통주,1992/12/29,2010/04/13,자본전액잠식,2010/04/02,2010/04/12,금속,1000,5360098,,
2271,73401ATA,롯데순한한우펀드,KOSPI,수익증권,보통주,2007/12/26,2010/04/10,수익증권 신탁기간의 만료 또는 전액 중도 환수,,,,5000,1294206,44430.0,코레이트자산운용
2272,045880,유티엑스,KOSDAQ,주권,보통주,2002/02/07,2010/04/10,기업의 계속성 및 경영의 투명성 등을 종합적으로 고려하여 상장폐지가 필요하다고 인정,2010/04/01,2010/04/09,통신장비,500,13906207,,
2273,05671210,미리넷 1WR,KOSDAQ,신주인수권증권,보통주,2010/01/13,2010/04/06,관리종목지정,,,,0,1237209,,
2274,017050,스타맥스,KOSDAQ,주권,보통주,1994/06/28,2010/04/05,"기업의 계속성, 경영의 투명성 또는 기타 코스닥시장의 건전성 등을 종합적으로 고려하여 상장폐지가 필요하다고 인정 ",2010/03/25,2010/04/02,유통,500,17063300,,
2275,054020,GK파워,KOSDAQ,주권,보통주,2002/05/07,2010/04/03,최종부도,2010/03/25,2010/04/02,정보기기,500,9511281,,
2276,084810,아이알디,KOSDAQ,주권,보통주,2006/06/27,2010/04/01,당해 코스닥시장상장법인의 계속성 및 경영의 투명성 등을 종합적으로 고려한 결과 상장폐지기준에 해당한다고 결정,2010/03/23,2010/03/31,기계·장비,1000,39327052,,
2277,017010,제너비오믹스,KOSDAQ,주권,보통주,2003/01/28,2010/03/26,- 주된 영업이 정지되어 코스닥시장상장규정 제38조제2항제1호(삭제 ‘09.12.2)의 상장폐지기준 해당 / 기업의 계속성 및 경영의 투명성 등을 종합적으로 고려한 결과 코스닥시장상장규정 제38조제2항제5호라목(신설 ‘09.12.2)의 상장폐지기준 해당 ,2010/03/17,2010/03/25,의료·정밀기기,500,62520463,,
2278,702017T6,하나UBS특별1,KOSPI,수익증권,보통주,2007/07/30,2010/03/22,수익증권 신탁기간의 만료 또는 전액 중도 환수,,,,5000,6321736,47150.0,하나자산운용
2279,004025,현대제철 1우B,KOSPI,주권,신형우선주,2000/04/12,2010/03/22,존속기간 만료,,,금속,5000,416556,4020.0,현대제철
2280,008320,한국기술산업,KOSPI,주권,보통주,1989/09/29,2010/03/11,감사의견 의견거절,2010/03/02,2010/03/10,전기·전자,500,104477933,,
2281,015050,비전하이테크,KOSDAQ,주권,보통주,1994/01/06,2010/03/09,"기업의 계속성, 경영의 투명성 또는 기타 코스닥시장의 건전성 등을 종합적으로 고려하여 상장폐지가 필요하다고 인정",2010/02/25,2010/03/08,IT부품,500,13061165,,
2282,041800,코디콤,KOSDAQ,주권,보통주,2001/12/13,2010/03/09,"기업의 계속성, 경영의 투명성 또는 기타 코스닥시장의 건전성 등을 종합적으로 고려하여 상장폐지가 필요하다고 인정",2010/02/25,2010/03/08,통신장비,500,74574394,,
2283,056850,코어비트,KOSDAQ,주권,보통주,2001/12/20,2010/03/09,"기업의 계속성, 경영의 투명성 또는 기타 코스닥시장의 건전성 등을 종합적으로 고려하여 상장폐지가 필요하다고 인정",2010/02/25,2010/03/08,정보기기,500,30080988,,
2284,078700,신지소프트,KOSDAQ,주권,보통주,2004/10/29,2010/02/27,시가총액 40억원 미달,2010/02/18,2010/02/26,소프트웨어,500,4363506,,
2285,031960,동산진흥,KOSDAQ,주권,보통주,1996/12/23,2010/02/20,"기업의 계속성, 경영의 투명성 또는 기타 코스닥시장의 건전성 등을 종합적으로 고려하여 상장폐지기준에 해당한다고 결정",2010/02/10,2010/02/19,섬유·의류,500,29748331,,
2286,067950,티이씨,KOSDAQ,주권,보통주,2004/01/26,2010/02/20,당해 코스닥시장상장법인의 계속성 및 경영의 투명성 등을 종합적으로 고려한 결과 상장폐지기준에 해당한다고 결정,2010/02/10,2010/02/19,기계·장비,500,26535970,,
2287,045400,이롬텍,KOSDAQ,주권,보통주,2001/08/17,2010/02/11,"정기보고서 미제출로 관리종목 지정후 법정제출기한내 사업보고서 미제출, 2회 연속 정기주주총회 미개최 또는 재무제표 미승인, 자본전액잠식 ",2010/02/02,2010/02/10,IT부품,500,7751337,,
2288,037830,글로포스트,KOSDAQ,주권,보통주,2002/02/05,2010/02/09,"기업의 계속성, 경영의 투명성 또는 기타 코스닥시장의 건전성 등을 종합적으로 고려하여 상장폐지가 필요하다고 인정",2010/01/29,2010/02/08,금속,500,39792284,,
2289,080140,디보스,KOSDAQ,주권,보통주,2005/05/27,2010/02/02,자본잠식률 50%이상사유로 관리종목지정후 반기 감사의견 부적정,2010/01/29,2010/02/01,통신장비,500,5039871,,
2290,047940,비엔디,KOSDAQ,주권,보통주,2001/06/21,2010/01/29,당해 코스닥시장상장법인의 계속성 및 경영의 투명성 등을 종합적으로 고려한 결과 상장폐지기준에 해당한다고 결정,2010/01/20,2010/01/28,음식료·담배,500,2910085,,
2291,71305AV5,산은화성남양동 3,KOSPI,수익증권,보통주,2008/08/04,2010/01/29,수익증권 신탁기간의 만료 또는 전액 중도 환수,,,,5000,3029940,30880.0,멀티에셋자산운용
2292,037510,굿라이프10-MF,KOSDAQ,투자회사,보통주,2000/02/25,2010/01/26,자본시장과금융투자업에관한법률 제202조제1항에 의한 해산사유에 해당하는 경우,,,금융,무액면,750800,,
2293,083120,동북아9호,KOSPI,선박투자회사,보통주,2005/05/27,2010/01/20,신청에 의한 상장폐지,,,일반서비스,5000,1259690,,
2294,000610,제일화재,KOSPI,주권,보통주,1976/06/05,2010/01/20,해산 사유 발생,,,보험,5000,26774374,,
2295,015940,LG데이콤,KOSPI,주권,보통주,1993/01/30,2010/01/15,해산 사유 발생,,,통신,5000,83287151,,
2296,045820,LG파워콤,KOSPI,주권,보통주,2008/11/27,2010/01/15,해산 사유 발생,,,통신,5000,133400000,,
